ctgry,media_jp,title_pickup,title_articles,link_pickup,link_articles,date_original
top-picks,テレビ朝日系（ANN）,首相 支持率下落の原因分からない,7/27(月) 10:25,https://news.yahoo.co.jp/pickup/6589461,https://news.yahoo.co.jp/articles/e5083a564a80bd0b1de0fac66aa49e04c49523ea,7/27(月) 10:25
top-picks,中央日報日本語版,金与正氏 ARFの非核化声明に反発,7/27(月) 10:16,https://news.yahoo.co.jp/pickup/6589460,https://news.yahoo.co.jp/articles/83d412f253ea593bc2a05a2b9c784292dfa80d8c,7/27(月) 10:16
top-picks,Full-Count,村上宗隆の母が始球式 称賛の声,7/27(月) 9:58,https://news.yahoo.co.jp/pickup/6589457,https://news.yahoo.co.jp/articles/c797148ff157b5ea6a778f88456e6c6b8a8d0562,7/27(月) 9:58
top-picks,TBS NEWS DIG Powered by JNN,県議公開の音声 改ざん痕見られず,7/27(月) 9:51,https://news.yahoo.co.jp/pickup/6589454,,7/27(月) 9:51
top-picks,FBS福岡放送,住宅火災 子ども2人含む4人死亡,7/27(月) 9:41,https://news.yahoo.co.jp/pickup/6589456,https://news.yahoo.co.jp/articles/8832691d07ef99f5a017c083e2dd419db7c1bd3d,7/27(月) 9:41
top-picks,RKB毎日放送,住宅が焼ける火事 3人死亡確認,7/27(月) 9:27,https://news.yahoo.co.jp/pickup/6589455,https://news.yahoo.co.jp/articles/1bff1cc7d39ca9231a06d6900e41ee64d517678f,7/27(月) 9:27
top-picks,スポーツ報知,VIVANT世帯視聴率18%超の好発進,7/27(月) 9:22,https://news.yahoo.co.jp/pickup/6589452,https://news.yahoo.co.jp/articles/8de8a3d4c30a56ce6190504273c33fa63db9fef3,7/27(月) 9:22
top-picks,共同通信,錦織圭 戦う決断できなくなった,7/27(月) 9:13,https://news.yahoo.co.jp/pickup/6589453,https://news.yahoo.co.jp/articles/943a34548cb45700ae9148384e0abb93ae1b889a,7/27(月) 9:13
top-picks,朝日新聞,露大統領 侵攻継続の意欲変わらず,7/27(月) 8:58,https://news.yahoo.co.jp/pickup/6589451,https://news.yahoo.co.jp/articles/e8f34570a2e3711a095485cfe0fedb0b0470ca78,7/27(月) 8:58
top-picks,共同通信,錦織圭 引退表明後初の記者会見,7/27(月) 8:57,https://news.yahoo.co.jp/pickup/6589450,https://news.yahoo.co.jp/articles/943a34548cb45700ae9148384e0abb93ae1b889a,7/27(月) 8:57
top-picks,tenki.jp,各地で猛烈な暑さ 九州で酷暑日か,7/27(月) 8:50,https://news.yahoo.co.jp/pickup/6589447,https://news.yahoo.co.jp/articles/2cdbc18d8ddae9991a0254d53ddcd5756fc767b5,7/27(月) 8:50
top-picks,RKB毎日放送,住宅焼ける 子2人含む4人意識不明,7/27(月) 8:47,https://news.yahoo.co.jp/pickup/6589449,https://news.yahoo.co.jp/articles/1bff1cc7d39ca9231a06d6900e41ee64d517678f,7/27(月) 8:47
top-picks,スポーツ報知,陽岱鋼が引退へ 日ハムなどで活躍,7/27(月) 8:22,https://news.yahoo.co.jp/pickup/6589442,https://news.yahoo.co.jp/articles/5455eb88bb07b89615ea182dc5cc3edf3c0eeb7a,7/27(月) 8:22
top-picks,日刊スポーツ,VIVANT 鬼滅やコナン声優も出演,7/27(月) 8:17,https://news.yahoo.co.jp/pickup/6589444,https://news.yahoo.co.jp/articles/25376ae588c05b5717324d79fd0ec102d85f7307,7/27(月) 8:17
top-picks,朝日新聞,独LGBTQ祭典襲撃 容疑者が死亡,7/27(月) 8:07,https://news.yahoo.co.jp/pickup/6589443,https://news.yahoo.co.jp/articles/782b148c44b62c244d176bf7f94f3cd4b9b55219,7/27(月) 8:07
top-picks,ロイター,イラン 米が攻撃停止なら報復停止,7/27(月) 7:45,https://news.yahoo.co.jp/pickup/6589440,https://news.yahoo.co.jp/articles/89bf7903215a76cc3f8492311f6dc7806438fea2,7/27(月) 7:45
top-picks,共同通信,主食用米 20県で増産の見込み,7/27(月) 7:41,https://news.yahoo.co.jp/pickup/6589438,https://news.yahoo.co.jp/articles/52efb771b848fa88af6337bc18552dd172a4f202,7/27(月) 7:41
top-picks,共同通信,イスラエル首相 NY訪問に意欲,7/27(月) 7:37,https://news.yahoo.co.jp/pickup/6589439,https://news.yahoo.co.jp/articles/f47443d990b8cb51307585c8bd4084f2135da0de,7/27(月) 7:37
top-picks,ITmedia ビジネスオンライン,低価格帯のかつや 客離れ進む訳,7/27(月) 7:33,https://news.yahoo.co.jp/pickup/6589436,https://news.yahoo.co.jp/articles/cd5e92c997de8da74665f9d1c739b6290ac85e49,7/27(月) 7:33
top-picks,TNCテレビ西日本,路上に寝ていたか 男性ひかれ死亡,7/27(月) 7:19,https://news.yahoo.co.jp/pickup/6589437,https://news.yahoo.co.jp/articles/bf43114d80e6fef8bb9e21e6e44cb6b7d5713a75,7/27(月) 7:19
top-picks,共同通信,国道で車同士が正面衝突 男性死亡,7/27(月) 6:55,https://news.yahoo.co.jp/pickup/6589434,,7/27(月) 6:55
top-picks,読売新聞オンライン,高市内閣支持率が急落57% 読売,7/27(月) 6:46,https://news.yahoo.co.jp/pickup/6589433,https://news.yahoo.co.jp/articles/4caed0a509d21d9b670e4664ba4f81f4fbf0d6a3,7/27(月) 6:46
top-picks,テレビ静岡NEWS,富士山頂で台湾女性意識失う 搬送,7/27(月) 6:38,https://news.yahoo.co.jp/pickup/6589432,https://news.yahoo.co.jp/articles/628b0dd392d8828d02bed7127c34a80ac80d130e,7/27(月) 6:38
top-picks,デイリースポーツ,ウルフ絞め落とされる 会場騒然,7/27(月) 6:25,https://news.yahoo.co.jp/pickup/6589431,https://news.yahoo.co.jp/articles/ed84b0b7fc4e39b3d9df1d38de3b2f390af130dc,7/27(月) 6:25
top-picks,スポーツ報知,村上宗隆が大暴れ 1試合で2本塁打,7/27(月) 6:08,https://news.yahoo.co.jp/pickup/6589430,https://news.yahoo.co.jp/articles/fe8886e0a70f18f43ac46f5ae536b53264aba35f,7/27(月) 6:08
top-picks,共同通信,消費減税の可否 自民で意見集約案,7/26(日) 23:25,https://news.yahoo.co.jp/pickup/6589429,https://news.yahoo.co.jp/articles/8643e74a6c7edb9a582288dceceff7b0db77a446,7/26(日) 23:25
top-picks,スポニチアネックス,VIVANT事前公表ないキャスト次々,7/26(日) 23:17,https://news.yahoo.co.jp/pickup/6589428,https://news.yahoo.co.jp/articles/85807326c3ca8ad0f8f9e27543c8e0bcc328e53d,7/26(日) 23:17
top-picks,スポニチアネックス,VIVANT続編 サプライズの連続,7/26(日) 22:58,https://news.yahoo.co.jp/pickup/6589427,https://news.yahoo.co.jp/articles/85807326c3ca8ad0f8f9e27543c8e0bcc328e53d,7/26(日) 22:58
top-picks,サンケイスポーツ,大谷翔平 危機的なPS二刀流,7/26(日) 22:39,https://news.yahoo.co.jp/pickup/6589426,https://news.yahoo.co.jp/articles/7c6f84853d92c6238207c683165f3f407b18eca6,7/26(日) 22:39
top-picks,Media info not found,天心 宿敵・井上拓真にどう雪辱,ボクシングの「Prime Video Boxing16」（9月27日、トヨタアリーナ東京）の開催発表会見が23日、東京都新宿区歌舞伎町で行われ、WBC世界バンタム級タイトルマッチで王者・井上拓真（30＝大橋）が同級1位の那須川天心（27＝帝拳）の挑戦を受けることが決まった。両者は昨年11月の同王座決定戦で激突し、拓真が判定勝ちしているが、10ヶ月ぶりの再戦となる。一般公開で行われた会見は大きな盛り上がりがないまま不完全燃焼に終わった。注目すべきは、両者がこの10ヶ月でどう進化し、再戦にどう臨むかだろう。,https://news.yahoo.co.jp/pickup/6589423,https://news.yahoo.co.jp/articles/9e958a53fa999e0dfaa11347550e2ab0c8a124b7,7/26(日) 22:33
top-picks,日刊スポーツ,角田夏実さんVIVANTでバルカ人役,7/26(日) 22:29,https://news.yahoo.co.jp/pickup/6589424,https://news.yahoo.co.jp/articles/5ef1f9ae58e48f67cf734a080e96d7ca49d9e2d0,7/26(日) 22:29
top-picks,集英社オンライン,小柳ルミ子 W杯全試合リアタイで,7/26(日) 22:20,https://news.yahoo.co.jp/pickup/6589422,https://news.yahoo.co.jp/articles/be5440ad7adf7e73873daac5853e077d2e5f295b,7/26(日) 22:20
top-picks,Bloomberg,イラン報復休止 米軍攻撃停止受け,7/26(日) 22:20,https://news.yahoo.co.jp/pickup/6589421,,7/26(日) 22:20
top-picks,文春オンライン,半年で70kg減量 体はボロボロに,7/26(日) 22:15,https://news.yahoo.co.jp/pickup/6589425,https://news.yahoo.co.jp/articles/9f23671a4399e0983a6cb7c1ab0dfb297cc5daa6,7/26(日) 22:15
top-picks,文春オンライン,半年で70kg減量 無茶な方法だった,7/26(日) 21:56,https://news.yahoo.co.jp/pickup/6589419,https://news.yahoo.co.jp/articles/9f23671a4399e0983a6cb7c1ab0dfb297cc5daa6,7/26(日) 21:56
top-picks,オリコン,ILLIT公演にHANAの2人 どよめき,7/26(日) 21:50,https://news.yahoo.co.jp/pickup/6589420,https://news.yahoo.co.jp/articles/e7d6dc10c8ddc0f7b8457e610e5c7ed5c4f36be6,7/26(日) 21:50
top-picks,オリコン,ILLIT公演にHANAメンバー 歓声,7/26(日) 21:38,https://news.yahoo.co.jp/pickup/6589418,https://news.yahoo.co.jp/articles/e7d6dc10c8ddc0f7b8457e610e5c7ed5c4f36be6,7/26(日) 21:38
top-picks,共同通信,大阪自民 年内にも副首都なるべき,7/26(日) 21:37,https://news.yahoo.co.jp/pickup/6589417,https://news.yahoo.co.jp/articles/9b3c65600e0b5b2dd5bf2266844c1f66439af3a0,7/26(日) 21:37
top-picks,スポーツ報知,横綱で9勝6敗 大の里に理事長苦言,7/26(日) 21:15,https://news.yahoo.co.jp/pickup/6589415,https://news.yahoo.co.jp/articles/b624b3359699aa829e9cd6689e72571c29b5af67,7/26(日) 21:15
top-picks,FNNプライムオンライン,小学生に「スクイーズ」人気 なぜ,7/26(日) 21:13,https://news.yahoo.co.jp/pickup/6589416,https://news.yahoo.co.jp/articles/e79a8aa98fe486f70131dc59a6057094c5d6d2bc,7/26(日) 21:13
top-picks,西日本新聞me,強気貫く首相国会運営 身内も異論,7/26(日) 20:49,https://news.yahoo.co.jp/pickup/6589414,https://news.yahoo.co.jp/articles/0303293559e5690b750b188d1a61e39f2d751ff4,7/26(日) 20:49
top-picks,Yahoo!リアルタイム検索,「VIVANT」続編放送 SNSの反応,7/26(日) 20:32,https://news.yahoo.co.jp/pickup/6589410,https://news.yahoo.co.jp/articles/b0334008c8785114a5bb38f5e612b829612de885,7/26(日) 20:32
top-picks,オリコン,要潤驚き 大河で異例「ワイヤー」,7/26(日) 20:21,https://news.yahoo.co.jp/pickup/6589412,https://news.yahoo.co.jp/articles/1ca9456cbe47d5b9aec717244e39b2712a884933,7/26(日) 20:21
top-picks,スポーツ報知,衝撃 横浜・織田が9回に157キロ,7/26(日) 20:12,https://news.yahoo.co.jp/pickup/6589409,https://news.yahoo.co.jp/articles/197100812dc10765dcfb490cc6994f073d2359ee,7/26(日) 20:12
top-picks,オリコン,要潤 大河のワイヤーシーンに驚き,7/26(日) 20:09,https://news.yahoo.co.jp/pickup/6589411,https://news.yahoo.co.jp/articles/1ca9456cbe47d5b9aec717244e39b2712a884933,7/26(日) 20:09
top-picks,ＡＦＰ＝時事,遺伝子治療で中国6歳死亡 調査へ,7/26(日) 19:58,https://news.yahoo.co.jp/pickup/6589407,https://news.yahoo.co.jp/articles/cfbc6500fda8393e089df06a25cea0c9865611c1,7/26(日) 19:58
top-picks,読売新聞オンライン,ウナギ店 仕入れ値安いがコスト増,7/26(日) 19:32,https://news.yahoo.co.jp/pickup/6589406,https://news.yahoo.co.jp/articles/fc40479a2b0fa1dce68b98a0dc30a0ad6d6c51b3,7/26(日) 19:32
top-picks,東スポWEB,停学処分あった青森山田2回戦敗退,7/26(日) 19:13,https://news.yahoo.co.jp/pickup/6589404,,7/26(日) 19:13
top-picks,スポニチアネックス,安青錦 3場所ぶり3度目の優勝,7/26(日) 18:57,https://news.yahoo.co.jp/pickup/6589403,https://news.yahoo.co.jp/articles/69c434efc581693c3cecc1b188b36ab62dc06ef6,7/26(日) 18:57
top-picks,スポーツ報知,佐野日大がサヨナラ弾で優勝 栃木,7/26(日) 18:53,https://news.yahoo.co.jp/pickup/6589402,https://news.yahoo.co.jp/articles/c7996df548bbb8bfe2c2bebee372c5fe1db86086,7/26(日) 18:53
top-picks,共同通信,副首都法の議論不十分66% 共同,7/26(日) 18:26,https://news.yahoo.co.jp/pickup/6589397,,7/26(日) 18:26
top-picks,共同通信,障害者家族9割 殺傷事件「風化」,7/26(日) 18:22,https://news.yahoo.co.jp/pickup/6589399,https://news.yahoo.co.jp/articles/5ca208ac6744b92be67982af83075220f6f3a798,7/26(日) 18:22
top-picks,ウェザーマップ,週明け 九州で初の「酷暑日」か,7/26(日) 18:20,https://news.yahoo.co.jp/pickup/6589398,https://news.yahoo.co.jp/articles/09a7baf9a39e623a95df89e67c52e4ec9c120a15,7/26(日) 18:20
top-picks,佐々木航弥,難病の夫 認知症の妻が一番大好き,7/26(日) 17:51,https://news.yahoo.co.jp/pickup/6589394,,7/26(日) 17:51
top-picks,CNN.co.jp,26年前殺害された少女身元判明 米,7/26(日) 17:44,https://news.yahoo.co.jp/pickup/6589395,https://news.yahoo.co.jp/articles/a0c3afb7064eb39781a318698de2b602324f2d13,7/26(日) 17:44
top-picks,オリコン,映画「ちいかわ」初日興収9.9億円,7/26(日) 17:41,https://news.yahoo.co.jp/pickup/6589393,https://news.yahoo.co.jp/articles/00a610c1696852b225118049f7b07dfa8c1deff4,7/26(日) 17:41
top-picks,読売新聞オンライン,ヘイ、Siri 小5男児3人女性救護,7/26(日) 17:23,https://news.yahoo.co.jp/pickup/6589392,https://news.yahoo.co.jp/articles/e60d65fad16d3e9f0f834fc2e09ee53f6e095578,7/26(日) 17:23
top-picks,集英社オンライン,夏休み宿題 猛暑で植物観察に異変,7/26(日) 17:15,https://news.yahoo.co.jp/pickup/6589390,https://news.yahoo.co.jp/articles/64a607d9f2efa04909a0608b20e07506913edbb1,7/26(日) 17:15
top-picks,TBS NEWS DIG Powered by JNN,横浜 県史上初の4季連続甲子園へ,7/26(日) 16:58,https://news.yahoo.co.jp/pickup/6589391,https://news.yahoo.co.jp/articles/9ae5ab3e382ab63be0348cd0409bab67929e5018,7/26(日) 16:58
top-picks,47NEWS,特別支援学校に「闇」教員の証言,7/26(日) 16:57,https://news.yahoo.co.jp/pickup/6589388,https://news.yahoo.co.jp/articles/1f92ff5d6397350601273a932be426bb49eac930,7/26(日) 16:57
top-picks,高知さんさんテレビ,ゴルフ場でカートから転落 死亡,7/26(日) 16:43,https://news.yahoo.co.jp/pickup/6589389,,7/26(日) 16:43
top-picks,朝日新聞,やまゆり園事件10年 多くの人献花,7/26(日) 16:33,https://news.yahoo.co.jp/pickup/6589387,https://news.yahoo.co.jp/articles/60b3213dd7350e6004a3fb43bb32ed83def8990b,7/26(日) 16:33
top-picks,ABEMA TIMES,結婚相談所「お見合い」実態は,7/26(日) 16:26,https://news.yahoo.co.jp/pickup/6589385,https://news.yahoo.co.jp/articles/3d85a92fba63eaf5eb0215f245d64903790d5e2e,7/26(日) 16:26
top-picks,共同通信,ホンダ日産の次世代車 日産OS軸,7/26(日) 16:12,https://news.yahoo.co.jp/pickup/6589384,https://news.yahoo.co.jp/articles/e9552d9fb7d034acbcebda9802fc004f66b2f0d2,7/26(日) 16:12
top-picks,ＡＴＶ青森テレビ,「幸せ呼ぶアマガエル」なぜ青い,7/26(日) 16:04,https://news.yahoo.co.jp/pickup/6589383,https://news.yahoo.co.jp/articles/0eac1080f2e9397bb713704a4aa9a0528aed6342,7/26(日) 16:04
top-picks,サンケイスポーツ,日米100勝の由伸 楽ではなかった,7/26(日) 15:48,https://news.yahoo.co.jp/pickup/6589382,https://news.yahoo.co.jp/articles/f952c058a1b7ef53e52e7f3b2677f7625b6d3bd1,7/26(日) 15:48
top-picks,スポーツ報知,強風 鳥人間2日目途中で打ち切り,7/26(日) 15:28,https://news.yahoo.co.jp/pickup/6589381,https://news.yahoo.co.jp/articles/4409ec8e81603f9efe71af5f48750268be5dfe08,7/26(日) 15:28
top-picks,テレビ朝日系（ANN）,梨5000個盗難被害 農家に支援の輪,7/26(日) 14:59,https://news.yahoo.co.jp/pickup/6589378,https://news.yahoo.co.jp/articles/87dde2651b79433cd8f46eb1fc66e651c7a78ed6,7/26(日) 14:59
top-picks,スポニチアネックス,岡田紗佳が歌手に 目標はMステ,7/26(日) 14:50,https://news.yahoo.co.jp/pickup/6589379,https://news.yahoo.co.jp/articles/1f7a6174bce5e2bc5037102576e53edef36dd95a,7/26(日) 14:50
top-picks,スポーツ報知,堺雅人 3日間13番組でVIVANT番宣,7/26(日) 14:40,https://news.yahoo.co.jp/pickup/6589377,https://news.yahoo.co.jp/articles/47876f2a22c25e0c8f3915df8a5a031c2135ce06,7/26(日) 14:40
top-picks,スポーツナビ,速報・高校野球 桐光学園vs.横浜,7/26(日) 14:13,https://news.yahoo.co.jp/pickup/6589367,https://news.yahoo.co.jp/articles/a1dcf74c845a3b1cbfa097469fc9b6024e4b7ea6,7/26(日) 14:13
top-picks,TBS NEWS DIG Powered by JNN,親子ら3人海に流され父死亡 茨城,7/26(日) 14:09,https://news.yahoo.co.jp/pickup/6589375,https://news.yahoo.co.jp/articles/4d95d8ea4dba87d470f0919c462af5e2bc8e6ac8,7/26(日) 14:09
top-picks,ITmedia ビジネスオンライン,Joshin導入「ピース」で勤怠打刻,7/26(日) 14:03,https://news.yahoo.co.jp/pickup/6589372,https://news.yahoo.co.jp/articles/385c8b1ddd28b3b21c454072e72f1944b76abf6b,7/26(日) 14:03
top-picks,毎日新聞,「不登校離職」母は父の30倍 調査,7/26(日) 14:02,https://news.yahoo.co.jp/pickup/6589374,https://news.yahoo.co.jp/articles/bd73ca8f9c2d23d76e11e9518d4206eb8c01a0c5,7/26(日) 14:02
top-picks,毎日新聞,センバツ4強 全て夏の甲子園逃す,7/26(日) 13:44,https://news.yahoo.co.jp/pickup/6589370,https://news.yahoo.co.jp/articles/eb237fb3e20c31c1d055312c3524dcfbc33938f2,7/26(日) 13:44
top-picks,Media info not found,攻めても外しても話題 テレビ東京,25日、テレビ東京で恒例の隅田川花火大会の生中継が行われました。102キロ離れた富士山から花火を見るというコーナーも用意されましたが、結果としては失敗。現地リポーターを務めたスギちゃんの「絶対にリベンジをさせてくれだぜぇ」という一言が話題にもなりました。先月28日に放送された「テレ東音楽祭2026夏」でも破天荒な演出が注目され、前年よりTVerの再生回数が4倍に増える結果も残しています。,https://news.yahoo.co.jp/pickup/6589369,https://news.yahoo.co.jp/articles/85d4c0b66a0f700d5f23cf8a5095b028b5c1ec03,7/26(日) 13:29
top-picks,スポーツ報知,横浜vs桐光学園 早朝から長蛇の列,7/26(日) 13:13,https://news.yahoo.co.jp/pickup/6589368,https://news.yahoo.co.jp/articles/47ca4a934adf842a2879b1836ea5d45de3dbba36,7/26(日) 13:13
top-picks,テレビ朝日系（ANN）,飛鳥・藤原 首相「世界の宝に」,7/26(日) 13:06,https://news.yahoo.co.jp/pickup/6589366,https://news.yahoo.co.jp/articles/b561b834ecea98cb59c4b3e4a95fb5319bc80781,7/26(日) 13:06
top-picks,時事通信,首相の集中審議出席 大幅に減少,7/26(日) 12:53,https://news.yahoo.co.jp/pickup/6589365,https://news.yahoo.co.jp/articles/865564d623f467b90b938cbcc207c85add9d1ccb,7/26(日) 12:53
top-picks,MBSニュース,野球部に3年生1人 最初で最後の夏,7/26(日) 12:38,https://news.yahoo.co.jp/pickup/6589364,https://news.yahoo.co.jp/articles/7388068aacf1191d91896cea749d31e4a99da5f1,7/26(日) 12:38
top-picks,MBSニュース,3年生部員は1人 なぜ茨の道で野球,7/26(日) 12:26,https://news.yahoo.co.jp/pickup/6589362,https://news.yahoo.co.jp/articles/7388068aacf1191d91896cea749d31e4a99da5f1,7/26(日) 12:26
top-picks,新潟ニュースNST,農薬散布機が木に衝突 男性死亡,7/26(日) 12:25,https://news.yahoo.co.jp/pickup/6589361,https://news.yahoo.co.jp/articles/94ff4c7da8832f4d74df293bce90306aea18f7cc,7/26(日) 12:25
top-picks,文春オンライン,昨夏世界バズ 金融OLの人生変化,7/26(日) 12:21,https://news.yahoo.co.jp/pickup/6589360,https://news.yahoo.co.jp/articles/b9a02b96fe05de9bcb9fd5b9522cdc8c53003e0c,7/26(日) 12:21
top-picks,テレビ朝日系（ANN）,クマ再出没「人の怖さ」学ばず?,7/26(日) 12:19,https://news.yahoo.co.jp/pickup/6589363,https://news.yahoo.co.jp/articles/8b6bc1f57ead7c033dd799c5829c5a2970a08ab0,7/26(日) 12:19
top-picks,テレビ朝日系（ANN）,放獣クマ再出没「怖さ」学ばず?,7/26(日) 12:10,https://news.yahoo.co.jp/pickup/6589359,https://news.yahoo.co.jp/articles/8b6bc1f57ead7c033dd799c5829c5a2970a08ab0,7/26(日) 12:10
top-picks,時事通信,日中外相接触 関係改善の道険しく,7/26(日) 11:53,https://news.yahoo.co.jp/pickup/6589358,https://news.yahoo.co.jp/articles/40ea25de7171182de22e85edab9bf3092a55bb32,7/26(日) 11:53
top-picks,TBS NEWS DIG Powered by JNN,山本由伸 日米通算100勝を達成,7/26(日) 11:08,https://news.yahoo.co.jp/pickup/6589355,https://news.yahoo.co.jp/articles/d878f824504407f94f7d28a490c2b0c6320582ed,7/26(日) 11:08
top-picks,読売テレビ,飛鳥・藤原の宮都 世界遺産に決定,7/26(日) 10:52,https://news.yahoo.co.jp/pickup/6589354,https://news.yahoo.co.jp/articles/d8c5a8dee1f306e2b44552a1e6ad1d8568fc727d,7/26(日) 10:52
top-picks,Media info not found,52歳の「GTO」何歳向けドラマか,反町隆史主演の熱血教師ドラマ『GTO』が28年ぶりに復活した。,https://news.yahoo.co.jp/pickup/6589348,https://news.yahoo.co.jp/articles/c6a1af903d6bc82ef1131fd980bedc378c83cae2,7/26(日) 10:23
top-picks,STVニュース北海道,江別暴行死 殺人になると母に連絡,7/26(日) 10:21,https://news.yahoo.co.jp/pickup/6589350,https://news.yahoo.co.jp/articles/1fb40153dd434c57bfcd95b9aab91014cd965d27,7/26(日) 10:21
top-picks,スポーツナビ,速報MLB メッツvs.ドジャース,7/26(日) 10:17,https://news.yahoo.co.jp/pickup/6589351,https://news.yahoo.co.jp/articles/8127392ef84cc6fc0c7d39b36a5fc7e309d4a136,7/26(日) 10:17
top-picks,静岡放送（SBS）,限界と言われた台風予測 AIで激変,7/26(日) 10:02,https://news.yahoo.co.jp/pickup/6589347,,7/26(日) 10:02
top-picks,tenki.jp,東北と北陸 梅雨末期の大雨に注意,7/26(日) 9:59,https://news.yahoo.co.jp/pickup/6589349,https://news.yahoo.co.jp/articles/ff865dcffd41b963d442b2151af830a35e3e34f2,7/26(日) 9:59
top-picks,ＡＦＰ＝時事,印教育相辞任 ゴキブリ党抗議終了,7/26(日) 9:39,https://news.yahoo.co.jp/pickup/6589346,https://news.yahoo.co.jp/articles/9f0e1dcbeafe6322d37ed55a6671d30d2d2b17af,7/26(日) 9:39
top-picks,TBS NEWS DIG Powered by JNN,米大統領 イラン空爆中止を指示か,7/26(日) 9:19,https://news.yahoo.co.jp/pickup/6589345,https://news.yahoo.co.jp/articles/6bc418aba75d9f7e7932d83d4d8f347112ac9c36,7/26(日) 9:19
top-picks,読売新聞オンライン,自治体のAI本格活用 総務省後押し,7/26(日) 9:06,https://news.yahoo.co.jp/pickup/6589344,https://news.yahoo.co.jp/articles/7d2a847661a250380d766d7237121a64eac41d7c,7/26(日) 9:06
top-picks,RBC琉球放送,車が逆走か オートバイの男性死亡,7/26(日) 9:04,https://news.yahoo.co.jp/pickup/6589343,https://news.yahoo.co.jp/articles/6d9f356509b9e36199d7331c4a990582e63fd61f,7/26(日) 9:04
top-picks,福島民友新聞,森保監督 高校総体サプライズ登場,7/26(日) 8:45,https://news.yahoo.co.jp/pickup/6589342,https://news.yahoo.co.jp/articles/94a612ac8429f1bdc586b2cdf1bca24c225b9cdd,7/26(日) 8:45
top-picks,日刊スポーツ,藤原季節 朝ドラ出演中にリングへ,7/26(日) 8:41,https://news.yahoo.co.jp/pickup/6589339,https://news.yahoo.co.jp/articles/9abcbe1ecf7c9722238fa1a9ef0115935404fcf6,7/26(日) 8:41
top-picks,スポーツナビ,速報ドジャース 山本由伸が先発,7/26(日) 8:39,https://news.yahoo.co.jp/pickup/6589341,https://news.yahoo.co.jp/articles/1671c7d207fbda286896eb2565f49a146a694488,7/26(日) 8:39
top-picks,Media info not found,映画ちいかわ 客に広がるざわめき,この金曜日（7月24日）の封切りとともに大きな話題になっている『映画ちいかわ 人魚の島のひみつ』。それは、シネコンの上映回数の多さだけでなく、作品内容の面でもだ。,https://news.yahoo.co.jp/pickup/6589338,https://minkabu.jp/news/4575630,7/26(日) 8:35
top-picks,共同通信,カザフ大統領 露に侵攻凍結を進言,7/26(日) 8:34,https://news.yahoo.co.jp/pickup/6589337,https://news.yahoo.co.jp/articles/7fe6be276a8ecbae75c330d0ed7fd668a940162a,7/26(日) 8:34
top-picks,朝日新聞,独LGBTQ祭典 車突っ込み1人死亡,7/26(日) 8:13,https://news.yahoo.co.jp/pickup/6589336,https://news.yahoo.co.jp/articles/11abbd01e6f35b4dfc9a5d096bb5ffa8c09666b0,7/26(日) 8:13
top-picks,テレビ朝日系（ANN）,隅田川花火に異変 極端な天気など,7/26(日) 8:10,https://news.yahoo.co.jp/pickup/6589334,https://news.yahoo.co.jp/articles/217f640ad053076df929aaa60f45e433046a1c0b,7/26(日) 8:10
top-picks,スポニチアネックス,大谷がブルペン回避 膝状態が後退,7/26(日) 8:08,https://news.yahoo.co.jp/pickup/6589335,https://news.yahoo.co.jp/articles/c105a63849fdff4f7c8a51aed4524cd45b53cd26,7/26(日) 8:08
top-picks,時事通信,相模原殺傷 道半ばの障害者理解,7/26(日) 7:54,https://news.yahoo.co.jp/pickup/6589333,https://news.yahoo.co.jp/articles/48169e13222af6eacc6fb8c161a974631fe3f613,7/26(日) 7:54
top-picks,オリコン,北川景子がつんく妻役 24時間TV,7/26(日) 7:42,https://news.yahoo.co.jp/pickup/6589331,https://news.yahoo.co.jp/articles/72bedd822e32f19cbfa2ff47f2f6999f3efb5f0c,7/26(日) 7:42
top-picks,スポーツ報知,「VIVANT」続編 壮大な宣伝戦略,7/26(日) 7:24,https://news.yahoo.co.jp/pickup/6589330,https://news.yahoo.co.jp/articles/351d86a4335f1181018153c025a03061ba101435,7/26(日) 7:24
top-picks,tenki.jp,九州～東海 体温超えるような暑さ,7/26(日) 7:23,https://news.yahoo.co.jp/pickup/6589329,https://news.yahoo.co.jp/articles/0b4df5169b07f134d3474792903e8e943a39ee32,7/26(日) 7:23
top-picks,メ～テレ（名古屋テレビ）,11歳女児がはねられ重体 22歳逮捕,7/26(日) 7:19,https://news.yahoo.co.jp/pickup/6589326,https://news.yahoo.co.jp/articles/a8e9e1300faeb71cac07adf85831930d72bc5633,7/26(日) 7:19
top-picks,朝日新聞,露 北朝鮮兵3万人追加受け入れか,7/26(日) 7:18,https://news.yahoo.co.jp/pickup/6589327,https://news.yahoo.co.jp/articles/a29a358b39dd12225742886428505655a977af96,7/26(日) 7:18
top-picks,スポーツ報知,VIVANT続編 前作超えの使命感,7/26(日) 7:14,https://news.yahoo.co.jp/pickup/6589324,https://news.yahoo.co.jp/articles/351d86a4335f1181018153c025a03061ba101435,7/26(日) 7:14
top-picks,FBC 福井放送,花火が爆発 打ち上げ船の2人搬送,7/26(日) 7:11,https://news.yahoo.co.jp/pickup/6589325,https://news.yahoo.co.jp/articles/8284b4302ce537eca644d7265b520276e9ead60c,7/26(日) 7:11
top-picks,TBS NEWS DIG Powered by JNN,内閣支持率下落 市民求める政策は,7/25(土) 23:45,https://news.yahoo.co.jp/pickup/6589323,https://news.yahoo.co.jp/articles/992e9a5d15a6bee0a660e6a26820049083159e26,7/25(土) 23:45
top-picks,メ～テレ（名古屋テレビ）,サーフィン中に溺れ男性死亡 三重,7/25(土) 23:08,https://news.yahoo.co.jp/pickup/6589322,https://news.yahoo.co.jp/articles/2f82a22ad17e07e15169e90f42869472e7f58b53,7/25(土) 23:08
top-picks,西日本新聞me,強気一変 福岡県副議長辞職の裏側,7/25(土) 23:06,https://news.yahoo.co.jp/pickup/6589321,https://news.yahoo.co.jp/articles/4bf44c1f24ee5d1c22688f40e67c659cbeebf6df,7/25(土) 23:06
top-picks,スポニチアネックス,カズ4年ぶりゴール ダンスはせず,7/25(土) 22:55,https://news.yahoo.co.jp/pickup/6589316,https://news.yahoo.co.jp/articles/86fd483fd2550969fd67ea752304ee5a080a732a,7/25(土) 22:55
top-picks,スポーツ報知,山田五郎さん アド街追悼テロップ,7/25(土) 22:50,https://news.yahoo.co.jp/pickup/6589317,https://news.yahoo.co.jp/articles/c575589985343832dc6f86a9446dc22e58ddfe71,7/25(土) 22:50
top-picks,熊本日日新聞,陸自情報部隊 元隊員が実態を証言,7/25(土) 22:37,https://news.yahoo.co.jp/pickup/6589313,https://news.yahoo.co.jp/articles/fe87dcf02d3d6f8768ad597dd48d2c369ddd1065,7/25(土) 22:37
top-picks,共同通信,次期戦闘機 愛知が組み立て中核に,7/25(土) 22:03,https://news.yahoo.co.jp/pickup/6589310,https://news.yahoo.co.jp/articles/19228b1befc2101f5ce727d6768719899609144c,7/25(土) 22:03
top-picks,スポニチアネックス,阪神-巨人戦で計3死球 虎監督言及,7/25(土) 21:55,https://news.yahoo.co.jp/pickup/6589312,https://news.yahoo.co.jp/articles/298cb3ecfbfc786fe96acc1c19bc3930796a3070,7/25(土) 21:55
top-picks,毎日新聞,ジャングリア1年 経済効果494億円,7/25(土) 21:49,https://news.yahoo.co.jp/pickup/6589309,https://news.yahoo.co.jp/articles/3f037ee00b0b5bf57abe853bf221a8f34b195334,7/25(土) 21:49
top-picks,スポニチアネックス,虎監督 巨人はセで一番与死球多い,7/25(土) 21:41,https://news.yahoo.co.jp/pickup/6589308,https://news.yahoo.co.jp/articles/298cb3ecfbfc786fe96acc1c19bc3930796a3070,7/25(土) 21:41
top-picks,SOCCER DIGEST Web,FW前田大然 イプスウィッチ移籍,7/25(土) 21:28,https://news.yahoo.co.jp/pickup/6589305,https://news.yahoo.co.jp/articles/ccb76d04b919bd4451c3c92ad4b46bd1432e5763,7/25(土) 21:28
top-picks,オリコン,銀河鉄道999 劇場アニメ製作決定,7/25(土) 21:17,https://news.yahoo.co.jp/pickup/6589302,https://news.yahoo.co.jp/articles/06a81dd51344640d1aa80e6301a7465bc924baf1,7/25(土) 21:17
top-picks,テレビ朝日系（ANN）,岡本公三容疑者 死因は肺の合併症,7/25(土) 21:16,https://news.yahoo.co.jp/pickup/6589304,https://news.yahoo.co.jp/articles/f6b25833a85e8a282664b0899881155f38b4e309,7/25(土) 21:16
top-picks,共同通信,6人死亡事故「元気な姿返して」,7/25(土) 20:54,https://news.yahoo.co.jp/pickup/6589300,https://news.yahoo.co.jp/articles/6fd9b3399e2dcebf9186b2a599a56d5fbabcf0f0,7/25(土) 20:54
top-picks,ゲキサカ,59歳三浦知良 4年ぶりにゴール,7/25(土) 20:46,https://news.yahoo.co.jp/pickup/6589301,https://news.yahoo.co.jp/articles/e104167b28a58a764e926aa1da3ee03b6054f7b8,7/25(土) 20:46
top-picks,読売新聞オンライン,副首都 大阪・福岡・愛知が名乗り,7/25(土) 20:41,https://news.yahoo.co.jp/pickup/6589298,https://news.yahoo.co.jp/articles/9a1d177cfbd4cb3096ba0bd4301b3e9f01e4b445,7/25(土) 20:41
top-picks,読売新聞オンライン,仏「核の傘」拡大構想 相次ぐ賛同,7/25(土) 20:28,https://news.yahoo.co.jp/pickup/6589297,https://news.yahoo.co.jp/articles/27f4e19bb0b85b810f0877214c2647f80ecb257a,7/25(土) 20:28
top-picks,ゲキサカ,キングカズ4年ぶりゴール 歓喜,7/25(土) 20:20,https://news.yahoo.co.jp/pickup/6589296,https://news.yahoo.co.jp/articles/e104167b28a58a764e926aa1da3ee03b6054f7b8,7/25(土) 20:20
top-picks,テレビ愛媛,伐採作業中に屋根から転落 死亡,7/25(土) 19:56,https://news.yahoo.co.jp/pickup/6589293,https://news.yahoo.co.jp/articles/641b6e37437f8b82619a881ca69a8a7d4c06217e,7/25(土) 19:56
top-picks,デイリースポーツ,佐藤輝の左腕付近に死球 球場悲鳴,7/25(土) 19:55,https://news.yahoo.co.jp/pickup/6589295,https://news.yahoo.co.jp/articles/603da0b47610a544ffddb63855c7b3df619855ac,7/25(土) 19:55
top-picks,MBC南日本放送,海で80歳死亡 孫らと訪れ溺れたか,7/25(土) 19:53,https://news.yahoo.co.jp/pickup/6589291,,7/25(土) 19:53
top-picks,magacol,松井ケムリ 育児で妻への心境変化,7/25(土) 19:48,https://news.yahoo.co.jp/pickup/6589290,https://news.yahoo.co.jp/articles/e9941aa8141ccd42e8ce36d06ae1621f24a7d0e9,7/25(土) 19:48
top-picks,デイリースポーツ,佐藤輝に2年ぶり死球 ブーイング,7/25(土) 19:46,https://news.yahoo.co.jp/pickup/6589289,https://news.yahoo.co.jp/articles/603da0b47610a544ffddb63855c7b3df619855ac,7/25(土) 19:46
top-picks,産経新聞,中道 内閣不信任案の提出を見送り,7/25(土) 19:27,https://news.yahoo.co.jp/pickup/6589288,https://news.yahoo.co.jp/articles/0c10c0d07e05db03276785c4e5592c0119832b88,7/25(土) 19:27
top-picks,スポニチアネックス,映画ちいかわコラボ 花火イベ中止,7/25(土) 19:19,https://news.yahoo.co.jp/pickup/6589287,https://news.yahoo.co.jp/articles/f5a3dff5fca40cceced2a632cf98a3beb4b2e97c,7/25(土) 19:19
top-picks,Number Web,河村勇輝の目に涙 NBA3年目課題,7/25(土) 18:53,https://news.yahoo.co.jp/pickup/6589284,https://news.yahoo.co.jp/articles/45b2192ed336e997ebae3d4e5d84798d83e22286,7/25(土) 18:53
top-picks,読売新聞オンライン,切断遺体 事件後にノコギリ出品か,7/25(土) 18:31,https://news.yahoo.co.jp/pickup/6589285,https://news.yahoo.co.jp/articles/907487667c6305a2fc503954ce17659eda9e8767,7/25(土) 18:31
top-picks,MBSニュース,大阪にタンチョウ飛来 専門家驚き,7/25(土) 18:19,https://news.yahoo.co.jp/pickup/6589282,,7/25(土) 18:19
top-picks,時事通信,やまゆり園長「悲しみ癒えない」,7/25(土) 18:12,https://news.yahoo.co.jp/pickup/6589280,https://news.yahoo.co.jp/articles/995ace96ea42801def835d4c350e57236232d923,7/25(土) 18:12
top-picks,tbc東北放送,輸送中2200万円落下 窃盗疑い逮捕,7/25(土) 18:11,https://news.yahoo.co.jp/pickup/6589281,https://news.yahoo.co.jp/articles/ac3bdcafd24fb700ee4cec67f834199707f121db,7/25(土) 18:11
top-picks,朝日新聞,ジャングリア売上100億円超見通し,7/25(土) 17:57,https://news.yahoo.co.jp/pickup/6589278,https://news.yahoo.co.jp/articles/02a90a1da65d171c9185cae86a14b80ffc47a550,7/25(土) 17:57
top-picks,47NEWS,最賃で競争「チキンレース」の声,7/25(土) 17:47,https://news.yahoo.co.jp/pickup/6589279,https://news.yahoo.co.jp/articles/64f35fe1ff99127f94aedf76edd8efeb8e82b886,7/25(土) 17:47
top-picks,時事通信,Trip.comGに1250億円処分 中国,7/25(土) 17:40,https://news.yahoo.co.jp/pickup/6589275,https://news.yahoo.co.jp/articles/3b2ac61f19a3c0f597965b370ce13519aaec16ec,7/25(土) 17:40
top-picks,ＡＦＰ＝時事,フーシ派がサウジ攻撃 空爆の報復,7/25(土) 17:35,https://news.yahoo.co.jp/pickup/6589277,https://news.yahoo.co.jp/articles/3eb7a09b10f384b3ff1a4d9ca332e827d16fc580,7/25(土) 17:35
top-picks,スポニチアネックス,カボベルデGK チリ強豪に移籍へ,7/25(土) 17:30,https://news.yahoo.co.jp/pickup/6589276,https://news.yahoo.co.jp/articles/7dca1c0672bf0bd6448c26f7d249e8839a57fcb6,7/25(土) 17:30
top-picks,tenki.jp,25日夕～都心周辺で激しい雨か,7/25(土) 17:05,https://news.yahoo.co.jp/pickup/6589274,https://news.yahoo.co.jp/articles/4ebce4ec06ebb92a83d0d074bfde7b234c5452a3,7/25(土) 17:05
top-picks,共同通信,かゆみ止め薬「ムヒ」 ギネス認定,7/25(土) 16:53,https://news.yahoo.co.jp/pickup/6589270,https://news.yahoo.co.jp/articles/7ebf83090c3eac46c1bcb3586f62eedae05fbf21,7/25(土) 16:53
top-picks,tenki.jp,25日夕～関東で激しい雨か 注意,7/25(土) 16:53,https://news.yahoo.co.jp/pickup/6589272,https://news.yahoo.co.jp/articles/4ebce4ec06ebb92a83d0d074bfde7b234c5452a3,7/25(土) 16:53
top-picks,47NEWS,最賃 近隣県を意識した競争過熱,7/25(土) 16:49,https://news.yahoo.co.jp/pickup/6589266,https://news.yahoo.co.jp/articles/64f35fe1ff99127f94aedf76edd8efeb8e82b886,7/25(土) 16:49
top-picks,時事通信,国会 政府提出法案の成立率100%,7/25(土) 16:45,https://news.yahoo.co.jp/pickup/6589269,https://news.yahoo.co.jp/articles/4ec689b64b97a919b204b106d569a4ff4150e751,7/25(土) 16:45
top-picks,スポニチアネックス,侍J監督 井口氏就任を正式発表,7/25(土) 16:37,https://news.yahoo.co.jp/pickup/6589271,https://news.yahoo.co.jp/articles/c3d9403610326cb22d33411343c4124c7b11b767,7/25(土) 16:37
top-picks,日刊スポーツ,井本貴史 子に重度障害で家庭注力,7/25(土) 16:28,https://news.yahoo.co.jp/pickup/6589268,https://news.yahoo.co.jp/articles/b1ed3ebd2a8663ed03f4f86b3b5623b7b9698492,7/25(土) 16:28
top-picks,スポーツ報知,村上 MLB復帰後10試合ノーアーチ,7/25(土) 16:19,https://news.yahoo.co.jp/pickup/6589267,https://news.yahoo.co.jp/articles/c2b42aa50f0d582e91c3cabdb9e5cdce8af910f9,7/25(土) 16:19
top-picks,弁護士ドットコムニュース,マット死 遺族が3回提訴した訳,7/25(土) 16:18,https://news.yahoo.co.jp/pickup/6589265,https://news.yahoo.co.jp/articles/be0078bd366bc84092b2c302536e7a1b4bbc507c,7/25(土) 16:18
top-picks,ロイター,夕食会再び開催 トランプ氏が演説,7/25(土) 15:55,https://news.yahoo.co.jp/pickup/6589262,https://news.yahoo.co.jp/articles/9627161b3b16cdd6a3e3c8e0fb18a28c5c5d1000,7/25(土) 15:55
top-picks,スポニチアネックス,中谷潤人 結婚発表後初の公の場,7/25(土) 15:46,https://news.yahoo.co.jp/pickup/6589264,https://news.yahoo.co.jp/articles/1b5276da1fb811db751196813e85a65536543382,7/25(土) 15:46
top-picks,朝日新聞,甲子園行けず 亡き友に申し訳ない,7/25(土) 15:45,https://news.yahoo.co.jp/pickup/6589263,https://news.yahoo.co.jp/articles/c0b0ae536567d221bf6b9e9b30f43c4fbba7bde8,7/25(土) 15:45
top-picks,MBSニュース,商社→タクシー運転手 給料倍以上,7/25(土) 15:34,https://news.yahoo.co.jp/pickup/6589261,https://news.yahoo.co.jp/articles/5ad21ec68ea5bc327390c7c360a9acfffa364fe3,7/25(土) 15:34
top-picks,スポニチアネックス,中谷潤人 結婚祝福され照れ笑い,7/25(土) 15:22,https://news.yahoo.co.jp/pickup/6589260,https://news.yahoo.co.jp/articles/1b5276da1fb811db751196813e85a65536543382,7/25(土) 15:22
top-picks,テレビ新広島,従業員死亡 暴行疑いで経営者逮捕,7/25(土) 15:17,https://news.yahoo.co.jp/pickup/6589258,https://news.yahoo.co.jp/articles/d78203d81bf50d18415a15cbd0e899eba210377f,7/25(土) 15:17
top-picks,時事通信,防災庁の地方拠点要望 全国45団体,7/25(土) 15:09,https://news.yahoo.co.jp/pickup/6589259,,7/25(土) 15:09
top-picks,読売新聞オンライン,辞職の副議長 蔵内議長を支えたい,7/25(土) 14:48,https://news.yahoo.co.jp/pickup/6589255,https://news.yahoo.co.jp/articles/96fd7195c52f284c34e2599b67597f74d87cb42e,7/25(土) 14:48
top-picks,篠田博之,植松聖死刑囚 事件から10年の手記,7/25(土) 14:45,https://news.yahoo.co.jp/pickup/6589257,,7/25(土) 14:45
top-picks,琉球新報,ジャングリア1年 来場者数100万人,7/25(土) 14:42,https://news.yahoo.co.jp/pickup/6589256,https://news.yahoo.co.jp/articles/ee5a86bcf9f7cb492cb0a84543c6e72a0d140cd8,7/25(土) 14:42
top-picks,朝日新聞,市バスが信号無視 小2とぶつかる,7/25(土) 14:28,https://news.yahoo.co.jp/pickup/6589254,https://news.yahoo.co.jp/articles/b7de417979c6f4fb5c38bd29a794e8699be86141,7/25(土) 14:28
top-picks,読売新聞オンライン,スマホで賭け 手取りの大半舟券に,7/25(土) 14:06,https://news.yahoo.co.jp/pickup/6589253,,7/25(土) 14:06
top-picks,ABCニュース,庭先で倒れた90代が死亡 熱中症か,7/25(土) 14:00,https://news.yahoo.co.jp/pickup/6589252,https://news.yahoo.co.jp/articles/4c8ed1594d576bd19a1898b6c3925fde09155842,7/25(土) 14:00
top-picks,読売新聞オンライン,ギャンブル「主戦場」はスマホに,7/25(土) 13:48,https://news.yahoo.co.jp/pickup/6589250,,7/25(土) 13:48
top-picks,Full-Count,グラブ「巨大化」と話題 朗希言及,7/25(土) 13:36,https://news.yahoo.co.jp/pickup/6589249,https://news.yahoo.co.jp/articles/ac4b98138cc36ccb70b5833a12a58c99e92dd9fb,7/25(土) 13:36
top-picks,スポーツ報知,柳葉敏郎の長男 甲子園出場逃し涙,7/25(土) 13:14,https://news.yahoo.co.jp/pickup/6589247,https://news.yahoo.co.jp/articles/1485249b6cbdd026db7f90a683beb95107dff1ea,7/25(土) 13:14
top-picks,カナロコ by 神奈川新聞,やまゆり園事件 美帆さん母の願い,7/25(土) 13:13,https://news.yahoo.co.jp/pickup/6589243,https://news.yahoo.co.jp/articles/8068871ac2f1e73d2fb3755fed4b2739b396dd6d,7/25(土) 13:13
top-picks,tenki.jp,5日連続の酷暑日 過去最長を更新,7/25(土) 13:07,https://news.yahoo.co.jp/pickup/6589246,https://news.yahoo.co.jp/articles/7625168a5d4adabb7396bfb397a601f9e138e4d0,7/25(土) 13:07
top-picks,集英社オンライン,酷暑屋外でハンディファン  注意,7/25(土) 12:48,https://news.yahoo.co.jp/pickup/6589242,https://news.yahoo.co.jp/articles/08f3490bb1d2e7d19e30638555bbc5649d684427,7/25(土) 12:48
top-picks,ENCOUNT,ライセンス井本 子の重度障害公表,7/25(土) 12:33,https://news.yahoo.co.jp/pickup/6589240,https://news.yahoo.co.jp/articles/81323f6c42479393189ed1a169aa36eddc56d8be,7/25(土) 12:33
top-picks,熊本日日新聞,陸自部隊 身分隠し識者情報収集か,7/25(土) 12:11,https://news.yahoo.co.jp/pickup/6589239,https://news.yahoo.co.jp/articles/95ac383c6b3a418e005c0b2b0ac5218628d6438c,7/25(土) 12:11
top-picks,スポニチアネックス,朗希が9奪三振の好投 監督が絶賛,7/25(土) 12:02,https://news.yahoo.co.jp/pickup/6589238,https://news.yahoo.co.jp/articles/70b5309589adfb1425e9ef2cddc90132cfdba476,7/25(土) 12:02
top-picks,ＡＦＰ＝時事,実験的遺伝子治療後 中国6歳死亡,7/25(土) 11:44,https://news.yahoo.co.jp/pickup/6589236,https://news.yahoo.co.jp/articles/46290580390d1099c09cd7681a5597caf34f7b06,7/25(土) 11:44
top-picks,共同通信,セブン&i 東欧企業への出資見送り,7/25(土) 11:39,https://news.yahoo.co.jp/pickup/6589235,https://news.yahoo.co.jp/articles/247d7c3837dfb99ca6ea1c3e9dd630d0d0ee30e8,7/25(土) 11:39
top-picks,ABEMA TIMES,妊娠出産が怖い トコフォビアとは,7/25(土) 11:17,https://news.yahoo.co.jp/pickup/6589230,https://news.yahoo.co.jp/articles/37c9d6f1ab0bde0d63a5111188b5ee5ba7d58e03,7/25(土) 11:17
top-picks,共同通信,米軍 イラン港湾封鎖巡り商船攻撃,7/25(土) 11:10,https://news.yahoo.co.jp/pickup/6589233,,7/25(土) 11:10
top-picks,Full-Count,岡本23号 日本選手1年目の新記録,7/25(土) 11:10,https://news.yahoo.co.jp/pickup/6589232,https://news.yahoo.co.jp/articles/48dec810db78d0e38652426d2dad63763c855e14,7/25(土) 11:10
top-picks,TBS NEWS DIG Powered by JNN,佐々木朗希が4勝目 9奪三振の快投,7/25(土) 11:04,https://news.yahoo.co.jp/pickup/6589231,https://news.yahoo.co.jp/articles/af0048a7c8fd238b58afe101991a0d903a87714a,7/25(土) 11:04
top-picks,共同通信,レブロン76ersに移籍 年俸大幅減,7/25(土) 10:48,https://news.yahoo.co.jp/pickup/6589229,https://news.yahoo.co.jp/articles/3756517cecbc941a8396403a78e8c7ca8de800f6,7/25(土) 10:48
top-picks,Media info not found,夏休み 子供のスマホトラブル注意,夏休み中の子どものスマホ利用は、トラブルが起きやすくなります。,https://news.yahoo.co.jp/pickup/6589228,https://ict-enews.net/2026/07/21lycorp/,7/25(土) 10:46
top-picks,ENCOUNT,有村昆 収入ゼロからホテル社長に,7/25(土) 10:35,https://news.yahoo.co.jp/pickup/6589226,https://news.yahoo.co.jp/articles/00566c56442e18f7ac6068b99be83f6e0bea7b5c,7/25(土) 10:35
top-picks,時事通信,ICC主任検察官を解任 性加害疑惑,7/25(土) 10:26,https://news.yahoo.co.jp/pickup/6589227,https://news.yahoo.co.jp/articles/f69c20c12ac26dbe900f9646ecb77844a4e6afef,7/25(土) 10:26
top-picks,共同通信,米軍 イラン港湾巡りタンカー攻撃,7/25(土) 10:16,https://news.yahoo.co.jp/pickup/6589223,,7/25(土) 10:16
top-picks,読売新聞オンライン,感想文は自ら思考重視 文科省見解,7/25(土) 10:09,https://news.yahoo.co.jp/pickup/6589224,https://news.yahoo.co.jp/articles/6f6781ad22862772305203e056412388e9155179,7/25(土) 10:09
top-picks,共同通信,鳥山明さんら 米漫画賞で殿堂入り,7/25(土) 10:05,https://news.yahoo.co.jp/pickup/6589225,https://news.yahoo.co.jp/articles/945fa1028a05db7ba274e2fbe7e09b188a7b54db,7/25(土) 10:05
top-picks,中日スポーツ,オリ指名の石川ケニー レッズ契約,7/25(土) 9:58,https://news.yahoo.co.jp/pickup/6589222,https://news.yahoo.co.jp/articles/d409a62cffa56436afde7c8f27862c7afc93239f,7/25(土) 9:58
top-picks,共同通信,永井豪さんら 米漫画賞で殿堂入り,7/25(土) 9:51,https://news.yahoo.co.jp/pickup/6589219,https://news.yahoo.co.jp/articles/945fa1028a05db7ba274e2fbe7e09b188a7b54db,7/25(土) 9:51
top-picks,テレビ朝日系（ANN）,突然意識失った 熱中症の患者語る,7/25(土) 9:48,https://news.yahoo.co.jp/pickup/6589220,https://news.yahoo.co.jp/articles/137edde6e90e81775c3e92c3a20f6b7177f39d21,7/25(土) 9:48
top-picks,MBSニュース,工場兼住宅で火災 住人の女性死亡,7/25(土) 9:11,https://news.yahoo.co.jp/pickup/6589216,https://news.yahoo.co.jp/articles/8c1b2d62914d6cca32cd9cd8eaba0701f1d0bc36,7/25(土) 9:11
top-picks,週刊女性PRIME,GUに元マルニデザイナー 意図は,7/25(土) 9:10,https://news.yahoo.co.jp/pickup/6589215,https://news.yahoo.co.jp/articles/7fb243f6bf7e9ce79b71e250f8d690aa28de1bd9,7/25(土) 9:10
top-picks,朝日新聞,女性死亡 ひき逃げ疑い運転手逮捕,7/25(土) 9:07,https://news.yahoo.co.jp/pickup/6589217,https://news.yahoo.co.jp/articles/14d826c9de711d7a233b583f1ed58c484de4d4a0,7/25(土) 9:07
top-picks,共同通信,栃木土砂災害 発生7秒で家到達か,7/25(土) 9:00,https://news.yahoo.co.jp/pickup/6589214,https://news.yahoo.co.jp/articles/7970338bce1952ec3a89107ad1b7ab50909add19,7/25(土) 9:00
top-picks,時事通信,27年度予算 概算要求基準案が判明,7/25(土) 8:42,https://news.yahoo.co.jp/pickup/6589213,https://news.yahoo.co.jp/articles/3b783c4025161aae7df8f2e0395723d7927b0c7d,7/25(土) 8:42
top-picks,デイリースポーツ,菅野智之が10勝目 2カ月負けなし,7/25(土) 8:31,https://news.yahoo.co.jp/pickup/6589212,https://news.yahoo.co.jp/articles/033fb752b7d7887f52fae0a40fce76765beab7d5,7/25(土) 8:31
top-picks,デイリースポーツ,GTOなぜ復活 コンプラ厳しい令和,7/25(土) 8:27,https://news.yahoo.co.jp/pickup/6589210,https://news.yahoo.co.jp/articles/102fe09fdefeae7d498e1b17000eb6862bb79ec5,7/25(土) 8:27
top-picks,デイリースポーツ,菅野智之が10勝目 2年連続2桁勝利,7/25(土) 8:21,https://news.yahoo.co.jp/pickup/6589209,https://news.yahoo.co.jp/articles/033fb752b7d7887f52fae0a40fce76765beab7d5,7/25(土) 8:21
top-picks,スポーツナビ,速報 メッツvs.ドジャース,7/25(土) 8:08,https://news.yahoo.co.jp/pickup/6589206,https://news.yahoo.co.jp/articles/d6a9eefe5a64d335cad1e0c802a87d73b39fdf43,7/25(土) 8:08
top-picks,朝日新聞,副首都法2票差で成立 野党は反発,7/25(土) 8:04,https://news.yahoo.co.jp/pickup/6589202,https://news.yahoo.co.jp/articles/6ea3d6b7671ff0d3bdbcaf86e07df0f587b5b1fb,7/25(土) 8:04
top-picks,徳力基彦,ガンダム新作 なぜ午前3時に発表,7/25(土) 8:02,https://news.yahoo.co.jp/pickup/6589205,,7/25(土) 8:02
top-picks,時事通信,トランプ氏 EUに「高関税」警告,7/25(土) 7:56,https://news.yahoo.co.jp/pickup/6589204,https://news.yahoo.co.jp/articles/d7475ee8e1a933d541d155d0076401d98946fa86,7/25(土) 7:56
top-picks,tenki.jp,40℃予想も 初の5日連続酷暑日か,7/25(土) 7:44,https://news.yahoo.co.jp/pickup/6589201,https://news.yahoo.co.jp/articles/dcb6cdbd9b07947e9cc637540168e8eb08925c0e,7/25(土) 7:44
top-picks,西日本新聞me,中尾副議長が議員辞職 地元は憤り,7/25(土) 7:37,https://news.yahoo.co.jp/pickup/6589200,https://news.yahoo.co.jp/articles/4c109d476f0a5ed632ba747bbd808f3b48c779ed,7/25(土) 7:37
top-picks,関西テレビ,台船に女性遺体 夫の遺体見つかる,7/25(土) 7:29,https://news.yahoo.co.jp/pickup/6589199,https://news.yahoo.co.jp/articles/4ab5aceadaf6393fd6327b7ca4d914854ceace35,7/25(土) 7:29
top-picks,共同通信,ゼロパンダ解消困難 日中関係悪化,7/25(土) 7:29,https://news.yahoo.co.jp/pickup/6589198,https://news.yahoo.co.jp/articles/6aad12ff5c50d56378c15bcc0e9fa86564848f6e,7/25(土) 7:29
top-picks,スポニチアネックス,森保監督が異例の半年続投 舞台裏,7/25(土) 7:18,https://news.yahoo.co.jp/pickup/6589195,https://news.yahoo.co.jp/articles/f4187f9482fba0269a4344afb52ee78317b87044,7/25(土) 7:18
top-picks,サッカーキング,守田英正 プレミア・ハルに加入,7/25(土) 7:14,https://news.yahoo.co.jp/pickup/6589196,https://news.yahoo.co.jp/articles/ef48d1d9628c4e39fdde09524286367f1ad8bf5f,7/25(土) 7:14
top-picks,朝日新聞,外国人の永住許可要件 厳格化案,7/24(金) 23:50,https://news.yahoo.co.jp/pickup/6589194,https://news.yahoo.co.jp/articles/56b3334a41749eecfca395752cd41cb944865434,7/24(金) 23:50
top-picks,共同通信,首相 内閣改造と党役員人事検討へ,7/24(金) 23:32,https://news.yahoo.co.jp/pickup/6589193,https://news.yahoo.co.jp/articles/849c77b400086b407d7d61f6754e16eda62a1204,7/24(金) 23:32
top-picks,TBS NEWS DIG Powered by JNN,植松死刑囚に刺され 被害者の歩み,7/24(金) 23:30,https://news.yahoo.co.jp/pickup/6589192,https://news.yahoo.co.jp/articles/995f1a6ee5f7e52a016587d875ff3ec1167f0307,7/24(金) 23:30
top-picks,共同通信,生成AI利用経験者 24年度から倍増,7/24(金) 23:23,https://news.yahoo.co.jp/pickup/6589191,https://news.yahoo.co.jp/articles/5aa4a2d1f88bceb30ad4d8930ff355f2ce94102a,7/24(金) 23:23
top-picks,デイリースポーツ,あと1球から被弾 才木30秒立てず,7/24(金) 23:15,https://news.yahoo.co.jp/pickup/6589188,https://news.yahoo.co.jp/articles/3ae6917f4f12082ad7074d43271faa57a1705801,7/24(金) 23:15
top-picks,中日スポーツ,佐野海舟 自身の市場価値に苦笑い,7/24(金) 22:51,https://news.yahoo.co.jp/pickup/6589187,https://news.yahoo.co.jp/articles/8c0b5ccd2fd4a97494025e22325d8c7baba545ea,7/24(金) 22:51
top-picks,FNNプライムオンライン（フジテレビ系）,霧島市の遺体は不明男児 父親胸中,7/24(金) 22:45,https://news.yahoo.co.jp/pickup/6589185,https://news.yahoo.co.jp/articles/9bec296fcbc70ed432111b0742049ae4fbeb9037,7/24(金) 22:45
top-picks,ロイター,森林火災で非常事態宣言 スペイン,7/24(金) 22:45,https://news.yahoo.co.jp/pickup/6589186,https://news.yahoo.co.jp/articles/05cca72a93cda8775bf79a9c050c624472e90637,7/24(金) 22:45
top-picks,読売新聞オンライン,運転中に猟銃被弾か 女性語る状況,7/24(金) 22:31,https://news.yahoo.co.jp/pickup/6589182,https://news.yahoo.co.jp/articles/4add34093425e6b60110e870a4a573aaebe86013,7/24(金) 22:31
top-picks,OBS大分放送,6月に児童50分放置 学校バス車内,7/24(金) 22:29,https://news.yahoo.co.jp/pickup/6589184,https://news.yahoo.co.jp/articles/6a3e34c613119fff6af66af5187b7c0cac7e8848,7/24(金) 22:29
top-picks,TBS NEWS DIG Powered by JNN,「副首都構想」関連法が成立,7/24(金) 22:12,https://news.yahoo.co.jp/pickup/6589183,https://news.yahoo.co.jp/articles/6d208d86346eb43bc081ca62f13a2d01a85ed4b5,7/24(金) 22:12
top-picks,朝日新聞,LINE ユーザー記録3年半分誤削除,7/24(金) 21:07,https://news.yahoo.co.jp/pickup/6589180,https://news.yahoo.co.jp/articles/b756f1cb07a7d2417c243a5895c829c1dbc66e15,7/24(金) 21:07
top-picks,TBS NEWS DIG Powered by JNN,露軍の航空機 北方領土を領空侵犯,7/24(金) 20:47,https://news.yahoo.co.jp/pickup/6589179,https://news.yahoo.co.jp/articles/ed8c6c300089003003a4fdb3eddd58a7bfbe0230,7/24(金) 20:47
top-picks,時事通信,逃亡の日本赤軍6人 今も国際手配,7/24(金) 20:39,https://news.yahoo.co.jp/pickup/6589178,https://news.yahoo.co.jp/articles/c23dc219d4f7ae483361769046ea5e426e74791c,7/24(金) 20:39
top-picks,共同通信,ベネズエラ地震1カ月 死者5300人,7/24(金) 20:39,https://news.yahoo.co.jp/pickup/6589177,https://news.yahoo.co.jp/articles/e642e0f5b576eb9dc33dba294a8b76f8eaa5ff1e,7/24(金) 20:39
top-picks,読売新聞オンライン,1匹100円 虫駆除奨励で目標達成,7/24(金) 20:06,https://news.yahoo.co.jp/pickup/6589174,https://news.yahoo.co.jp/articles/f3b3e3353e12789e5c3ea30dec549f9d8500fe10,7/24(金) 20:06
top-picks,Media info not found,趣里主演「大空港」好発進の理由,趣里主演の『大空港～GATE24～』の第1回が放送され、世帯視聴率が10.7%と高視聴率でスタートした。,https://news.yahoo.co.jp/pickup/6589163,https://www.oricon.co.jp/news/2469788/full/,7/24(金) 20:02
top-picks,朝日新聞,19人殺害から10年 やまゆり園は今,7/24(金) 20:01,https://news.yahoo.co.jp/pickup/6589175,https://news.yahoo.co.jp/articles/1586b85dfb074f620ddeea9e1cdef23329f36f5c,7/24(金) 20:01
top-picks,産経新聞,首相の睡眠 海外メディアも注目,7/24(金) 19:59,https://news.yahoo.co.jp/pickup/6589176,https://news.yahoo.co.jp/articles/ea3fb879a85c4a148f6a6e29cec4fd4064cebde1,7/24(金) 19:59
top-picks,読売新聞オンライン,不法残留外国人の摘発強化へ 政府,7/24(金) 19:43,https://news.yahoo.co.jp/pickup/6589168,https://news.yahoo.co.jp/articles/e842a172796d882130d1c3218eb287f1576e6d2d,7/24(金) 19:43
top-picks,TBS NEWS DIG Powered by JNN,ニチレイ 出荷業務などすべて復旧,7/24(金) 19:11,https://news.yahoo.co.jp/pickup/6589173,https://news.yahoo.co.jp/articles/533681b67cf28f502078ff8f9fb20c8aa9ece540,7/24(金) 19:11
top-picks,YBS山梨放送,湖で男性死亡 近くにSUPボード,7/24(金) 19:06,https://news.yahoo.co.jp/pickup/6589172,https://news.yahoo.co.jp/articles/40454105507d80f28ddadefaf393ea4cc8418532,7/24(金) 19:06
top-picks,CHANTO WEB,岸田健作 いいとも出演で息苦しく,7/24(金) 18:59,https://news.yahoo.co.jp/pickup/6589171,https://news.yahoo.co.jp/articles/523c1f48a42ffefa9deefbecd4fda3f4b9ffab8f,7/24(金) 18:59
top-picks,時事通信,いよぎんHDと愛媛銀 来年4月統合,7/24(金) 18:37,https://news.yahoo.co.jp/pickup/6589170,https://news.yahoo.co.jp/articles/17d8dc3bc01dc127ccd796010aa6279b5e3de63c,7/24(金) 18:37
top-picks,tbc東北放送,動物園ペンギン全滅 暑さではない,7/24(金) 18:02,https://news.yahoo.co.jp/pickup/6589167,https://news.yahoo.co.jp/articles/d210836bcadbdc249731871764ffce2e944c0079,7/24(金) 18:02
top-picks,青森放送,「私かも」児童ひき逃げ巡り出頭,7/24(金) 18:00,https://news.yahoo.co.jp/pickup/6589166,https://news.yahoo.co.jp/articles/df7fe9dfc62b0e3fc659490af2f8db44d61fc218,7/24(金) 18:00
top-picks,テレビ朝日系（ANN）,南鳥島レアアース泥 分析結果公表,7/24(金) 17:55,https://news.yahoo.co.jp/pickup/6589165,https://news.yahoo.co.jp/articles/6bc347954aae8b61d231186f5a9ccbb9f0f49cb6,7/24(金) 17:55
top-picks,スポニチアネックス,JFA 外国人監督を検討も森保氏に,7/24(金) 17:47,https://news.yahoo.co.jp/pickup/6589162,https://news.yahoo.co.jp/articles/c34ca96477f6e0e13a06657fd55fabfd962e5a19,7/24(金) 17:47
top-picks,ABCニュース,死覚悟も 滑落→救助までの48時間,7/24(金) 17:40,https://news.yahoo.co.jp/pickup/6589159,https://news.yahoo.co.jp/articles/6ae91f1acd85b3ee9b93cb5d8efbd0ea9d281308,7/24(金) 17:40
top-picks,NBS長野放送,長野の親子3人死傷 父親を再逮捕,7/24(金) 17:37,https://news.yahoo.co.jp/pickup/6589157,https://news.yahoo.co.jp/articles/e491d40987d324c50f3ef719474128e567eae628,7/24(金) 17:37
top-picks,Yahoo!リアルタイム検索,都内で大雨 現地からのSNS投稿,7/24(金) 17:30,https://news.yahoo.co.jp/pickup/6589160,https://news.yahoo.co.jp/articles/e9c791e19f5a8fa6169ee0543d055100125dc17d,7/24(金) 17:30
top-picks,読売新聞オンライン,パンチ もうぬいぐるみ持ち出さず,7/24(金) 17:20,https://news.yahoo.co.jp/pickup/6589158,https://news.yahoo.co.jp/articles/ce1a21bb6c1ea48f2e1c39ce8101b9c538cd222a,7/24(金) 17:20
top-picks,デイリースポーツ,近畿センバツ出場校全滅 33年ぶり,7/24(金) 17:20,https://news.yahoo.co.jp/pickup/6589156,https://news.yahoo.co.jp/articles/84f3de9fbaffe78e8e1f5c71adde13806c2d0b21,7/24(金) 17:20
top-picks,FNNプライムオンライン（フジテレビ系）,副首都法案 与野党駆け引き大詰め,7/24(金) 16:56,https://news.yahoo.co.jp/pickup/6589154,https://news.yahoo.co.jp/articles/0c3aad1e19809ea78e45047c3aa245dac6e8f45d,7/24(金) 16:56
top-picks,ＡＦＰ＝時事,世銀 中国への融資を段階的に廃止,7/24(金) 16:52,https://news.yahoo.co.jp/pickup/6589149,,7/24(金) 16:52
top-picks,朝日新聞,タワマン「空室税」神戸市に答申,7/24(金) 16:50,https://news.yahoo.co.jp/pickup/6589151,https://news.yahoo.co.jp/articles/aff8cda697f452338a6afb7341c71f5691ffd124,7/24(金) 16:50
top-picks,日テレNEWS NNN,唇縫う行為強要した疑い 女再逮捕,7/24(金) 16:48,https://news.yahoo.co.jp/pickup/6589153,https://news.yahoo.co.jp/articles/1ec027a255a0721bb4295298f5c6fea28acf4334,7/24(金) 16:48
top-picks,MBC南日本放送,川の遺体 不明の5歳男児と判明,7/24(金) 16:41,https://news.yahoo.co.jp/pickup/6589155,https://news.yahoo.co.jp/articles/115adf9ae3454df45a9ec8fee39cc500d8b1cbd1,7/24(金) 16:41
top-picks,共同通信,コメの民間在庫 適正量を大幅超過,7/24(金) 16:19,https://news.yahoo.co.jp/pickup/6589152,https://news.yahoo.co.jp/articles/2fbc3cc96601341d47ef4646573a1f7f7d056c4f,7/24(金) 16:19
top-picks,スポーツ報知,大勢が球宴辞退 肘の張りで離脱中,7/24(金) 16:14,https://news.yahoo.co.jp/pickup/6589150,https://news.yahoo.co.jp/articles/da3cc0242be398e89cc4e3de4932baa4fcfece6a,7/24(金) 16:14
top-picks,毎日新聞,映画監督・榊被告に2審も実刑判決,7/24(金) 15:57,https://news.yahoo.co.jp/pickup/6589148,https://news.yahoo.co.jp/articles/07a7f07272673178d95df5028284a0391ff0f8fd,7/24(金) 15:57
top-picks,ENCOUNT,銭形平次役の亀梨 銭投げに自信,7/24(金) 15:18,https://news.yahoo.co.jp/pickup/6589147,https://news.yahoo.co.jp/articles/ad0b676907788ba41b2abf7d0431f03800cb8c1d,7/24(金) 15:18
top-picks,スポニチアネックス,JFA会長が説明 森保氏の半年続投,7/24(金) 15:16,https://news.yahoo.co.jp/pickup/6589144,https://news.yahoo.co.jp/articles/8d923216405e1dafdbc6eb7b2d6b9e00d97af3f6,7/24(金) 15:16
top-picks,朝日新聞,プルデンシャル被害 新たに125人,7/24(金) 15:11,https://news.yahoo.co.jp/pickup/6589145,https://news.yahoo.co.jp/articles/3bcd6996dc8be1f2a5beccbe1f6d1b944cd7780c,7/24(金) 15:11
top-picks,Media info not found,山田氏死去 フライング投稿が物議,コラムニストで評論家の山田五郎さんが7月14日に亡くなっていたことが22日、公式YouTubeチャンネルで公表されました。ところが、発表前にフライング的に逝去を知らせる投稿がSNSに散見され、Xでは発表前から山田さんの情報が独り歩きする状況にもなっていました。誰かの旅立ちを知った時、その思いとどう向き合うのか。人の数だけ答えがある領域ではあります。ただ、それが発信と結びつくと、あらゆる味が棚引くことにもなります。,https://news.yahoo.co.jp/pickup/6589146,https://news.yahoo.co.jp/articles/14dcaab9c53aa7352f9af54248964a72c011a273,7/24(金) 14:56
top-picks,Media info not found,あふれる名言フェイク動画 背景は,美輪明宏さんや松下幸之助氏、所ジョージさんなどの名言動画がYouTubeにあふれています。しかし、ほとんどがフェイクなのだとか。,https://news.yahoo.co.jp/pickup/6589130,https://news.web.nhk/newsweb/na/na-k10015178341000,7/24(金) 14:41
top-picks,Media info not found,山田氏訃報投稿 問われるSNS作法,コラムニストで評論家の山田五郎さんが7月14日に亡くなっていたことが22日、公式YouTubeチャンネルで公表されました。ところが、発表前にフライング的に逝去を知らせる投稿がSNSに散見され、Xでは発表前から山田さんの情報が独り歩きする状況にもなっていました。誰かの旅立ちを知った時、その思いとどう向き合うのか。人の数だけ答えがある領域ではあります。ただ、それが発信と結びつくと、あらゆる味が棚引くことにもなります。,https://news.yahoo.co.jp/pickup/6589134,https://news.yahoo.co.jp/articles/14dcaab9c53aa7352f9af54248964a72c011a273,7/24(金) 14:40
top-picks,tenki.jp,4日連続で酷暑日 過去最長と並ぶ,7/24(金) 14:15,https://news.yahoo.co.jp/pickup/6589143,https://news.yahoo.co.jp/articles/1e6d3464fbca854b855d925dab5e7d42c7a27832,7/24(金) 14:15
top-picks,Yahoo!ニュース,中継 森保監督らが記者会見,7/24(金) 13:57,https://news.yahoo.co.jp/pickup/6589141,,7/24(金) 13:57
top-picks,KBC九州朝日放送,副議長辞職 告発の県議を告訴方針,7/24(金) 13:46,https://news.yahoo.co.jp/pickup/6589142,https://news.yahoo.co.jp/articles/ef285ecf0d0875b1ea4e8655aeb386005b959662,7/24(金) 13:46
top-picks,FNNプライムオンライン（フジテレビ系）,トランプ政権の新関税が発動,7/24(金) 13:36,https://news.yahoo.co.jp/pickup/6589139,https://news.yahoo.co.jp/articles/39ef6efe3fc5d3020605ec98dae6b747b4e2c4c7,7/24(金) 13:36
top-picks,Media info not found,甲子園7回制より必要な暑さ対策は,　9回制維持か。7回制導入か。高野連は大きな岐路に立っている。昨年12月に「7イニング制等高校野球の諸課題検討会議」の出した結論は「2028年を目処に全ての公式戦で7イニング制の採用が望ましい」というものだった。しかし加盟校を対象としたアンケート調査では反対意見が70%を占めた。最終報告書では全国大会を「長期休業中」に「甲子園」で開催することを前提としていたが5月30日と6月6日に実施した意見交換会ではこの部分について指摘する声もあった。イニング数以外のもっと大きな改革が必要なのではないだろうか。,https://news.yahoo.co.jp/pickup/6589133,https://www.asahi.com/articles/ASV6914DWV69PTQP00FM.html,7/24(金) 13:34
top-picks,朝日新聞,3人死傷 逆転無罪の二審見直しか,7/24(金) 13:30,https://news.yahoo.co.jp/pickup/6589140,https://news.yahoo.co.jp/articles/469f13cf9b0c1992ba710ca0a2cd8b53f36cc6a8,7/24(金) 13:30
top-picks,STVニュース北海道,北海道根室市 ほぼ全域で断水続く,7/24(金) 13:15,https://news.yahoo.co.jp/pickup/6589138,https://news.yahoo.co.jp/articles/bcf258cd055e897bd4188fe24dcbc43ce1fa3514,7/24(金) 13:15
top-picks,Media info not found,復活「GTO」が描く昭和と令和,夏ドラマの注目作の1作となる『GTO』（カンテレ・フジテレビ系）がスタートした。1998年放送の前作から、単発のスペシャルドラマを挟んで実に26年ぶりの連続ドラマへの復活となったが、初回放送後はSNSもネットニュースもポジティブなリアクションがあふれている。,https://news.yahoo.co.jp/pickup/6589131,https://thetv.jp/news/detail/1426334/,7/24(金) 13:08
top-picks,日刊スポーツ,森保監督半年だけ続投 いびつ人事,7/24(金) 13:04,https://news.yahoo.co.jp/pickup/6589135,https://news.yahoo.co.jp/articles/4c309152fc0d8bfd7c6efcba01d012ca8301ec8a,7/24(金) 13:04
top-picks,時事通信,ユーロ新紙幣 ベートーベンら候補,7/24(金) 12:47,https://news.yahoo.co.jp/pickup/6589137,https://news.yahoo.co.jp/articles/f69ff35c29924462a558a19d43da9881a3744208,7/24(金) 12:47
top-picks,Media info not found,酒税改正「ビール選び」に影響は,　10月の酒税法改正で、ビールや第３のビールなどの酒税が一本化されます。減税となるビールは第３のビールや発泡酒との価格差が縮まるため、「ビール回帰」を見込んで大手各社はビールの新商品投入や定番ブランドの刷新など、相次いで独自の戦略を打ち出しています。,https://news.yahoo.co.jp/pickup/6589129,https://shokuhin.net/153582/2026/07/17/topnews/,7/24(金) 12:46
top-picks,スポーツ報知,昨夏甲子園準優勝 日大三が敗退,7/24(金) 12:38,https://news.yahoo.co.jp/pickup/6589136,https://news.yahoo.co.jp/articles/aac3dd6f150570be2ebcbb946f9a88fe1d9579d1,7/24(金) 12:38
top-picks,netkeirin,急逝の伏見俊昭さん 選手登録消除,7/24(金) 12:28,https://news.yahoo.co.jp/pickup/6589128,https://news.yahoo.co.jp/articles/c3459994432024a13c182685173830caf1a21aa9,7/24(金) 12:28
top-picks,読売新聞オンライン,現職市長が産休 市政はチーム運営,7/24(金) 12:28,https://news.yahoo.co.jp/pickup/6589132,https://news.yahoo.co.jp/articles/6ea2461647badfd9572bd59722fefd67f94a5374,7/24(金) 12:28
top-picks,静岡朝日テレビ,リニア開業時期 年内にも公表へ,7/24(金) 12:12,https://news.yahoo.co.jp/pickup/6589127,https://news.yahoo.co.jp/articles/f051498f8ea04a0c7c352f9a395f4c15dcddf18d,7/24(金) 12:12
top-picks,47NEWS,韓国俳優なぜ日本へ 意外な事情,7/24(金) 12:04,https://news.yahoo.co.jp/pickup/6589125,https://news.yahoo.co.jp/articles/865c2045ecfda073816bef7302fcfaa68a02e2db,7/24(金) 12:04
top-picks,朝日新聞,Teamsで障害 会議や通話に不具合,7/24(金) 11:59,https://news.yahoo.co.jp/pickup/6589126,https://news.yahoo.co.jp/articles/ef7e41c5dd219fa6ec6d1320367d3456901b04cf,7/24(金) 11:59
top-picks,朝日新聞,総務省がXなど5社勧告 情プラ法,7/24(金) 11:52,https://news.yahoo.co.jp/pickup/6589119,https://news.yahoo.co.jp/articles/9bd3f2f5bed5a88d8ece7937682d65b2ce5ba66d,7/24(金) 11:52
top-picks,Full-Count,横浜が慶応破り決勝へ 県内38連勝,7/24(金) 11:49,https://news.yahoo.co.jp/pickup/6589123,https://news.yahoo.co.jp/articles/209a51d87c8bfbae5fdc1729b4f78680bcb7b42d,7/24(金) 11:49
top-picks,デイリー新潮,「Tシャツが乾くまで」なぜ評判,7/24(金) 11:38,https://news.yahoo.co.jp/pickup/6589120,https://news.yahoo.co.jp/articles/c57aede41cbfd26fc766b70107c126d30057542e,7/24(金) 11:38
top-picks,読売新聞オンライン,息子が豪雨で殉職 誇りに思うと親,7/24(金) 11:36,https://news.yahoo.co.jp/pickup/6589121,https://news.yahoo.co.jp/articles/2e61240e0640e3f5fc8b62627d5a9e7040b3fc0b,7/24(金) 11:36
top-picks,日テレNEWS NNN,日経平均 一時2000円超の下げ幅,7/24(金) 11:29,https://news.yahoo.co.jp/pickup/6589118,https://news.yahoo.co.jp/articles/146a75d48ffa9e2c2bbdd95de9b20edc6a093317,7/24(金) 11:29
top-picks,TNCテレビ西日本,福岡県議会の中尾副議長 議員辞職,7/24(金) 11:26,https://news.yahoo.co.jp/pickup/6589122,https://news.yahoo.co.jp/articles/d42dfe07b2d74e30c06ef8637561637a635d911c,7/24(金) 11:26
top-picks,スポーツナビ,速報・高校野球 横浜vs.慶応,7/24(金) 10:57,https://news.yahoo.co.jp/pickup/6589117,,7/24(金) 10:57
top-picks,FBS福岡放送,福岡知事ら 今後1年海外活動せず,7/24(金) 10:54,https://news.yahoo.co.jp/pickup/6589115,https://news.yahoo.co.jp/articles/714a83803a788ad1fd99b01e7163d65e0644f1f7,7/24(金) 10:54
top-picks,スポーツナビ,速報 横浜・織田がノーノー継続中,7/24(金) 10:49,https://news.yahoo.co.jp/pickup/6589116,,7/24(金) 10:49
top-picks,毎日新聞,バレー・佐藤被告 起訴内容認める,7/24(金) 10:26,https://news.yahoo.co.jp/pickup/6589114,https://news.yahoo.co.jp/articles/12f5a078095190ccef09f5ca1e298610a098ca3d,7/24(金) 10:26
top-picks,熊本日日新聞,陸自情報部隊 私的な情報も収集か,7/24(金) 10:05,https://news.yahoo.co.jp/pickup/6589113,https://news.yahoo.co.jp/articles/354bd15fe04a6b64244aa7a30cf36b5d7f3b7b03,7/24(金) 10:05
top-picks,テレビ朝日系（ANN）,車突っ込む事故 運転手は熱中症か,7/24(金) 10:00,https://news.yahoo.co.jp/pickup/6589111,https://news.yahoo.co.jp/articles/4a17ac552f45cd206aab918fb980f6c2fa71e11d,7/24(金) 10:00
top-picks,オリコン,映画「ちいかわ」公開 満席続々,7/24(金) 9:48,https://news.yahoo.co.jp/pickup/6589112,https://news.yahoo.co.jp/articles/19e6306ca36b912ce2eee031d419e1bfac65c14d,7/24(金) 9:48
top-picks,朝日新聞,露の最新鋭機「スホイ57」墜落か,7/24(金) 9:46,https://news.yahoo.co.jp/pickup/6589107,https://news.yahoo.co.jp/articles/8f120bbf7aff5dbf0ddfc7a2b41955686a041655,7/24(金) 9:46
top-picks,日本農業新聞,熱中症か 農家の死亡事故後絶たず,7/24(金) 9:42,https://news.yahoo.co.jp/pickup/6589108,,7/24(金) 9:42
top-picks,オリコン,ちいかわ上映 鬼滅規模の劇場も,7/24(金) 9:37,https://news.yahoo.co.jp/pickup/6589109,https://news.yahoo.co.jp/articles/19e6306ca36b912ce2eee031d419e1bfac65c14d,7/24(金) 9:37
top-picks,デイリースポーツ,横浜・織田 初回いきなり156キロ,7/24(金) 9:36,https://news.yahoo.co.jp/pickup/6589110,https://news.yahoo.co.jp/articles/a93bfc1aaf96479fcb38fed5641094d89be20459,7/24(金) 9:36
top-picks,オリコン,山田五郎さん死去 著作の注文殺到,7/24(金) 9:11,https://news.yahoo.co.jp/pickup/6589106,https://news.yahoo.co.jp/articles/76b2db4100c6361147833e49720de12bde34e06d,7/24(金) 9:11
top-picks,読売新聞オンライン,ドクターヘリ運航危惧 整備士不足,7/24(金) 9:01,https://news.yahoo.co.jp/pickup/6589102,https://news.yahoo.co.jp/articles/7d063a063d34b428d78f712720b91c2d6a08a61b,7/24(金) 9:01
top-picks,スポーツナビ,速報・高校野球 横浜vs.慶応,7/24(金) 8:59,https://news.yahoo.co.jp/pickup/6589105,,7/24(金) 8:59
top-picks,CHANTO WEB,歌手・麻倉未稀 乳がん経た人生観,7/24(金) 8:43,https://news.yahoo.co.jp/pickup/6589103,https://news.yahoo.co.jp/articles/70eba5e55101e12c2b8e97afabeef6ff2be3a7d7,7/24(金) 8:43
top-picks,デイリースポーツ,慶応vs.横浜 早朝からファン集結,7/24(金) 8:29,https://news.yahoo.co.jp/pickup/6589101,https://news.yahoo.co.jp/articles/a0a75800d0df78e45e4b3cf2e60ae4c0c1c2ebc8,7/24(金) 8:29
top-picks,日テレNEWS NNN,参議院の英語表記 Senateへ変更,7/24(金) 8:19,https://news.yahoo.co.jp/pickup/6589098,https://news.yahoo.co.jp/articles/e0d6feeca95059636287849999533d0ada7fc0ab,7/24(金) 8:19
top-picks,tenki.jp,関東や東北 激しい雨や雷に注意,7/24(金) 8:03,https://news.yahoo.co.jp/pickup/6589097,https://news.yahoo.co.jp/articles/baadd1d25a7684cffcc70394d10df35cd9c743eb,7/24(金) 8:03
top-picks,スポーツ報知,SBサヨナラ打にオリがリクエスト,7/24(金) 7:59,https://news.yahoo.co.jp/pickup/6589095,https://news.yahoo.co.jp/articles/2442ba3a7f8efdf1cb25559da5de9e749e64b359,7/24(金) 7:59
top-picks,茨城新聞クロスアイ,蛇口盗難に農家「死活問題」茨城,7/24(金) 7:58,https://news.yahoo.co.jp/pickup/6589096,https://news.yahoo.co.jp/articles/3c08864bccb23e8362fdc9786a79ae91b5a2a642,7/24(金) 7:58
top-picks,朝日新聞,ストリーミング詐欺 悩む音楽業界,7/24(金) 7:55,https://news.yahoo.co.jp/pickup/6589094,https://news.yahoo.co.jp/articles/659b3733928f1c8f003f0043ec3df7d25e22e752,7/24(金) 7:55
top-picks,TBS NEWS DIG Powered by JNN,米がイランへ大規模攻撃検討 報道,7/24(金) 7:38,https://news.yahoo.co.jp/pickup/6589091,https://news.yahoo.co.jp/articles/523e9b05d57e2de14049145b3b3dd3b0ed90468b,7/24(金) 7:38
top-picks,朝日新聞,米政権が新関税発表 日本は12.5%,7/24(金) 7:21,https://news.yahoo.co.jp/pickup/6589090,https://news.yahoo.co.jp/articles/056cc8225644344243abcab47b92da702b7cdc14,7/24(金) 7:21
top-picks,オリコン,ガンダム新作発表 2027年に展開,7/24(金) 6:55,https://news.yahoo.co.jp/pickup/6589089,https://news.yahoo.co.jp/articles/e029257539a92ddab04c337a0b70d39baf15cd65,7/24(金) 6:55
top-picks,tenki.jp,8月初旬 関東甲信など40℃以上か,7/24(金) 6:45,https://news.yahoo.co.jp/pickup/6589088,https://news.yahoo.co.jp/articles/4be71cfcd2436d50f147db1d6b8835b57b658ff1,7/24(金) 6:45
top-picks,スポーツ報知,トランプ氏 スピーチで大谷を絶賛,7/24(金) 6:30,https://news.yahoo.co.jp/pickup/6589087,https://news.yahoo.co.jp/articles/73c97bc52d3ee4ad53173d2e92045adde53e351d,7/24(金) 6:30
top-picks,Full-Count,麟太郎 スペイン語の勉強始めたい,7/24(金) 6:17,https://news.yahoo.co.jp/pickup/6589086,https://news.yahoo.co.jp/articles/2865179e906606f32e3c549a9cfe2d5c4441492a,7/24(金) 6:17
top-picks,朝日新聞,元日本赤軍 岡本公三容疑者が死亡,7/24(金) 6:09,https://news.yahoo.co.jp/pickup/6589085,https://news.yahoo.co.jp/articles/7c14f72644a610a2e4e061c5e4a72261d94ff533,7/24(金) 6:09
top-picks,テレビ朝日系（ANN）,入国警備官に退職自衛官を活用へ,7/23(木) 23:49,https://news.yahoo.co.jp/pickup/6589084,https://news.yahoo.co.jp/articles/99e073bf7f3b40bbe798225548085f2de9091255,7/23(木) 23:49
top-picks,Media info not found,中国の「Kimi K3」AI覇権に新局面,中国のAIスタートアップ「Moonshot AI」が、最新の大規模言語モデル「Kimi K3」を発表してから数日が経過しました。2.8兆という桁違いのパラメータ数を誇るこのオープンモデルは、一部の性能テストで米国のトップAIを上回る成績を叩き出し、世界中を驚かせました。しかし、その熱狂の裏で、彼らは思わぬ「物理的な壁」に直面し、新規の有料契約を一時停止する事態となっています。,https://news.yahoo.co.jp/pickup/6589083,https://twitter.com/Kimi_Moonshot/status/2078855608565207130,7/23(木) 23:30
top-picks,聯合ニュース,大雨で北朝鮮の地雷流出か 韓国軍,7/23(木) 23:18,https://news.yahoo.co.jp/pickup/6589082,https://news.yahoo.co.jp/articles/96a745ef82222dba10a4076518e1b3889c838566,7/23(木) 23:18
top-picks,弁護士ドットコムニュース,セブン従業員が不正転売 法的には,7/23(木) 23:12,https://news.yahoo.co.jp/pickup/6589081,https://news.yahoo.co.jp/articles/0cfe1dc137d7aa3fd1d2ea09d20079c843d77c55,7/23(木) 23:12
top-picks,共同通信,愛媛2行 経営統合に向け最終調整,7/23(木) 23:10,https://news.yahoo.co.jp/pickup/6589080,,7/23(木) 23:10
top-picks,熊本ニュース KAB ONLINE,刃物を持った男に警官が発砲 映像,7/23(木) 23:00,https://news.yahoo.co.jp/pickup/6589078,https://news.yahoo.co.jp/articles/66295671f6df396aab1289b87866e24967397c1d,7/23(木) 23:00
top-picks,市民タイムスWEB,ツバメとスズメ 隣同士で子育て,7/23(木) 22:36,https://news.yahoo.co.jp/pickup/6589077,https://news.yahoo.co.jp/articles/e5b486c481a44856cb9362b4ac6c3242c6d3f97b,7/23(木) 22:36
top-picks,CNN.co.jp,伊南部で山火事 猫を放火に利用,7/23(木) 22:28,https://news.yahoo.co.jp/pickup/6589076,,7/23(木) 22:28
top-picks,J-CASTニュース,永谷園「モコモコ」12年ぶり復活,7/23(木) 22:19,https://news.yahoo.co.jp/pickup/6589075,https://news.yahoo.co.jp/articles/761310b9465980bcab426cbf0ee2423d5edead0b,7/23(木) 22:19
top-picks,日刊スポーツ,三山凌輝 8月のイベ出演を見送り,7/23(木) 22:05,https://news.yahoo.co.jp/pickup/6589074,https://news.yahoo.co.jp/articles/ffa079b1af518a2c3c4913d99fc9b8e03eaa99f5,7/23(木) 22:05
top-picks,Number Web,佐野海舟 ブラジル戦ゴールの真相,7/23(木) 21:52,https://news.yahoo.co.jp/pickup/6589073,https://news.yahoo.co.jp/articles/efe77d0d67e38da88177b2fcf5c7bd2ac27ed301,7/23(木) 21:52
top-picks,ＳＢＣ信越放送,山岳部の女子高校生 奥穂高で滑落,7/23(木) 21:38,https://news.yahoo.co.jp/pickup/6589072,https://news.yahoo.co.jp/articles/c62c539244627b347b90f170dedf845d4bd30627,7/23(木) 21:38
top-picks,Number Web,佐野海舟 インターセプト弾の真相,7/23(木) 21:31,https://news.yahoo.co.jp/pickup/6589071,https://news.yahoo.co.jp/articles/efe77d0d67e38da88177b2fcf5c7bd2ac27ed301,7/23(木) 21:31
top-picks,日刊スポーツ,森保氏続投 来年2月アジア杯まで,7/23(木) 21:16,https://news.yahoo.co.jp/pickup/6589070,https://news.yahoo.co.jp/articles/4d3e210066647380d417dacb9ac538d464183d95,7/23(木) 21:16
top-picks,ピンズバNEWS,チェーン店参戦 タコスブームの今,7/23(木) 21:11,https://news.yahoo.co.jp/pickup/6589068,https://news.yahoo.co.jp/articles/f9cf27c650d88d222a1a1c845f58ca79058be568,7/23(木) 21:11
top-picks,共同通信,パナ 男性向け化粧品分野に進出へ,7/23(木) 20:52,https://news.yahoo.co.jp/pickup/6589066,https://news.yahoo.co.jp/articles/fd4ebfef3c9ffb1ff4c65dbd5a26ac94e389a073,7/23(木) 20:52
top-picks,FNNプライムオンライン（フジテレビ系）,海外で代理出産した夫婦 娘と対面,7/23(木) 20:47,https://news.yahoo.co.jp/pickup/6589067,https://news.yahoo.co.jp/articles/6ec4999308326fc3820a4eef21638a12c45c80ff,7/23(木) 20:47
top-picks,TBS NEWS DIG Powered by JNN,皇室典範改正 麻生氏「ようやく」,7/23(木) 20:43,https://news.yahoo.co.jp/pickup/6589065,https://news.yahoo.co.jp/articles/5d4ea53573136832e4a87111f1492283f5d061e6,7/23(木) 20:43
top-picks,デイリースポーツ,那須川天心 会見運営に不満爆発,7/23(木) 20:36,https://news.yahoo.co.jp/pickup/6589063,https://news.yahoo.co.jp/articles/9e958a53fa999e0dfaa11347550e2ab0c8a124b7,7/23(木) 20:36
top-picks,河北新報,動物園でペンギン全4羽相次ぎ死ぬ,7/23(木) 20:21,https://news.yahoo.co.jp/pickup/6589060,https://news.yahoo.co.jp/articles/23754626b13a61033c1de06ec32fbbe115195c7a,7/23(木) 20:21
top-picks,スポニチアネックス,ONE PIECEマガジン発売延期 謝罪,7/23(木) 20:19,https://news.yahoo.co.jp/pickup/6589061,https://news.yahoo.co.jp/articles/348f0201e036ebfe6b282ae8a03eb8aea7c309d2,7/23(木) 20:19
top-picks,スポーツ報知,柳葉敏郎の長男 甲子園出場に王手,7/23(木) 20:01,https://news.yahoo.co.jp/pickup/6589059,https://news.yahoo.co.jp/articles/84d56be9d9946978d94b8af419925541a9dcaabd,7/23(木) 20:01
top-picks,毎日新聞,都こんぶ 外国産使用39万袋を回収,7/23(木) 19:52,https://news.yahoo.co.jp/pickup/6589058,https://news.yahoo.co.jp/articles/2506b96a20a620c5da5bc1dbd04ae4c48c814f6f,7/23(木) 19:52
top-picks,Media info not found,「100g451円」輸入牛高騰 今後は,　「輸入牛肉は国産牛肉より安い」という常識が大きく揺らいでいます。農林水産省の食品価格動向調査によると、7月中旬に全国のスーパーなどで販売された輸入牛肉ロースの平均価格は100グラムあたり451円となり、2003年の調査開始以降で過去最高を更新しました。,https://news.yahoo.co.jp/pickup/6589044,https://www.fnn.jp/articles/-/1080196,7/23(木) 19:31
top-picks,朝日新聞,EU グーグルに制裁金1660億円,7/23(木) 19:26,https://news.yahoo.co.jp/pickup/6589057,https://news.yahoo.co.jp/articles/cacf13a72d63243f3da95431ffbbac8801029103,7/23(木) 19:26
top-picks,読売テレビ,ため池2人死亡 熱中症の可能性も,7/23(木) 19:10,https://news.yahoo.co.jp/pickup/6589056,https://news.yahoo.co.jp/articles/0c622aecdbbf757f775d689c5dd0928438cc721e,7/23(木) 19:10
top-picks,サンテレビ,甲子園大学 27年度以降の募集停止,7/23(木) 19:08,https://news.yahoo.co.jp/pickup/6589054,https://news.yahoo.co.jp/articles/8347e2cd6b568f5d9ae65086158575374a0a1c64,7/23(木) 19:08
top-picks,ロイター,フーシ派 サウジのタンカーを攻撃,7/23(木) 18:54,https://news.yahoo.co.jp/pickup/6589055,,7/23(木) 18:54
top-picks,デイリースポーツ,帝京 大逆転で東東京大会4強入り,7/23(木) 18:48,https://news.yahoo.co.jp/pickup/6589053,https://news.yahoo.co.jp/articles/fcc545595b19ceae6712eeac254d4ef6c9ad5679,7/23(木) 18:48
top-picks,スポニチアネックス,橋木太希は1年間の騎乗停止 JRA,7/23(木) 18:44,https://news.yahoo.co.jp/pickup/6589052,https://news.yahoo.co.jp/articles/0ffb269ea23e2fdf3379a4d747cd209d53a317ac,7/23(木) 18:44
top-picks,朝日新聞,寝てください 首相に自民幹部進言,7/23(木) 18:33,https://news.yahoo.co.jp/pickup/6589051,https://news.yahoo.co.jp/articles/e29e617a566db2aea3b34bbb2aed47eaea8ff95c,7/23(木) 18:33
top-picks,Media info not found,中国AI「Kimi K3」立ちはだかる壁,中国のAIスタートアップ「Moonshot AI」が、最新の大規模言語モデル「Kimi K3」を発表してから数日が経過しました。2.8兆という桁違いのパラメータ数を誇るこのオープンモデルは、一部の性能テストで米国のトップAIを上回る成績を叩き出し、世界中を驚かせました。しかし、その熱狂の裏で、彼らは思わぬ「物理的な壁」に直面し、新規の有料契約を一時停止する事態となっています。,https://news.yahoo.co.jp/pickup/6589041,https://twitter.com/Kimi_Moonshot/status/2078855608565207130,7/23(木) 18:27
top-picks,ロイター,ダスキン 上海子会社を解散,7/23(木) 18:14,https://news.yahoo.co.jp/pickup/6589049,,7/23(木) 18:14
top-picks,MBSニュース,大音量で不眠症にさせた疑い 逮捕,7/23(木) 18:03,https://news.yahoo.co.jp/pickup/6589045,https://news.yahoo.co.jp/articles/65a378adc73708f4fb4a89f05126200934676a90,7/23(木) 18:03
top-picks,毎日新聞,ラピダス進出 千歳市の「誤算」,7/23(木) 18:02,https://news.yahoo.co.jp/pickup/6589048,https://news.yahoo.co.jp/articles/903b1c9c6c088e07a3bb9974a7276a905065227a,7/23(木) 18:02
top-picks,時事通信,「き～ざくら～」の歌い手 初公募,7/23(木) 18:00,https://news.yahoo.co.jp/pickup/6589040,https://news.yahoo.co.jp/articles/d0c7ff2d79e77726d08c7051ad43cade0aa3a443,7/23(木) 18:00
top-picks,FOOTBALL ZONE,森保監督の続投決定 後任は大岩氏,7/23(木) 17:56,https://news.yahoo.co.jp/pickup/6589047,https://news.yahoo.co.jp/articles/bd57cb1d5ebbff8aa91fbd51222eda8a69f807e1,7/23(木) 17:56
top-picks,熊本日日新聞,陸自情報部隊が「愛国心」調査か,7/23(木) 17:46,https://news.yahoo.co.jp/pickup/6589038,https://news.yahoo.co.jp/articles/54814fef0520b0ac5eb28826396a71d844b8dac4,7/23(木) 17:46
top-picks,ＡＴＶ青森テレビ,運転中に猟銃の弾当たったか けが,7/23(木) 17:29,https://news.yahoo.co.jp/pickup/6589037,,7/23(木) 17:29
top-picks,日テレNEWS NNN,遺体発見 JFE事故の作業員と判明,7/23(木) 17:23,https://news.yahoo.co.jp/pickup/6589036,https://news.yahoo.co.jp/articles/c4c39d21954540a6f266d0fede3e4389bee72794,7/23(木) 17:23
top-picks,毎日新聞,ラピダス進出 千歳市人口巡り誤算,7/23(木) 17:14,https://news.yahoo.co.jp/pickup/6589035,https://news.yahoo.co.jp/articles/903b1c9c6c088e07a3bb9974a7276a905065227a,7/23(木) 17:14
top-picks,共同通信,日本郵便「指定日営業」導入検討,7/23(木) 17:06,https://news.yahoo.co.jp/pickup/6589034,https://news.yahoo.co.jp/articles/a2046af7487784b0979b9f843e4788f5f3eacb2b,7/23(木) 17:06
top-picks,デイリースポーツ,下克上の夏 センバツ組続々と敗退,7/23(木) 17:01,https://news.yahoo.co.jp/pickup/6589033,https://news.yahoo.co.jp/articles/3a9b8603f7885e4617e41b3a195237838c7dc40b,7/23(木) 17:01
top-picks,朝日新聞,日中外相 首相答弁以来初めて接触,7/23(木) 16:55,https://news.yahoo.co.jp/pickup/6589032,https://news.yahoo.co.jp/articles/d09fa2cf506b30e0df582112c574af0b7ab2f655,7/23(木) 16:55
top-picks,ITmedia ビジネスオンライン,目上の人への「壁打ち」は失礼?,7/23(木) 16:48,https://news.yahoo.co.jp/pickup/6589030,https://news.yahoo.co.jp/articles/6c84078bb851ace1982d86db0d850f98a594aab9,7/23(木) 16:48
top-picks,FNNプライムオンライン（フジテレビ系）,ストーカー加害者にGPS 政府検討,7/23(木) 16:45,https://news.yahoo.co.jp/pickup/6589028,https://news.yahoo.co.jp/articles/9ea9b13cc3f9dfc1aeb95be5584d5e2d634941e5,7/23(木) 16:45
top-picks,テレビ朝日系（ANN）,詐欺疑い全仏V元テニス選手 否認,7/23(木) 16:31,https://news.yahoo.co.jp/pickup/6589027,https://news.yahoo.co.jp/articles/1db5cbde39b450070ee9ba26f74616826676885e,7/23(木) 16:31
top-picks,テレビ高知,川で男子中学生が溺れ死亡 高知,7/23(木) 16:16,https://news.yahoo.co.jp/pickup/6589026,https://news.yahoo.co.jp/articles/e7eefd7063b76c621fc7777423772c7c434f3266,7/23(木) 16:16
top-picks,朝日新聞,セブンとPayPay 顧客IDの統合検討,7/23(木) 16:12,https://news.yahoo.co.jp/pickup/6589025,https://news.yahoo.co.jp/articles/fe922d77fba0721045baa6f4d73a30282060948d,7/23(木) 16:12
top-picks,静岡放送（SBS）,浜松で41.1℃観測 今年の全国最高,7/23(木) 15:57,https://news.yahoo.co.jp/pickup/6589024,https://news.yahoo.co.jp/articles/348c32feb03e09f30430c5005ff501ee3664f92e,7/23(木) 15:57
top-picks,ENCOUNT,元AKBの1期生 平嶋夏海が結婚,7/23(木) 15:34,https://news.yahoo.co.jp/pickup/6589023,https://news.yahoo.co.jp/articles/6a904e3bd9e849e2505590253a6290ba9bd62c9e,7/23(木) 15:34
top-picks,HTB北海道ニュース,江別暴行死 生きて帰ると被害者,7/23(木) 15:21,https://news.yahoo.co.jp/pickup/6589022,https://news.yahoo.co.jp/articles/b145f5d3ceebccd0a947bea0f36410d359c4abc6,7/23(木) 15:21
top-picks,テレビ高知,川で男子中学生が溺れる 心肺停止,7/23(木) 14:26,https://news.yahoo.co.jp/pickup/6589020,https://news.yahoo.co.jp/articles/e7eefd7063b76c621fc7777423772c7c434f3266,7/23(木) 14:26
top-picks,スポーツ報知,神宮大会Vの九国大付 逆転負け,7/23(木) 14:23,https://news.yahoo.co.jp/pickup/6589017,https://news.yahoo.co.jp/articles/37e017576d9781c1e04fc006cad40eed6d6798d0,7/23(木) 14:23
top-picks,テレビ朝日系（ANN）,ミドル脂臭 対策に濡らしたタオル,7/23(木) 14:13,https://news.yahoo.co.jp/pickup/6589019,https://news.yahoo.co.jp/articles/f70a4bdea63172407c5275baf383bd15a2622139,7/23(木) 14:13
top-picks,Media info not found,危険な暑さ エアコンにも負担,　23日（木）は40度以上の「酷暑日」となる範囲がさらに広がり、国内の歴代最高気温を更新する可能性もあります。一方、記録的な暑さは、命を守るために欠かせないエアコンにも思わぬ負担をかけます。予想気温だけでは見えない、室外機周辺の危険な暑さとはどのようなものなのでしょうか。,https://news.yahoo.co.jp/pickup/6589018,https://news.yahoo.co.jp/articles/5942a258c1f7502b65873ddf6c1cd4a28a20c899,7/23(木) 14:05
top-picks,Media info not found,中傷動画巡る秘書陳述書 識者分析,高市首相の陣営による中傷動画作成疑惑と暗号資産「サナエトークン」をめぐり、7月22日、公設第1秘書の陳述書が衆院予算委員会に提出され、全文が報じられました。秘書は動画の作成・発信・依頼を全面的に否定する一方、公開された音声については「自分の声なのか確証を持てない」と記しています。本記事では、何を断定的に否定し、何を「記録がない」「記憶にない」としたのか、陳述書の構造そのものを読み解き、今後の政局への影響を考察します。,https://news.yahoo.co.jp/pickup/6589016,https://news.yahoo.co.jp/articles/3f799ddea5aa8f25a21cec94d4235ba7daa8e0ec,7/23(木) 13:52
top-picks,TBS NEWS DIG Powered by JNN,セブン 従業員らの転売は重大問題,7/23(木) 13:47,https://news.yahoo.co.jp/pickup/6589015,https://news.yahoo.co.jp/articles/ac96d4c14e6514a0eb56032f14b7478be377de8e,7/23(木) 13:47
top-picks,テレビ朝日系（ANN）,ミドル脂臭 働き盛り世代の対策,7/23(木) 13:45,https://news.yahoo.co.jp/pickup/6589011,https://news.yahoo.co.jp/articles/f70a4bdea63172407c5275baf383bd15a2622139,7/23(木) 13:45
top-picks,tenki.jp,三重で40.4℃ 国内3日連続酷暑日,7/23(木) 13:35,https://news.yahoo.co.jp/pickup/6589014,https://news.yahoo.co.jp/articles/76cf844528e2f227732c735ce9e89d6b9e69727f,7/23(木) 13:35
top-picks,MBSニュース,草刈り中にため池転落 2人死亡,7/23(木) 13:21,https://news.yahoo.co.jp/pickup/6589012,https://news.yahoo.co.jp/articles/6af92be065b4793fda961bb10a0526caa8d5941d,7/23(木) 13:21
top-picks,スポニチアネックス,VIVANT 異例の異業種コラボ続々,7/23(木) 13:10,https://news.yahoo.co.jp/pickup/6589010,https://news.yahoo.co.jp/articles/e08a6195d3d653c385cf40884bdb6238241cdf28,7/23(木) 13:10
top-picks,FOOTBALL ZONE,浦和と契約解除の柴戸 東京V加入,7/23(木) 12:55,https://news.yahoo.co.jp/pickup/6589009,https://news.yahoo.co.jp/articles/a8aa39c9caad18d1a42869ac638c90c469afa9df,7/23(木) 12:55
top-picks,産経新聞,看護師妊娠 夜勤免除はワガママか,7/23(木) 12:47,https://news.yahoo.co.jp/pickup/6589008,https://news.yahoo.co.jp/articles/b0437898b904d65e55914a7f6bb5080012157a2c,7/23(木) 12:47
top-picks,朝日新聞,東京23区 中古マンション価格下落,7/23(木) 12:33,https://news.yahoo.co.jp/pickup/6589007,https://news.yahoo.co.jp/articles/47eb12b70ae5f5f64d228e0ef895eae371ff627b,7/23(木) 12:33
top-picks,スポーツ報知,無敵軍団・聖光学院 まさかの敗退,7/23(木) 12:13,https://news.yahoo.co.jp/pickup/6589006,https://news.yahoo.co.jp/articles/848140c0ab243f9a1daf453efc6b990370f290e5,7/23(木) 12:13
top-picks,MBSニュース,草刈り中に池転落か 2人心肺停止,7/23(木) 12:10,https://news.yahoo.co.jp/pickup/6589002,https://news.yahoo.co.jp/articles/6af92be065b4793fda961bb10a0526caa8d5941d,7/23(木) 12:10
top-picks,スポーツ報知,聖光学院まさかの敗退 ナインは涙,7/23(木) 11:59,https://news.yahoo.co.jp/pickup/6589004,https://news.yahoo.co.jp/articles/848140c0ab243f9a1daf453efc6b990370f290e5,7/23(木) 11:59
top-picks,ウェザーマップ,東京都心で35℃超 今年一番の暑さ,7/23(木) 11:55,https://news.yahoo.co.jp/pickup/6589003,https://news.yahoo.co.jp/articles/b783e7e95e904261625c47e2e9e86d9d2eeda7a6,7/23(木) 11:55
top-picks,静岡朝日テレビ,園昼食で0歳窒息 市への報告遅れ,7/23(木) 11:44,https://news.yahoo.co.jp/pickup/6588997,https://news.yahoo.co.jp/articles/1c50cf5e721b63b6e8929c8e920ba21d144ac274,7/23(木) 11:44
top-picks,FNNプライムオンライン（フジテレビ系）,警官ら懲戒処分「異性関係」最多,7/23(木) 11:39,https://news.yahoo.co.jp/pickup/6588994,https://news.yahoo.co.jp/articles/c025824c63cef783d56542fda5e646ba1c9e6a3e,7/23(木) 11:39
top-picks,メディカルドック,高橋名人 自覚症状なかった白内障,7/23(木) 11:35,https://news.yahoo.co.jp/pickup/6588995,https://news.yahoo.co.jp/articles/271e1969bdb8db7dd2efdb76195137292459c56b,7/23(木) 11:35
top-picks,ロイター,「レブロン入団会見」動画 誤配信,7/23(木) 11:22,https://news.yahoo.co.jp/pickup/6588993,https://news.yahoo.co.jp/articles/aef31bb37d8bbbf5bbab55230dd69724e99109e1,7/23(木) 11:22
top-picks,日刊スポーツ,今秋の朝ドラ 主題歌はYOASOBI,7/23(木) 11:16,https://news.yahoo.co.jp/pickup/6588992,https://news.yahoo.co.jp/articles/31642d46c3571f05807534dcf8f3a42226cfd109,7/23(木) 11:16
top-picks,時事通信,仏で猛暑の16日間 死者5764人増,7/23(木) 11:04,https://news.yahoo.co.jp/pickup/6588990,https://news.yahoo.co.jp/articles/fe3cbe075232c70e34ef33f736633e14e359f00a,7/23(木) 11:04
top-picks,読売新聞オンライン,全仏V元テニス選手逮捕 詐欺疑い,7/23(木) 10:54,https://news.yahoo.co.jp/pickup/6588991,https://news.yahoo.co.jp/articles/74e044f145cdbddfc474f08ad3f4bffc1695732c,7/23(木) 10:54
top-picks,時事通信,内閣支持率が下落 与党に危機感,7/23(木) 10:39,https://news.yahoo.co.jp/pickup/6588988,https://news.yahoo.co.jp/articles/eedce03dabda5e4a1686c321466771a88e75e755,7/23(木) 10:39
top-picks,読売新聞オンライン,日本で露スパイ活動 報道直後出国,7/23(木) 10:14,https://news.yahoo.co.jp/pickup/6588985,https://news.yahoo.co.jp/articles/3c8ab47295493619263d577d3d520bfbdb2990d6,7/23(木) 10:14
top-picks,スポーツ報知,打球がベッツ頭部へ 倒れ込み回避,7/23(木) 10:02,https://news.yahoo.co.jp/pickup/6588986,https://news.yahoo.co.jp/articles/7d8882de4379fabd24ab2308b2bee6ea1cdc0c43,7/23(木) 10:02
top-picks,TBS NEWS DIG Powered by JNN,Google親会社4-6月期 純利益4倍,7/23(木) 9:47,https://news.yahoo.co.jp/pickup/6588983,https://news.yahoo.co.jp/articles/afb00a3195028a1dfa9caf4d35ca32c9b2e08255,7/23(木) 9:47
top-picks,ウェザーマップ,厳暑続く 東海中心に40℃超の予想,7/23(木) 9:34,https://news.yahoo.co.jp/pickup/6588982,https://news.yahoo.co.jp/articles/957758cff91db0210eda3b2813491d3c4c4afe28,7/23(木) 9:34
top-picks,スポーツ報知,ベッツの頭部付近に打球 危機一髪,7/23(木) 9:23,https://news.yahoo.co.jp/pickup/6588981,https://news.yahoo.co.jp/articles/7d8882de4379fabd24ab2308b2bee6ea1cdc0c43,7/23(木) 9:23
top-picks,読売新聞オンライン,セルフレジ 万引きにスーパー苦慮,7/23(木) 9:21,https://news.yahoo.co.jp/pickup/6588980,https://news.yahoo.co.jp/articles/ea3064f9905922ee7084f0456d36f42c77d1c3e6,7/23(木) 9:21
top-picks,FNNプライムオンライン（フジテレビ系）,富士山 高齢登山者の救助が相次ぐ,7/23(木) 8:56,https://news.yahoo.co.jp/pickup/6588978,https://news.yahoo.co.jp/articles/a2302e70be62417ecbbb27d9dc92aa867ee28a32,7/23(木) 8:56
top-picks,朝日新聞,中国 新型の攻撃型原潜を建造か,7/23(木) 8:54,https://news.yahoo.co.jp/pickup/6588976,https://news.yahoo.co.jp/articles/426389cb310c8ddc48265444afbe7f27d5df357d,7/23(木) 8:54
top-picks,中京テレビＮＥＷＳ,独身偽装被害 女性は何度も確認,7/23(木) 8:50,https://news.yahoo.co.jp/pickup/6588977,https://news.yahoo.co.jp/articles/899bdf9aecb4f6a62f0b7fdbab60dea2c9164347,7/23(木) 8:50
top-picks,RSK山陽放送,野焼きが燃え広がったか 99歳死亡,7/23(木) 8:39,https://news.yahoo.co.jp/pickup/6588979,https://news.yahoo.co.jp/articles/bc63bee8a4f46ab0391f65ebd519f93824d254d9,7/23(木) 8:39
top-picks,西日本新聞me,対向車多いのに右折信号なし 背景,7/23(木) 8:28,https://news.yahoo.co.jp/pickup/6588975,https://news.yahoo.co.jp/articles/0f3512e0f6d319025a6d4f43b5e15e5afae8fa41,7/23(木) 8:28
top-picks,スポニチアネックス,快挙 レッドソックスが15連勝,7/23(木) 8:08,https://news.yahoo.co.jp/pickup/6588974,https://news.yahoo.co.jp/articles/0b2cc557f418b1dec06aa0133b3ebd2534049c64,7/23(木) 8:08
top-picks,Media info not found,ロケ中の有名人を無断撮影 是非は,格闘家の芦澤竜誠が『芦澤竜誠と行く ぶらり喧嘩旅』（ABEMA）のロケ中、無断撮影に激怒する場面が物議を醸している。,https://news.yahoo.co.jp/pickup/6588972,https://encount.press/archives/1035571/,7/23(木) 8:01
top-picks,ＡＦＰ＝時事,エボラ出血熱 死者計1000人超,7/23(木) 8:00,https://news.yahoo.co.jp/pickup/6588973,https://news.yahoo.co.jp/articles/4798a18895b0bb80e7c47dbe223ef829ed6108ab,7/23(木) 8:00
top-picks,フットボールチャンネル,MF佐藤龍之介 スペイン移籍後初G,7/23(木) 8:00,https://news.yahoo.co.jp/pickup/6588971,https://news.yahoo.co.jp/articles/d098ba56e646f30f6b01d0e5d18a626e9bd63fba,7/23(木) 8:00
top-picks,共同通信,セブン 従業員らの不正転売横行か,7/23(木) 7:33,https://news.yahoo.co.jp/pickup/6588970,https://news.yahoo.co.jp/articles/421ba321f11c1ee97731bf96763787337b8ef459,7/23(木) 7:33
top-picks,読売新聞オンライン,オンカジ対策 強制遮断を排除せず,7/23(木) 7:18,https://news.yahoo.co.jp/pickup/6588969,https://news.yahoo.co.jp/articles/f940e2c2c058411a5de8c334b2dc35e6d870081d,7/23(木) 7:18
top-picks,朝日新聞,25年中傷投稿特定申し立て1万件超,7/23(木) 7:15,https://news.yahoo.co.jp/pickup/6588968,https://news.yahoo.co.jp/articles/6a72937ea00150dfe79988c9c1ae7793c7e04460,7/23(木) 7:15
top-picks,ITmedia ビジネスオンライン,SNSで中古マンション購入増 なぜ,7/23(木) 6:50,https://news.yahoo.co.jp/pickup/6588966,https://news.yahoo.co.jp/articles/6812a3f2315e56e48de693438851612662b19cd3,7/23(木) 6:50
top-picks,tenki.jp,災害級の暑さ 山梨などで酷暑日か,7/23(木) 6:33,https://news.yahoo.co.jp/pickup/6588965,https://news.yahoo.co.jp/articles/bd84a6b4b3d33ff8ab630fe0791e2ac2788a9386,7/23(木) 6:33
top-picks,デイリースポーツ,藤浪が降板 甲子園から異例の拍手,7/23(木) 6:23,https://news.yahoo.co.jp/pickup/6588964,https://news.yahoo.co.jp/articles/00dbcd34963e09c4808f240f25457634784d0ef5,7/23(木) 6:23
top-picks,スポーツ報知,大谷が「熱投」2週間ぶりブルペン,7/23(木) 6:06,https://news.yahoo.co.jp/pickup/6588962,https://news.yahoo.co.jp/articles/e7e3d2dcae4f838edc6ec0a677dcd28af7a18ced,7/23(木) 6:06
top-picks,西スポWEB OTTO!,柳田が球宴に 家族旅行キャンセル,7/22(水) 23:55,https://news.yahoo.co.jp/pickup/6588961,https://news.yahoo.co.jp/articles/0ff3826c1e830d6afe360e67b84975d27a9a124b,7/22(水) 23:55
top-picks,西日本新聞me,離島専門に引っ越し業 年商8億円,7/22(水) 23:34,https://news.yahoo.co.jp/pickup/6588960,https://news.yahoo.co.jp/articles/bfa9aaca70c50ce895c8d1ee22f41284921455f8,7/22(水) 23:34
top-picks,ＡＦＰ＝時事,ウ軍 露通販大手の倉庫を再び攻撃,7/22(水) 23:11,https://news.yahoo.co.jp/pickup/6588957,https://news.yahoo.co.jp/articles/772fb9bad9879c02a581d636712d6557a922c979,7/22(水) 23:11
top-picks,時事通信,米国務長官 日中関係の悪化に憂慮,7/22(水) 23:10,https://news.yahoo.co.jp/pickup/6588959,https://news.yahoo.co.jp/articles/e5f89bdaee81f54d645f1e445a4d68360e422ad2,7/22(水) 23:10
top-picks,TBS NEWS DIG Powered by JNN,バレー女子 準々決勝で逆転負け,7/22(水) 22:39,https://news.yahoo.co.jp/pickup/6588958,https://news.yahoo.co.jp/articles/e8420bf5e014c4e4f3c74596374bcff3d71c544e,7/22(水) 22:39
top-picks,スポニチアネックス,2軍戦ノーゲーム 熱中症が複数か,7/22(水) 22:37,https://news.yahoo.co.jp/pickup/6588955,https://news.yahoo.co.jp/articles/1e85a86e52a81d825e5fcc535a2697f0299cee1f,7/22(水) 22:37
top-picks,デイリースポーツ,オリ屈辱 2-22でソフトBに大敗,7/22(水) 22:32,https://news.yahoo.co.jp/pickup/6588956,https://news.yahoo.co.jp/articles/0a21e13e689323d3af18b63eb682a037e8b5f171,7/22(水) 22:32
top-picks,RKK熊本放送,刃物持つ男 警察官の発砲受け負傷,7/22(水) 22:03,https://news.yahoo.co.jp/pickup/6588951,https://news.yahoo.co.jp/articles/2b1ff3d6a1ae9e72259d64dff1db7520ce3d1457,7/22(水) 22:03
top-picks,スポーツ報知,山田五郎氏 死去6日前アド街収録,7/22(水) 21:58,https://news.yahoo.co.jp/pickup/6588952,https://news.yahoo.co.jp/articles/43d9640629a5490277ff7847b353b2f8f1013d53,7/22(水) 21:58
top-picks,共同通信,ヒトラー生家 警察署に改修される,7/22(水) 21:44,https://news.yahoo.co.jp/pickup/6588949,https://news.yahoo.co.jp/articles/afb3e8325caf6e3b43c17004974aab2be33fcdfb,7/22(水) 21:44
top-picks,スポーツ報知,「アド街」山田五郎さんを追悼,7/22(水) 21:43,https://news.yahoo.co.jp/pickup/6588948,https://news.yahoo.co.jp/articles/43d9640629a5490277ff7847b353b2f8f1013d53,7/22(水) 21:43
top-picks,オリコン,WANDS第5期 27年3月活動終了,7/22(水) 21:36,https://news.yahoo.co.jp/pickup/6588947,https://news.yahoo.co.jp/articles/c83b5be853630fc924818e73d772c00873abd85e,7/22(水) 21:36
top-picks,Media info not found,新設大学4校 充足率は50%以下,2026年に新設された大学は5校、短大は1校です。,https://news.yahoo.co.jp/pickup/6588926,https://www.nnmc.ac.jp/news/2026/04/post-6.html,7/22(水) 21:25
top-picks,聯合ニュース,ソウル市長に有罪 刑確定なら失職,7/22(水) 21:24,https://news.yahoo.co.jp/pickup/6588946,https://news.yahoo.co.jp/articles/3308f3ceb81f0319bff6af4a5fb1d08fdbfafae2,7/22(水) 21:24
top-picks,朝日新聞,みうらじゅんが山田五郎さん追悼,7/22(水) 21:01,https://news.yahoo.co.jp/pickup/6588944,https://news.yahoo.co.jp/articles/ca45a681cae760a5a2ab26002feb12323aeab042,7/22(水) 21:01
top-picks,共同通信,乗務員休憩不足なら運休も JR西,7/22(水) 20:51,https://news.yahoo.co.jp/pickup/6588943,https://news.yahoo.co.jp/articles/955a40433b197f3e145c1f56e276b430a500e84c,7/22(水) 20:51
top-picks,TBS NEWS DIG Powered by JNN,週の熱中症搬送者 今年初1万人超,7/22(水) 20:44,https://news.yahoo.co.jp/pickup/6588941,https://news.yahoo.co.jp/articles/a0f99f427b309672ffb7eafd84465f6d1f126bfd,7/22(水) 20:44
top-picks,スポーツナビ,速報バレー女子 日本vs.ブラジル,7/22(水) 20:30,https://news.yahoo.co.jp/pickup/6588939,https://news.yahoo.co.jp/articles/7e8a6fe5c17a6b79b0c4d6c308baa2572d047834,7/22(水) 20:30
top-picks,スポニチアネックス,燕・中村悠平 自打球直撃で搬送,7/22(水) 20:28,https://news.yahoo.co.jp/pickup/6588942,https://news.yahoo.co.jp/articles/013c28b13b5ca5f47d093de2670c4c21b8098935,7/22(水) 20:28
top-picks,文春オンライン,三山凌輝と花乃まりあ 不適切行動,7/22(水) 20:16,https://news.yahoo.co.jp/pickup/6588940,https://news.yahoo.co.jp/articles/98ab1efe9ad85330854c228fced0c04b32100023,7/22(水) 20:16
top-picks,MRO北陸放送,学童保育で性虐待 説明会に怒りも,7/22(水) 20:04,https://news.yahoo.co.jp/pickup/6588938,https://news.yahoo.co.jp/articles/97422d612194c5229142559b2c444c491cb62e42,7/22(水) 20:04
top-picks,共同通信,高木美帆さんに国民栄誉賞授与へ,7/22(水) 19:53,https://news.yahoo.co.jp/pickup/6588937,https://news.yahoo.co.jp/articles/7b9540ab9b20b1519607025c2ba7bc1dc5fcf96d,7/22(水) 19:53
top-picks,日テレNEWS NNN,中傷動画 首相が秘書の陳述書提出,7/22(水) 19:52,https://news.yahoo.co.jp/pickup/6588936,https://news.yahoo.co.jp/articles/aa54f47b5036ea6fc7f2582593c85d627d4fad8f,7/22(水) 19:52
top-picks,デイリー新潮,マット死 賠償巡る元少年の言い分,7/22(水) 19:05,https://news.yahoo.co.jp/pickup/6588934,https://news.yahoo.co.jp/articles/8839b7e6c381ca339f8e300bb534948a0705bb8a,7/22(水) 19:05
top-picks,スポニチアネックス,DeNA藤浪 佐藤輝と大山連続三振,7/22(水) 19:03,https://news.yahoo.co.jp/pickup/6588935,https://news.yahoo.co.jp/articles/dfe232dc8ce725f428854a317248605d822c8af7,7/22(水) 19:03
top-picks,Media info not found,マイナとAIエージェント連携 論点,日本政府は、マイナンバーカードと外部のAIエージェントを安全に接続する基盤として「MCP」を構築する方針を示しました。実現すれば、AIが住民に代わって行政相談や申請手続きを代行し、人手不足に悩む自治体でも少人数で質の高い行政サービスを維持できる可能性があります。一方で、なりすましや情報漏洩、AIの誤判断や過剰な権限付与といったリスクも懸念され、権限委譲の設計や責任の所在の明確化が今後の課題となるでしょう。,https://news.yahoo.co.jp/pickup/6588927,https://www.itmedia.co.jp/news/articles/2607/22/news068.html,7/22(水) 18:49
top-picks,ENCOUNT,山田五郎氏 訃報5日前に動画出演,7/22(水) 18:43,https://news.yahoo.co.jp/pickup/6588933,https://news.yahoo.co.jp/articles/27c93c0141da725884ef4d0fe1d52e2f90c285c3,7/22(水) 18:43
top-picks,FNNプライムオンライン（フジテレビ系）,ルフトハンザ機 羽田に緊急着陸,7/22(水) 18:38,https://news.yahoo.co.jp/pickup/6588932,https://news.yahoo.co.jp/articles/72e69899c5369ec406507aad52ad0aa1f0828ed5,7/22(水) 18:38
top-picks,読売新聞（ヨミドクター）,山田五郎氏死去 原発不明がんとは,7/22(水) 18:28,https://news.yahoo.co.jp/pickup/6588931,https://news.yahoo.co.jp/articles/f52068e6d73b1210f22405e1f36269516c875741,7/22(水) 18:28
top-picks,日刊スポーツ,巨人激震 吉川と門脇が負傷で抹消,7/22(水) 18:25,https://news.yahoo.co.jp/pickup/6588930,https://news.yahoo.co.jp/articles/93bc892c24f36edbcdee00a25194ac35ab27b0a1,7/22(水) 18:25
top-picks,デイリースポーツ,ロコソラーレ姉妹チーム 全員退団,7/22(水) 18:17,https://news.yahoo.co.jp/pickup/6588924,https://news.yahoo.co.jp/articles/f2f2fb1e4cf628be49d5034ba1194cedfc72d018,7/22(水) 18:17
top-picks,Media info not found,中谷潤人と結婚発表 田村亜矢とは,ボクシングの元世界3階級制覇王者・中谷潤人（28）と女子プロゴルファーの田村亜矢（29）が22日、結婚を発表した。田村は2017年のプロテストに合格し、国内女子ツアーに出場。一方、2023年10月を最後にツアーから遠ざかり、この2年間は看護学校に通っていた。東日本大震災があったときは当時、中学1年で福島で被災したが乗り越えてプロゴルファーの道へ。昨年12月に他界した「ジャンボ尾崎」こと尾崎将司にもゴルフを教わっている。田村は、どのような人物なのか。,https://news.yahoo.co.jp/pickup/6588928,https://hochi.news/articles/20260722-OHT1T51132.html?page=1#goog_rewarded,7/22(水) 18:15
top-picks,FNNプライムオンライン（フジテレビ系）,保育園でCO漏れ 職員4人搬送,7/22(水) 18:11,https://news.yahoo.co.jp/pickup/6588929,https://news.yahoo.co.jp/articles/fed6c28f6659d7598c2d30b92e8cbc8c3cf72424,7/22(水) 18:11
top-picks,毎日新聞,公立教員 精神疾患理由の退職最多,7/22(水) 18:05,https://news.yahoo.co.jp/pickup/6588920,https://news.yahoo.co.jp/articles/1e81ab42bc9314af97d03e9377d7a274b88e50d0,7/22(水) 18:05
top-picks,女性自身,廃墟ホテルに謎の巨大落書き 話題,7/22(水) 18:03,https://news.yahoo.co.jp/pickup/6588921,https://news.yahoo.co.jp/articles/3bddf7bef1546a8c7120c1c213ad2f4f060af0d3,7/22(水) 18:03
top-picks,ウェザーマップ,23日は関東内陸でも酷暑日か 危険,7/22(水) 18:03,https://news.yahoo.co.jp/pickup/6588923,https://news.yahoo.co.jp/articles/485997acd1e8fd6042d59ec95a02495ff20c2868,7/22(水) 18:03
top-picks,共同通信,開戦前夜の公開差し止め請求 遺族,7/22(水) 17:57,https://news.yahoo.co.jp/pickup/6588919,https://news.yahoo.co.jp/articles/44e5ffc4d1d504b25a470703612a87fdeb011d2d,7/22(水) 17:57
top-picks,ENCOUNT,山田五郎氏 訃報5日前にYouTube,7/22(水) 17:40,https://news.yahoo.co.jp/pickup/6588915,https://news.yahoo.co.jp/articles/27c93c0141da725884ef4d0fe1d52e2f90c285c3,7/22(水) 17:40
top-picks,Yahoo!ニュース オリジナル 特集オリジナル,エスカレーター 立ち止まりの是非,7/22(水) 17:28,https://news.yahoo.co.jp/pickup/6588918,https://news.yahoo.co.jp/articles/f9093a62eb6cdcc1798a7e14fe412428b5116448,7/22(水) 17:28
top-picks,スポニチアネックス,坂本勇人 球宴にサプライズ選出,7/22(水) 17:26,https://news.yahoo.co.jp/pickup/6588917,https://news.yahoo.co.jp/articles/a36cb638cd176e68d9d129bf208bc8672cdd94e8,7/22(水) 17:26
top-picks,Yahoo!リアルタイム検索,山田五郎さん死去 SNSの反応,7/22(水) 17:25,https://news.yahoo.co.jp/pickup/6588914,https://news.yahoo.co.jp/articles/09f80d870d6e87c52167e2aefb93b74dc68ff58b,7/22(水) 17:25
top-picks,毎日新聞,不同意わいせつ ANA機長側が控訴,7/22(水) 17:12,https://news.yahoo.co.jp/pickup/6588912,https://news.yahoo.co.jp/articles/a48de0f4e0635571803ce268f7179769efc1cb16,7/22(水) 17:12
top-picks,オリコン,USJ R-18指定アトラクション発表,7/22(水) 16:52,https://news.yahoo.co.jp/pickup/6588910,https://news.yahoo.co.jp/articles/b69a99d93718b72fae0281fc5085b06949325ae0,7/22(水) 16:52
top-picks,スポーツ報知,みうら五郎 TBSラジオが終了発表,7/22(水) 16:47,https://news.yahoo.co.jp/pickup/6588908,https://news.yahoo.co.jp/articles/a69806dcef1e5f8a24d776e6ae4aa9a667ae2c89,7/22(水) 16:47
top-picks,FNNプライムオンライン（フジテレビ系）,有事ドル買い 為替介入の警戒続く,7/22(水) 16:37,https://news.yahoo.co.jp/pickup/6588909,https://news.yahoo.co.jp/articles/b0509551004a36c341c180c687ee4140a4654890,7/22(水) 16:37
top-picks,時事通信,静岡などで40度台 熱中症防止を,7/22(水) 16:32,https://news.yahoo.co.jp/pickup/6588904,https://news.yahoo.co.jp/articles/b7369b349cfe28daa1b4cb244e0ca527996e376a,7/22(水) 16:32
top-picks,ロイター,オープンAIのモデル テスト中暴走,7/22(水) 16:30,https://news.yahoo.co.jp/pickup/6588907,https://news.yahoo.co.jp/articles/0d80bed0e10e082affc9c6fd20f19101e48df4a2,7/22(水) 16:30
top-picks,毎日新聞,NY市長 イスラエル首相拘束断念,7/22(水) 16:30,https://news.yahoo.co.jp/pickup/6588906,https://news.yahoo.co.jp/articles/8bf068bfbe053cc3630615b3a65ebb7651586222,7/22(水) 16:30
top-picks,オリコン,USJ 初のR-18指定アトラクション,7/22(水) 16:16,https://news.yahoo.co.jp/pickup/6588903,https://news.yahoo.co.jp/articles/b69a99d93718b72fae0281fc5085b06949325ae0,7/22(水) 16:16
top-picks,鉄道コム,山陽新幹線こだま デザインを変更,7/22(水) 16:06,https://news.yahoo.co.jp/pickup/6588902,https://news.yahoo.co.jp/articles/32eee713bcf733c4efbcee45c53bfd3bd6fc5686,7/22(水) 16:06
top-picks,デイリースポーツ,猛暑 2軍戦で異例のノーゲーム,7/22(水) 15:52,https://news.yahoo.co.jp/pickup/6588901,https://news.yahoo.co.jp/articles/36399ffe51102a9defbea20a3ff038b87620379c,7/22(水) 15:52
top-picks,ENCOUNT,ウエストランド井口 鼻など手術,7/22(水) 15:41,https://news.yahoo.co.jp/pickup/6588899,https://news.yahoo.co.jp/articles/238b6b3d25579f6b7063c24ca2c4b3729dd92c4a,7/22(水) 15:41
top-picks,スポニチアネックス,評論家・山田五郎さん死去 67歳,7/22(水) 15:07,https://news.yahoo.co.jp/pickup/6588898,https://news.yahoo.co.jp/articles/0c9b94a796e8cb8c5b5b092de852c30a0b6c9861,7/22(水) 15:07
top-picks,読売テレビ,隣人をバットで殴り殺害疑い 逮捕,7/22(水) 14:39,https://news.yahoo.co.jp/pickup/6588897,https://news.yahoo.co.jp/articles/cb50fb958fd5bf2ed62bba834ebec9158e85860e,7/22(水) 14:39
top-picks,cinemacafe.net,ゴジラvsコング ジア役の俳優死去,7/22(水) 14:37,https://news.yahoo.co.jp/pickup/6588896,https://news.yahoo.co.jp/articles/8d04cd616e392c89444ee7ffaf34f90e49b77c6a,7/22(水) 14:37
top-picks,サッカーキング,メキシコ代表GKオチョア現役引退,7/22(水) 14:21,https://news.yahoo.co.jp/pickup/6588895,https://news.yahoo.co.jp/articles/47a4cff73d5bf80b2be8f92af0a720b762905aa4,7/22(水) 14:21
top-picks,スポニチアネックス,今井達也 6回1失点8K好投で6勝目,7/22(水) 14:14,https://news.yahoo.co.jp/pickup/6588893,https://news.yahoo.co.jp/articles/e37d13231a568da4a2d5d8f051e433c17bae3dc2,7/22(水) 14:14
top-picks,tenki.jp,東京都内でも38℃超 熱中症に警戒,7/22(水) 14:10,https://news.yahoo.co.jp/pickup/6588891,https://news.yahoo.co.jp/articles/1283d980c38f02095b95f05de3879147905be3ef,7/22(水) 14:10
top-picks,読売新聞オンライン,白タクに名義貸した疑い 男を逮捕,7/22(水) 14:08,https://news.yahoo.co.jp/pickup/6588892,https://news.yahoo.co.jp/articles/a504dcdf7aaac2fa968b7066a22c25a24b14c585,7/22(水) 14:08
top-picks,マイナビニュース,復活クイズ特番に嵐MC 続く背景,7/22(水) 14:00,https://news.yahoo.co.jp/pickup/6588889,https://news.yahoo.co.jp/articles/7737c080521438b3342a82ce799fa71330458897,7/22(水) 14:00
top-picks,Media info not found,運転手不足 自動運転実用化の課題,人口減少と労働力不足が、日本の公共交通を根底から揺さぶり始めている。利用者がいても、車両があっても、運転手が確保できないために減便や路線廃止を余儀なくされる事例が全国で相次いでいる。バスやタクシーは地域住民の「生活の足」であり、その縮小は地域経済や住民生活にも深刻な影響を及ぼす。外国人運転手の受け入れや制度改革に加え、自動運転の実用化を急ぐことは、もはや技術開発ではなく社会インフラを維持するための課題となっている。,https://news.yahoo.co.jp/pickup/6588886,https://news.yahoo.co.jp/articles/7ae89d7e8443420473cd72fa291ed591b52828f5,7/22(水) 13:21
top-picks,読売新聞オンライン,住宅全焼4遺体 住人と連絡取れず,7/22(水) 13:20,https://news.yahoo.co.jp/pickup/6588884,https://news.yahoo.co.jp/articles/d97114a01c550668b6cead1d8c0ea3ef56668e31,7/22(水) 13:20
top-picks,STVニュース北海道,北海道・十勝岳が噴火 ごく小規模,7/22(水) 12:53,https://news.yahoo.co.jp/pickup/6588883,https://news.yahoo.co.jp/articles/00e01db4abf67d8e09c4aacfdde8395f07095c80,7/22(水) 12:53
top-picks,時事通信,後発医薬品関税2年後100%に 米,7/22(水) 12:48,https://news.yahoo.co.jp/pickup/6588882,https://news.yahoo.co.jp/articles/6bb4c8a2887a92ffb5beb5a3b454a4efe319aeda,7/22(水) 12:48
top-picks,スポーツ報知,ボクシング中谷潤人 結婚を発表,7/22(水) 12:32,https://news.yahoo.co.jp/pickup/6588881,https://news.yahoo.co.jp/articles/3275fe404a522b23572a3ea50449109e17ede64d,7/22(水) 12:32
top-picks,Media info not found,ウ軍総司令官を解任 政権の内幕は,ゼレンスキー大統領はシルスキー軍総司令官を解任しました。後任はロシア軍との戦闘で数々の功績をあげ、6月に統合司令官に任命したばかりのミハイロ・ドラパティ氏です。改革派の旗手としてウクライナを世界有数のデジタル推進国家へと成し遂げた立役者のフェドロフ国防相の解任をめぐり、首都キーウでは市民らが6日間連続で抗議デモを起こす事態が続いていました。フェドロフ氏率いる国防省と軍総司令部の間で運営方針をめぐる対立が起きており、ゼレンスキー氏には両者のトップを替えることで、内紛の手打ちを図ろうとしている思惑があります。,https://news.yahoo.co.jp/pickup/6588873,https://jbpress.ismedia.jp/articles/-/96016,7/22(水) 11:59
top-picks,読売新聞オンライン,文科省 私大に資産運用を促す方針,7/22(水) 11:56,https://news.yahoo.co.jp/pickup/6588876,https://news.yahoo.co.jp/articles/2fc662362fdd32067f02f1e70419291fc8ee77d7,7/22(水) 11:56
top-picks,Bloomberg,円安加速 財務相が市場をけん制,7/22(水) 11:55,https://news.yahoo.co.jp/pickup/6588875,https://news.yahoo.co.jp/articles/b02397fd77595144afeafc581c34707b76cfbccb,7/22(水) 11:55
top-picks,ITmedia ビジネスオンライン,出社とテレワーク 不公平感の背景,7/22(水) 11:48,https://news.yahoo.co.jp/pickup/6588871,https://news.yahoo.co.jp/articles/c9840d18d510d21889dbb75db6cebe4d4c9bfd21,7/22(水) 11:48
top-picks,毎日新聞,奈良女性2遺体 死因を特定できず,7/22(水) 11:47,https://news.yahoo.co.jp/pickup/6588872,https://news.yahoo.co.jp/articles/82668218ba533b01723bd53bba898c938f8bfb13,7/22(水) 11:47
top-picks,Full-Count,大谷は打者優先の方針 ド軍監督,7/22(水) 11:27,https://news.yahoo.co.jp/pickup/6588869,https://news.yahoo.co.jp/articles/fa4829cd767b8fe396e2f6b7359ad6cdeab31d60,7/22(水) 11:27
top-picks,デイリースポーツ,星稜 まさかの7回コールド負け,7/22(水) 11:26,https://news.yahoo.co.jp/pickup/6588870,https://news.yahoo.co.jp/articles/d0b6483216b9af6a888f7631a6a2614423688287,7/22(水) 11:26
top-picks,TechTargetジャパン,AI導入も「仕事省力化」しない訳,7/22(水) 11:11,https://news.yahoo.co.jp/pickup/6588868,https://news.yahoo.co.jp/articles/8dcde7b7f7cb9ab8da7409e28cc5197b90347723,7/22(水) 11:11
top-picks,東スポWEB,豊昇龍 角界に横綱の資質を問う声,7/22(水) 10:57,https://news.yahoo.co.jp/pickup/6588867,https://news.yahoo.co.jp/articles/4af901c0ee32ba610e572ae0d98d38fc274b3e6a,7/22(水) 10:57
top-picks,朝日新聞,ケンタッキー 全店で通常営業再開,7/22(水) 10:37,https://news.yahoo.co.jp/pickup/6588866,https://news.yahoo.co.jp/articles/d99fe26d0aaff5da1c71abd37eebddc4e4693ed8,7/22(水) 10:37
top-picks,帝国データバンク,花火大会 席「プレミアム化」加速,7/22(水) 10:27,https://news.yahoo.co.jp/pickup/6588865,https://news.yahoo.co.jp/articles/0fade740cfc3cef0710e34c676623093647f75a2,7/22(水) 10:27
top-picks,FOOTBALL ZONE,中井卓大がFC今治に加入 J初挑戦,7/22(水) 10:20,https://news.yahoo.co.jp/pickup/6588864,https://news.yahoo.co.jp/articles/de492cd1e0505f98888cfb56a3eef0cf2df0891e,7/22(水) 10:20
top-picks,時事通信,骨太の方針「高市カラー」鮮明,7/22(水) 10:11,https://news.yahoo.co.jp/pickup/6588863,https://news.yahoo.co.jp/articles/b66f5920e0ef0f4cb585e426e7e4c69e638ef191,7/22(水) 10:11
top-picks,時事通信,ベネズエラ地震1カ月 市民は憤り,7/22(水) 10:04,https://news.yahoo.co.jp/pickup/6588862,https://news.yahoo.co.jp/articles/81049f9a930416943be4e7eb5758a203b3198c01,7/22(水) 10:04
top-picks,tenki.jp,危険な猛暑 午後は天気急変に注意,7/22(水) 9:58,https://news.yahoo.co.jp/pickup/6588860,https://news.yahoo.co.jp/articles/5f4f2dd873e547604d8dfba597f64ce92d1fe6e5,7/22(水) 9:58
top-picks,日刊スポーツ,ジャッキーウー氏 河野景子と同居,7/22(水) 9:56,https://news.yahoo.co.jp/pickup/6588857,https://news.yahoo.co.jp/articles/18307870e06af103d7845380fe2b2892c7673ca4,7/22(水) 9:56
top-picks,Media info not found,「送金犯罪」疑い初摘発 罰則解説,「自分の口座に届いたお金を指示通り送金しただけで、事情を知らない会社員の女性が書類送検された」――そんなニュースが話題です。沖縄県警が21日に全国で初めて摘発したもので、問われたのは10日に施行されたばかりの「送金犯罪」でした。この罰則の導入理由や、具体的な仕組みについて解説します。,https://news.yahoo.co.jp/pickup/6588858,https://news.yahoo.co.jp/articles/33b142c5d03295759da8e3a8effc7d7dd9f6fb83,7/22(水) 9:48
top-picks,読売新聞オンライン,救命器具を載せず救急車出動 徳島,7/22(水) 9:15,https://news.yahoo.co.jp/pickup/6588856,https://news.yahoo.co.jp/articles/cfcfd789b3e70163df895b814bb71f9218cc3dcf,7/22(水) 9:15
top-picks,Media info not found,鬼越が騒動巡り動画公開 物議背景,「鬼越トマホーク」が21日、自身のYouTubeチャンネルに「今回の件について」と題した動画を公開しました。「アンジャッシュ」渡部建さんへの過激なX投稿をめぐる一連の騒動を受けたもので、良ちゃんが冒頭で「この度はいろいろとお騒がせして申し訳ありません」と謝罪。渡部さんには電話で謝罪し「快く許していただきました」と報告しました。相方の金ちゃんは自分たちと渡部さんの間に入っていたイベント制作会社社長とのやり取りなど経緯を細かく説明するなどしていますが、動画に賛否が渦巻く状況となっています。,https://news.yahoo.co.jp/pickup/6588855,https://news.yahoo.co.jp/articles/cbc3729802cb2a978118fe861b5666afa3d3dc80,7/22(水) 9:12
top-picks,ロイター,グーグル ジェミニ低価格版発表,7/22(水) 9:02,https://news.yahoo.co.jp/pickup/6588851,https://news.yahoo.co.jp/articles/6b2abafda97e7d03aa54456cb1a616c8cab57df9,7/22(水) 9:02
top-picks,テレビ朝日系（ANN）,15歳未満のSNS利用を禁止へ 仏,7/22(水) 8:57,https://news.yahoo.co.jp/pickup/6588853,https://news.yahoo.co.jp/articles/175ec033007a4cfd7ed3a334e7104b360b8e08e8,7/22(水) 8:57
top-picks,読売新聞オンライン,大阪都構想 維新の区割り案に賛否,7/22(水) 8:56,https://news.yahoo.co.jp/pickup/6588852,,7/22(水) 8:56
top-picks,STVニュース北海道,新幹線・札幌延伸工事で不正発覚,7/22(水) 8:33,https://news.yahoo.co.jp/pickup/6588848,https://news.yahoo.co.jp/articles/0d2beaa92600cbe1de789c8a5be83036f924e6d8,7/22(水) 8:33
top-picks,J-CASTニュース,ダブルインパクト 放送巡り不備,7/22(水) 8:33,https://news.yahoo.co.jp/pickup/6588847,https://news.yahoo.co.jp/articles/ce3cbcbe29e52e0678c8bc0b99e9b0026b547cc8,7/22(水) 8:33
top-picks,Media info not found,Made in Japanの服 消えゆく未来,日本で流通する衣料品のうち、「日本製」はわずか1.1％――。,https://news.yahoo.co.jp/pickup/6588846,https://news.yahoo.co.jp/articles/f980cd718ce9cfe40db9fd91bd7644e2ba23d166,7/22(水) 8:18
top-picks,時事通信,米 イラン山岳地帯を「近く攻撃」,7/22(水) 8:16,https://news.yahoo.co.jp/pickup/6588845,https://news.yahoo.co.jp/articles/1a07f85ec0e76916339df8981bc52ec168685409,7/22(水) 8:16
top-picks,関西テレビ,職場で広がるハーフパンツ 実態は,7/22(水) 8:10,https://news.yahoo.co.jp/pickup/6588844,https://news.yahoo.co.jp/articles/8d471c7dce2e0cd15099cb02331724e20a770120,7/22(水) 8:10
top-picks,共同通信,日英伊の次期戦闘機 カナダ参加,7/22(水) 7:49,https://news.yahoo.co.jp/pickup/6588843,https://news.yahoo.co.jp/articles/4a8850dde20b2e89a60d8842aceaca0c1ed9ddbf,7/22(水) 7:49
top-picks,大濱崎卓真,首相「多忙アピール」なぜ逆効果,7/22(水) 7:44,https://news.yahoo.co.jp/pickup/6588842,,7/22(水) 7:44
top-picks,読売新聞オンライン,骨太方針 経済成長へ国内投資強化,7/22(水) 7:38,https://news.yahoo.co.jp/pickup/6588841,https://news.yahoo.co.jp/articles/37b60d4348ecbcf9c7981d411a2ec67c0e78e895,7/22(水) 7:38
top-picks,テレビ朝日系（ANN）,住宅全焼し4人遺体 千葉・八街市,7/22(水) 7:29,https://news.yahoo.co.jp/pickup/6588840,https://news.yahoo.co.jp/articles/ef520518bf60e95d23aa6c453c7d31371c35ad4a,7/22(水) 7:29
top-picks,tenki.jp,22日も各地で酷暑日予想 厳重警戒,7/22(水) 7:26,https://news.yahoo.co.jp/pickup/6588838,https://news.yahoo.co.jp/articles/ddff1c46b4538a1987ded1bf067298e6d00a6757,7/22(水) 7:26
top-picks,日刊スポーツ,吉岡秀隆が千利休役 大河に初出演,7/22(水) 7:25,https://news.yahoo.co.jp/pickup/6588839,https://news.yahoo.co.jp/articles/3b728179117639f94a4160e9aa94082b9f90f2cb,7/22(水) 7:25
top-picks,GOAL,古橋亨梧 LAギャラクシーに移籍,7/22(水) 7:23,https://news.yahoo.co.jp/pickup/6588837,https://news.yahoo.co.jp/articles/15ed7ea8421bef05e4eaeef1c77ad45e3e145305,7/22(水) 7:23
top-picks,朝日新聞,ウ軍総司令官解任 前国防相と対立,7/22(水) 6:54,https://news.yahoo.co.jp/pickup/6588836,https://news.yahoo.co.jp/articles/10281e5d9aafc7da112e6d30e7b813d6dd3422dd,7/22(水) 6:54
top-picks,デイリースポーツ,緊急降板したDeNA・伊勢 熱中症,7/22(水) 6:36,https://news.yahoo.co.jp/pickup/6588835,https://news.yahoo.co.jp/articles/26050a66eb7d830b1dbf2f8c18ba9d8c9507656f,7/22(水) 6:36
top-picks,共同通信,ニチレイ障害 ハッカー集団が声明,7/22(水) 6:23,https://news.yahoo.co.jp/pickup/6588834,https://news.yahoo.co.jp/articles/1547f35a989ab172beb447c080bdb8821048331b,7/22(水) 6:23
top-picks,TBS NEWS DIG Powered by JNN,一時1ドル163円台 約39年半ぶり,7/22(水) 6:13,https://news.yahoo.co.jp/pickup/6588833,https://news.yahoo.co.jp/articles/fde2133e5deeb0343ba5c25eeaaa450a9667c4cf,7/22(水) 6:13
top-picks,日刊スポーツ,佐藤輝明の弟 目指す「背番号1」,7/21(火) 23:47,https://news.yahoo.co.jp/pickup/6588831,https://news.yahoo.co.jp/articles/f9139e0aa4e448e0faf2699922d87b8c909cdad4,7/21(火) 23:47
top-picks,毎日新聞,露への大学生ら短期派遣 再開へ,7/21(火) 23:05,https://news.yahoo.co.jp/pickup/6588829,https://news.yahoo.co.jp/articles/8de8438d05f9ed9568ee88aa2d5a84baae6a21b2,7/21(火) 23:05
top-picks,関西テレビ,明石歩道橋事故 25年前の救助活動,7/21(火) 22:56,https://news.yahoo.co.jp/pickup/6588828,https://news.yahoo.co.jp/articles/874e895f91dcd67e9c1be6253bf9c02432a15b1e,7/21(火) 22:56
top-picks,スポニチアネックス,酷暑 高校野球の強豪校も対策困難,7/21(火) 22:33,https://news.yahoo.co.jp/pickup/6588826,https://news.yahoo.co.jp/articles/fe22fac36d358b686b32185cdb26ca09763ca6e5,7/21(火) 22:33
top-picks,PC Watch,Excel用Grok公開 分析など代行,7/21(火) 22:25,https://news.yahoo.co.jp/pickup/6588824,https://news.yahoo.co.jp/articles/f8ae804e5f9841e975e30a138b369d3302948eab,7/21(火) 22:25
top-picks,テレQ（TVQ九州放送）,梨5000個盗まれ「栽培辞めます」,7/21(火) 22:21,https://news.yahoo.co.jp/pickup/6588825,https://news.yahoo.co.jp/articles/9d6d884b674bec804554c2b53bef1c0d7c98990c,7/21(火) 22:21
top-picks,CNET Japan,マイナ AIエージェントと連携へ,7/21(火) 22:19,https://news.yahoo.co.jp/pickup/6588823,https://news.yahoo.co.jp/articles/b05e5e0a805a1ed45de93ce49e2f25dac5d890e8,7/21(火) 22:19
top-picks,テレQ（TVQ九州放送）,2度目の悪夢 梨5000個盗まれる,7/21(火) 22:05,https://news.yahoo.co.jp/pickup/6588822,https://news.yahoo.co.jp/articles/9d6d884b674bec804554c2b53bef1c0d7c98990c,7/21(火) 22:05
top-picks,日テレNEWS NNN,熱中症で都内261人搬送 10人重症,7/21(火) 22:03,https://news.yahoo.co.jp/pickup/6588819,https://news.yahoo.co.jp/articles/68a3a78a874a9e8817f2f2baf7da72554d2ab767,7/21(火) 22:03
top-picks,共同通信,人に腎移植 治験用のブタ生産開始,7/21(火) 21:52,https://news.yahoo.co.jp/pickup/6588820,https://news.yahoo.co.jp/articles/7c5ea3e60e4cbaa67944db4e5e41e939336f8f58,7/21(火) 21:52
top-picks,MBC南日本放送,霧島市遺体 身元特定に数日見込み,7/21(火) 21:48,https://news.yahoo.co.jp/pickup/6588821,https://news.yahoo.co.jp/articles/99fdaa39803793dd86c96e666a748f7e5599443c,7/21(火) 21:48
top-picks,FNNプライムオンライン（フジテレビ系）,「夜の熱中症」潜む危険と対策,7/21(火) 21:38,https://news.yahoo.co.jp/pickup/6588818,https://news.yahoo.co.jp/articles/e3549e0acfff9f325134d59fe997a6a3ee820fee,7/21(火) 21:38
top-picks,FNNプライムオンライン（フジテレビ系）,石破氏 消費減税見直しも選択肢,7/21(火) 21:36,https://news.yahoo.co.jp/pickup/6588817,https://news.yahoo.co.jp/articles/b6f11c07d32e47268245270d85fd0697299d0482,7/21(火) 21:36
top-picks,聯合ニュース,替え玉受験で中国組織摘発 韓国,7/21(火) 21:29,https://news.yahoo.co.jp/pickup/6588816,https://news.yahoo.co.jp/articles/c1acc14cee0cf3419eae71346e1da2f3c63b1714,7/21(火) 21:29
top-picks,テレビ朝日系（ANN）,後発地震情報の発表 前倒しの方針,7/21(火) 21:22,https://news.yahoo.co.jp/pickup/6588815,https://news.yahoo.co.jp/articles/b1f30997dfdfcbc60afde1e781f5f8c72361672b,7/21(火) 21:22
top-picks,スポーツ報知,悔しい 日本人はW杯主審できず,7/21(火) 21:17,https://news.yahoo.co.jp/pickup/6588814,https://news.yahoo.co.jp/articles/ab0a2fd095a5d1a021403e42aaf9c3f2e0736c16,7/21(火) 21:17
top-picks,スポニチアネックス,予告先発「藤浪」甲子園どよめき,7/21(火) 21:08,https://news.yahoo.co.jp/pickup/6588813,https://news.yahoo.co.jp/articles/d4d292d45c45aa84d94cbdfb1f6c74a6de4ebed1,7/21(火) 21:08
top-picks,時事通信,前田大然の得点 最優秀ゴール候補,7/21(火) 20:57,https://news.yahoo.co.jp/pickup/6588810,https://news.yahoo.co.jp/articles/5858ba2d299960be22b15944c1e17fb12cec4b60,7/21(火) 20:57
top-picks,共同通信,勤務後休憩1hで乗務 誤って駅通過,7/21(火) 20:51,https://news.yahoo.co.jp/pickup/6588812,https://news.yahoo.co.jp/articles/9aa4eb274e80744dd0024f10a7bb258702933746,7/21(火) 20:51
top-picks,スポニチアネックス,23年死去KANさん 公式HP再始動,7/21(火) 20:45,https://news.yahoo.co.jp/pickup/6588808,https://news.yahoo.co.jp/articles/cdc6da6e588c45d16351511bdb97a4f48e7f7e84,7/21(火) 20:45
top-picks,映画ナタリー,香港の名優 P・ツェーさんが死去,7/21(火) 20:44,https://news.yahoo.co.jp/pickup/6588809,https://news.yahoo.co.jp/articles/3238a98ef9cd0fae7342bb92b4e1c5c11b9f7b8a,7/21(火) 20:44
top-picks,tenki.jp,22日は関東も40℃の酷暑日予想,7/21(火) 20:40,https://news.yahoo.co.jp/pickup/6588807,https://news.yahoo.co.jp/articles/ddf88410b4bc59f00c43f01ffd5586436b65a345,7/21(火) 20:40
top-picks,FNNプライムオンライン（フジテレビ系）,カンロ 健康のど飴など値上げへ,7/21(火) 20:36,https://news.yahoo.co.jp/pickup/6588806,https://news.yahoo.co.jp/articles/996067596e2f478407b5b575e8abed98a50ce109,7/21(火) 20:36
top-picks,共同通信,駅を誤通過 列車運転士は休憩不足,7/21(火) 20:30,https://news.yahoo.co.jp/pickup/6588803,https://news.yahoo.co.jp/articles/9aa4eb274e80744dd0024f10a7bb258702933746,7/21(火) 20:30
top-picks,毎日新聞,独身偽装で結婚前提交際 賠償命令,7/21(火) 20:08,https://news.yahoo.co.jp/pickup/6588805,https://news.yahoo.co.jp/articles/af1dbd1a354666d078e5d1b10e16332cbe921d2d,7/21(火) 20:08
top-picks,共同通信,自民有志 トレカ振興の議連設立へ,7/21(火) 20:00,https://news.yahoo.co.jp/pickup/6588804,https://news.yahoo.co.jp/articles/508cd95e7a3546b5a6525a58d9e0b64f84dbebd6,7/21(火) 20:00
top-picks,スポニチアネックス,Dragon Ash櫻井誠 活動再開発表,7/21(火) 19:31,https://news.yahoo.co.jp/pickup/6588801,https://news.yahoo.co.jp/articles/040f6bb31ceeca6bca3af818569a6de1fba1c30d,7/21(火) 19:31
top-picks,tbc東北放送,伐採中に倒れた木が直撃 男性死亡,7/21(火) 19:25,https://news.yahoo.co.jp/pickup/6588800,https://news.yahoo.co.jp/articles/296c0dadb6961c1de3d8d4f0f1a8a10e4c39ffcb,7/21(火) 19:25
top-picks,スポーツ報知,阪神の新外国人 年俸破格972万円,7/21(火) 18:56,https://news.yahoo.co.jp/pickup/6588799,https://news.yahoo.co.jp/articles/730eb9e944c6a7cfd5c5135a0505261e9740153c,7/21(火) 18:56
top-picks,スポーツ報知,今春センバツ4強 すでに3校が敗退,7/21(火) 18:55,https://news.yahoo.co.jp/pickup/6588798,https://news.yahoo.co.jp/articles/ee62b0b9ccfb60bbfc46773a5c585d305fa6c812,7/21(火) 18:55
top-picks,共同通信,脊髄iPS移植4年観察 副作用なし,7/21(火) 18:52,https://news.yahoo.co.jp/pickup/6588797,https://news.yahoo.co.jp/articles/5b7499c1826fc913325a00c537306d25264f2067,7/21(火) 18:52
top-picks,集英社オンライン,赤字だった純喫茶 今は人気有名店,7/21(火) 18:40,https://news.yahoo.co.jp/pickup/6588796,https://news.yahoo.co.jp/articles/dd8ecdaa41e1a1c7e132d260c79ed1538ed6e223,7/21(火) 18:40
top-picks,MBSニュース,学習放獣したクマが出没 殺処分,7/21(火) 18:35,https://news.yahoo.co.jp/pickup/6588793,https://news.yahoo.co.jp/articles/ea2086428328ea5aeebf0ffa3736d30ebd67e954,7/21(火) 18:35
top-picks,J-CASTニュース,景品「仕分け」? 吉野家は否定,7/21(火) 18:33,https://news.yahoo.co.jp/pickup/6588795,https://news.yahoo.co.jp/articles/02e80654a166ef1b69a505590abc77fe3b8d48be,7/21(火) 18:33
top-picks,Media info not found,日テレお笑い「競技」感が希薄?,漫才とコントの「二刀流」の頂点を決めるお笑いコンテスト番組『ダブルインパクト～漫才&コント二刀流No.1決定戦～2026』（日本テレビ系）が7月20日に生放送され、滝音が優勝した。今大会には2896組がエントリー。決勝では8組がファーストステージに挑み、上位5組がファイナルステージへ進出して、漫才とコントの合計得点で優勝を争った。滝音は1本目の漫才と2本目のコントで安定した実力を示し、見事に賞金1000万円を手にした。,https://news.yahoo.co.jp/pickup/6588792,https://www.oricon.co.jp/news/2468997/,7/21(火) 18:31
top-picks,スポーツ報知,阪神の新外国人「H×H」が好き,7/21(火) 18:26,https://news.yahoo.co.jp/pickup/6588791,https://news.yahoo.co.jp/articles/730eb9e944c6a7cfd5c5135a0505261e9740153c,7/21(火) 18:26
top-picks,J-CASTニュース,ドラクエ景品巡る臆測 吉野家説明,7/21(火) 18:24,https://news.yahoo.co.jp/pickup/6588789,https://news.yahoo.co.jp/articles/02e80654a166ef1b69a505590abc77fe3b8d48be,7/21(火) 18:24
top-picks,FBS福岡放送,金銭授受告白の県議 第三者委要望,7/21(火) 18:19,https://news.yahoo.co.jp/pickup/6588788,https://news.yahoo.co.jp/articles/ef1a7177c4caef4d45ad8366a799ccc3919bf827,7/21(火) 18:19
top-picks,聯合ニュース,韓国 外交官全員の情報流出か,7/21(火) 18:02,https://news.yahoo.co.jp/pickup/6588785,https://news.yahoo.co.jp/articles/58bda8dfc75b0d51adf55477decec51675711a0a,7/21(火) 18:02
top-picks,Media info not found,子どもだけで飲食店利用 賛否の声,夏休み、子ども同士で約束して出かけることも増える。そこで悩ましいのが、子どもだけで飲食店に行っていいのか？ということだ。,https://news.yahoo.co.jp/pickup/6588783,https://trilltrill.jp/articles/4572286,7/21(火) 17:59
top-picks,時事通信,メキシコの麻薬王に終身刑 米地裁,7/21(火) 17:57,https://news.yahoo.co.jp/pickup/6588784,https://news.yahoo.co.jp/articles/8ca34aa42cafac154cd207a859c3c712d916a98e,7/21(火) 17:57
top-picks,Media info not found,コメ価格下落基調続く 今後の鍵は,コメ価格の下落が加速している。スーパーの平均価格は3週連続で下落し、業者間取引価格も統計開始以来最大の下げ幅を記録した。背景には、2025年産米の民間在庫が2過去最大水準まで積み上がり、米穀店でも前年産米が倉庫に残る異例の状況がある。こうした中、政府は備蓄米の買い戻し時期を「需給を見極めて判断する」としている。しかし、全国のJAでは8月中旬までに新米の概算金が決まる。価格形成が始まる前の今こそ、政府は買い戻し方針を明確に示すべき局面にある。,https://news.yahoo.co.jp/pickup/6588780,https://news.yahoo.co.jp/articles/5df9842bacb70d2d676548a8d2d3cdf199ace732?page=1,7/21(火) 17:48
top-picks,Media info not found,闇バイト勧誘の活発化恐れ 対策は,夏休みに入りましたが、物価高でお金がなければ遊びにもいけない状況です。そこで懸念されるのが、この機に乗じた闇バイトへの勧誘です。,https://news.yahoo.co.jp/pickup/6588781,https://news.yahoo.co.jp/articles/d96d9bed21ccf37ae37b3e9e61ca2bbc6fc05e12,7/21(火) 17:33
top-picks,朝日新聞,マイナ取得義務化を見送り 政府,7/21(火) 17:29,https://news.yahoo.co.jp/pickup/6588778,https://news.yahoo.co.jp/articles/1573e49df8e59cae624ab949648c07215b23ed7c,7/21(火) 17:29
top-picks,デイリースポーツ,中村敬斗が警察官姿で登場 歓声,7/21(火) 17:26,https://news.yahoo.co.jp/pickup/6588776,https://news.yahoo.co.jp/articles/9d7b0e44cf06d3c35e7e59b79da9f9ec6b0d896a,7/21(火) 17:26
top-picks,日テレNEWS NNN,手足口病 35都府県で警報レベル超,7/21(火) 17:25,https://news.yahoo.co.jp/pickup/6588775,https://news.yahoo.co.jp/articles/2403e868f3c28466976772202488278cd0bf1d44,7/21(火) 17:25
top-picks,TBS NEWS DIG Powered by JNN,中国 日本EEZ内での訓練巡り反論,7/21(火) 17:20,https://news.yahoo.co.jp/pickup/6588774,https://news.yahoo.co.jp/articles/c2a58027f0ea8b598e524f787edd106ddee58bc6,7/21(火) 17:20
top-picks,フットボールチャンネル,鹿島に痛手 DF安西&MF樋口が負傷,7/21(火) 17:13,https://news.yahoo.co.jp/pickup/6588773,https://news.yahoo.co.jp/articles/ad2c34ec614360fc0f9a8a4f8c53a77ffd4864fb,7/21(火) 17:13
top-picks,モデルプレス,JO1 ソウル公演のチケ販売延期,7/21(火) 17:03,https://news.yahoo.co.jp/pickup/6588771,https://news.yahoo.co.jp/articles/84abf2fd901e80befa2cc4bdeffed938a20a390f,7/21(火) 17:03
top-picks,産経新聞,首相の「0～3時間睡眠」投稿 波紋,7/21(火) 17:00,https://news.yahoo.co.jp/pickup/6588770,https://news.yahoo.co.jp/articles/e09689d8fe96504c8bccab76554316b06df1c353,7/21(火) 17:00
top-picks,毎日新聞,下請法違反 医療機器HOYAに勧告,7/21(火) 16:37,https://news.yahoo.co.jp/pickup/6588768,https://news.yahoo.co.jp/articles/13a50f4ca856e09bfe8426485139d9b9bd790970,7/21(火) 16:37
top-picks,日テレNEWS NNN,熱中症疑い死亡 発見時体温42.6℃,7/21(火) 16:36,https://news.yahoo.co.jp/pickup/6588767,https://news.yahoo.co.jp/articles/b6fb1a96334bf89fc762a7f175113625d239b4f8,7/21(火) 16:36
top-picks,NBC長崎放送,バイク音うるさいと追突疑い 逮捕,7/21(火) 16:33,https://news.yahoo.co.jp/pickup/6588766,https://news.yahoo.co.jp/articles/8a6c4f1c23490a663432aa6338e3c9ef622d9f9b,7/21(火) 16:33
top-picks,共同通信,マンション1都3県 平均1億円超,7/21(火) 16:31,https://news.yahoo.co.jp/pickup/6588765,https://news.yahoo.co.jp/articles/a20b55ccb0bc5c5a3631dd630ac8093c9998c2f3,7/21(火) 16:31
top-picks,オリコン,BMSG育成生 コンプラ違反で自粛,7/21(火) 16:25,https://news.yahoo.co.jp/pickup/6588763,https://news.yahoo.co.jp/articles/0b5babb9c3c2a548ceee8e23d609fea213551854,7/21(火) 16:25
top-picks,オリコン,小籔「コヤソニ」終了を電撃発表,7/21(火) 16:17,https://news.yahoo.co.jp/pickup/6588762,https://news.yahoo.co.jp/articles/2c2262414ca09d87e71eecb5bf798fb7c6815d53,7/21(火) 16:17
top-picks,ウェザーマップ,酷暑日観測 命奪う危険な暑さ警戒,7/21(火) 16:08,https://news.yahoo.co.jp/pickup/6588761,https://news.yahoo.co.jp/articles/71ed0007c4ca394c4335c6a241e54525c29c9545,7/21(火) 16:08
top-picks,テレビ朝日系（ANN）,南鳥島沖から重レアアース確認,7/21(火) 16:05,https://news.yahoo.co.jp/pickup/6588760,https://news.yahoo.co.jp/articles/cff90aee64ded456bb580c08b40d039f8a50dc79,7/21(火) 16:05
top-picks,デイリースポーツ,9回に逆転 人生初HRと日大三選手,7/21(火) 15:30,https://news.yahoo.co.jp/pickup/6588758,https://news.yahoo.co.jp/articles/73a22ce92e6306b31c21f2e9fdc61a399651b10f,7/21(火) 15:30
top-picks,オリコン,亀梨和也 結婚祝福に丁寧なお辞儀,7/21(火) 15:09,https://news.yahoo.co.jp/pickup/6588756,https://news.yahoo.co.jp/articles/b8b7fb2b2d128a7dfde82624c451c84f8280dab7,7/21(火) 15:09
top-picks,産経新聞,関経連でハラスメント 処分を発表,7/21(火) 14:52,https://news.yahoo.co.jp/pickup/6588755,https://news.yahoo.co.jp/articles/584051f0473b451237be48173d79266cbd2550ae,7/21(火) 14:52
top-picks,スポーツ報知,日大三 9回2死から劇的逆転3ラン,7/21(火) 14:42,https://news.yahoo.co.jp/pickup/6588753,https://news.yahoo.co.jp/articles/f76d6d70597ddd2a5ee77782b7117a81f1298347,7/21(火) 14:42
top-picks,スポーツ報知,中村敬斗がイベ登場 5千人大歓声,7/21(火) 14:28,https://news.yahoo.co.jp/pickup/6588750,https://news.yahoo.co.jp/articles/dab4c523b376cb67470366d7639d90ee66b18a42,7/21(火) 14:28
top-picks,東海テレビ,岐阜県郡上市で「酷暑日」全国初,7/21(火) 14:22,https://news.yahoo.co.jp/pickup/6588752,https://news.yahoo.co.jp/articles/6d2106f8050390034b9908357dc7d5456a195c63,7/21(火) 14:22
top-picks,Yahoo!ニュース オリジナル 特集オリジナル,高橋英樹語る 豪雨の隅田川花火,7/21(火) 14:04,https://news.yahoo.co.jp/pickup/6588751,https://news.yahoo.co.jp/articles/7fc89000ebbc06bd189ca5cdad0ee3e1ee9a032f,7/21(火) 14:04
top-picks,時事通信,企業統治指針 5年ぶりに改訂,7/21(火) 14:00,https://news.yahoo.co.jp/pickup/6588749,https://news.yahoo.co.jp/articles/e93a3027e1f519eda47f7ec9c71fdf55b2fe3b17,7/21(火) 14:00
top-picks,スポニチアネックス,27年朝ドラ バカリ作品常連ずらり,7/21(火) 13:51,https://news.yahoo.co.jp/pickup/6588748,https://news.yahoo.co.jp/articles/db8efba7709bb7cb5f0bc134d5c965ddb78ff26c,7/21(火) 13:51
top-picks,スポーツ報知,麟太郎マーリンズと契約 ユニ姿も,7/21(火) 13:41,https://news.yahoo.co.jp/pickup/6588747,https://news.yahoo.co.jp/articles/8f6b252169d6087b3a37c00a6c202fd5d46081e4,7/21(火) 13:41
top-picks,ロイター,準優勝アルゼンチン 一部が暴徒化,7/21(火) 13:28,https://news.yahoo.co.jp/pickup/6588745,https://news.yahoo.co.jp/articles/5116c1b28e5d741c6463bf1f4dc9f4b08b90fdd1,7/21(火) 13:28
top-picks,テレビ朝日系（ANN）,「着る虫よけ」人気 大手も参入,7/21(火) 13:05,https://news.yahoo.co.jp/pickup/6588744,https://news.yahoo.co.jp/articles/574ff327fd22f1327973bced2291b52893a83ecd,7/21(火) 13:05
top-picks,ロイター,武田のデング熱ワクチン 印で承認,7/21(火) 12:51,https://news.yahoo.co.jp/pickup/6588743,https://news.yahoo.co.jp/articles/bcebac29ffa9d199550b4a584da63d32bbe27608,7/21(火) 12:51
top-picks,毎日新聞,政府「骨太の方針」を閣議決定,7/21(火) 12:48,https://news.yahoo.co.jp/pickup/6588742,https://news.yahoo.co.jp/articles/b4b9dad644e27827f2c934a732929dfc69f391e3,7/21(火) 12:48
top-picks,日テレNEWS NNN,全東信元幹部「破産予兆あった」,7/21(火) 12:32,https://news.yahoo.co.jp/pickup/6588741,https://news.yahoo.co.jp/articles/2e946ef039615af533e4b174e5bb622fff796bdb,7/21(火) 12:32
top-picks,TBS NEWS DIG Powered by JNN,唇縫い付け 被害女性の給料管理か,7/21(火) 12:24,https://news.yahoo.co.jp/pickup/6588740,https://news.yahoo.co.jp/articles/049ae3e7d29fe6ae3a59ecd603dc42247c0c4d23,7/21(火) 12:24
top-picks,Yahoo!ニュース オリジナル 特集オリジナル,高橋英樹 伝説の隅田川花火を語る,7/21(火) 12:12,https://news.yahoo.co.jp/pickup/6588718,https://news.yahoo.co.jp/articles/7fc89000ebbc06bd189ca5cdad0ee3e1ee9a032f,7/21(火) 12:12
top-picks,朝日新聞,羽田1.9億円強盗未遂疑い 4人逮捕,7/21(火) 12:10,https://news.yahoo.co.jp/pickup/6588739,https://news.yahoo.co.jp/articles/3a168e6eef7be83348fe7eb9a4177954e55b0d24,7/21(火) 12:10
top-picks,スポニチアネックス,テレビ各局 人気番組の復活相次ぐ,7/21(火) 12:08,https://news.yahoo.co.jp/pickup/6588737,https://news.yahoo.co.jp/articles/1b3a49e758a4b3a3acbda0cea8fa57bc5df04002,7/21(火) 12:08
top-picks,Media info not found,夏休み 闇バイト勧誘の活発化恐れ,夏休みに入りましたが、物価高でお金がなければ遊びにもいけない状況です。そこで懸念されるのが、この機に乗じた闇バイトへの勧誘です。,https://news.yahoo.co.jp/pickup/6588734,https://news.yahoo.co.jp/articles/d96d9bed21ccf37ae37b3e9e61ca2bbc6fc05e12,7/21(火) 12:06
top-picks,Media info not found,北外相が電撃訪露 さまざまな思惑,　北朝鮮の崔善姫（チェ・ソニ）外相がロシアを訪問し、プーチン大統領と会見した。記念行事などに伴うものではなく、詳細な日程や目的が伏せられた異例の訪露であるため、その真意に注目が集まっている。背景には、金正恩（キム・ジョンウン）朝鮮労働党総書記の訪露調整や軍事・経済協力の拡大、活発化する中朝関係とのバランス、さらには日米韓の連携に対する共同対抗など、さまざまな思惑があるとみられる。ここから見えるのは、安全保障協力を深める朝露関係と、中露を秤にかけて交渉力を高めようとする北朝鮮の思惑だ。,https://news.yahoo.co.jp/pickup/6588738,https://news.yahoo.co.jp/articles/c4e6fb4b34ae7fe29c02e458a0d0cc00257ae199,7/21(火) 12:04
top-picks,スポーツ報知,滋賀学園がコールド負け 8強で涙,7/21(火) 12:02,https://news.yahoo.co.jp/pickup/6588735,https://news.yahoo.co.jp/articles/ab2a2a4834ba53897a110f67c66e7d0d5787fc86,7/21(火) 12:02
top-picks,Media info not found,ダブルインパクト「理想形」実現,漫才とコントの二刀流日本一決定戦『アサヒビール スマドリ ダブルインパクト2026 漫才＆コント二刀流No.1決定戦』（日本テレビ・読売テレビ系）が7月20日に開催され、滝音（さすけ、秋定遼太郎）が2代目王者に輝いた。,https://news.yahoo.co.jp/pickup/6588729,https://twitter.com/double_impactTV/status/2079192755537093111,7/21(火) 12:01
top-picks,Media info not found,北陸新幹線桂川ルート 抱える難題,　北陸新幹線敦賀―新大阪間の延伸について、与党整備委員会は「小浜・京都ルート」の桂川案を採用した。しかし、これで議論が収束する気配はない。福井県では期待感を伝える楽観的な報道が目立つ一方、石川県では米原ルートを支持する声も根強く、京都でも反対や疑問の声は減っていない。延伸賛成派の中でも桂川案は「妥協の産物」との見方もあり、与党主導の決定プロセスへの不信感も広がる。ルート決定はゴールではなく、本当の難題はこれから始まる。,https://news.yahoo.co.jp/pickup/6588731,https://news.yahoo.co.jp/articles/1ad8429930f2050a9c55658619ac97039a518be4,7/21(火) 12:00
top-picks,ウェザーマップ,並みの暑さでない 初「酷暑日」か,7/21(火) 11:52,https://news.yahoo.co.jp/pickup/6588736,https://news.yahoo.co.jp/articles/c853af483e991273cbfd5a970db3138c6d9405ca,7/21(火) 11:52
top-picks,TeNYテレビ新潟,路上で倒れた44歳死亡 熱中症疑い,7/21(火) 11:50,https://news.yahoo.co.jp/pickup/6588733,https://news.yahoo.co.jp/articles/a111a1ec34955c57c8026686b0b2ae84b8679da2,7/21(火) 11:50
top-picks,テレビ朝日系（ANN）,国会延長で外遊中止 会談機会失う,7/21(火) 11:44,https://news.yahoo.co.jp/pickup/6588727,https://news.yahoo.co.jp/articles/2fb2ee9250cd9bb9dcecf7ff3dbfe3d577c3fd87,7/21(火) 11:44
top-picks,tennis365.net,女子テニス協会 性別検査を義務化,7/21(火) 11:43,https://news.yahoo.co.jp/pickup/6588724,,7/21(火) 11:43
top-picks,ウェザーマップ,どこまで暑くなる 初「酷暑日」か,7/21(火) 11:42,https://news.yahoo.co.jp/pickup/6588730,https://news.yahoo.co.jp/articles/c853af483e991273cbfd5a970db3138c6d9405ca,7/21(火) 11:42
top-picks,ロイター,UEFA会長 W杯決勝への出席拒否,7/21(火) 11:33,https://news.yahoo.co.jp/pickup/6588725,https://news.yahoo.co.jp/articles/b1ed833e014517a4f6e36dabb3938db025887bc6,7/21(火) 11:33
top-picks,オリコン,ラヴ上等シーズン2 主題歌SPEED,7/21(火) 11:31,https://news.yahoo.co.jp/pickup/6588726,https://news.yahoo.co.jp/articles/f7974d76d5a77e8fdc3045399974bf612b3afa2f,7/21(火) 11:31
top-picks,オリコン,ラヴ上等2主題歌に「Body&Soul」,7/21(火) 11:21,https://news.yahoo.co.jp/pickup/6588723,https://news.yahoo.co.jp/articles/f7974d76d5a77e8fdc3045399974bf612b3afa2f,7/21(火) 11:21
top-picks,ＡＴＶ青森テレビ,飲酒・喫煙 青森山田校長コメント,7/21(火) 11:16,https://news.yahoo.co.jp/pickup/6588721,https://news.yahoo.co.jp/articles/bd5adbb32f32ede81ce37fea2c321e90e6a466d7,7/21(火) 11:16
top-picks,ロイター,サムスン 米で大規模な人員削減,7/21(火) 11:15,https://news.yahoo.co.jp/pickup/6588722,https://news.yahoo.co.jp/articles/f97f210a3d0dc38ce26c50daab81f1c558449c51,7/21(火) 11:15
top-picks,CNET Japan,GMO代表 在宅勤務巡る投稿謝罪,7/21(火) 11:13,https://news.yahoo.co.jp/pickup/6588720,https://news.yahoo.co.jp/articles/e40f3c741c70ef8301909f119158e9b70d4694e4,7/21(火) 11:13
top-picks,Full-Count,鈴木誠也が16号豪快弾 本拠地熱狂,7/21(火) 10:35,https://news.yahoo.co.jp/pickup/6588719,https://news.yahoo.co.jp/articles/892b692fa7ed910a4d6def7ce5a57669996f1270,7/21(火) 10:35
top-picks,TBS NEWS DIG Powered by JNN,衆院議員の資産公開 平均3278万円,7/21(火) 10:17,https://news.yahoo.co.jp/pickup/6588716,https://news.yahoo.co.jp/articles/de7e4e89d01080f4142fd376c765048ec2a79dbe,7/21(火) 10:17
top-picks,GOAL,メッシが投稿 W杯連覇を逃し想い,7/21(火) 10:12,https://news.yahoo.co.jp/pickup/6588717,https://news.yahoo.co.jp/articles/5710b6bdfc6ccf642532ff6bc3a57988b103961e,7/21(火) 10:12
top-picks,Bloomberg,米 カナダ製品の一部に50%関税へ,7/21(火) 10:08,https://news.yahoo.co.jp/pickup/6588715,https://news.yahoo.co.jp/articles/737b74faacdb4d15ab18f42e513582d9f23e8de4,7/21(火) 10:08
top-picks,GOAL,敗戦にメッシ 傷癒えるまでに時間,7/21(火) 10:03,https://news.yahoo.co.jp/pickup/6588714,https://news.yahoo.co.jp/articles/5710b6bdfc6ccf642532ff6bc3a57988b103961e,7/21(火) 10:03
top-picks,弁護士ドットコムニュース,農地違法な貸し借り「ヤミ小作」,7/21(火) 9:48,https://news.yahoo.co.jp/pickup/6588713,https://news.yahoo.co.jp/articles/ef9dba2a182d79126f06d72b04ad94e343458cbc,7/21(火) 9:48
top-picks,Media info not found,危険運転に数値基準導入 残る課題,きょうから危険運転致死傷罪に速度やアルコール量の数値基準が導入されます。改正法の施行に基づく措置です。これまで「制御困難な高速度」「正常な運転が困難な状態」といった抽象的な要件が課題となっていましたが、適用範囲が明確になります。一方で、数値基準に満たないケースの扱いや、個別の事故状況を踏まえた判断など、課題も残されています。,https://news.yahoo.co.jp/pickup/6588710,https://news.yahoo.co.jp/articles/96fb0172241aeefc90963ddd56ffd26296a047a9,7/21(火) 9:40
top-picks,ゲキサカ,W杯決勝後の暴力行為 FIFAが調査,7/21(火) 9:14,https://news.yahoo.co.jp/pickup/6588707,https://news.yahoo.co.jp/articles/5291b107f3c00b6e6c01143e15426d66a80d8a7d,7/21(火) 9:14
top-picks,読売新聞オンライン,延長国会 副首都など4法案綱渡り,7/21(火) 9:07,https://news.yahoo.co.jp/pickup/6588708,https://news.yahoo.co.jp/articles/1807ea42ffb629764b8325d28e589987c8f98d98,7/21(火) 9:07
top-picks,サッカーキング,2度バロンドール キーガン氏死去,7/21(火) 8:53,https://news.yahoo.co.jp/pickup/6588706,https://news.yahoo.co.jp/articles/3cd648350685473981dd0f8ed990b122c515860d,7/21(火) 8:53
top-picks,読売新聞オンライン,保育中うつぶせ寝で死亡 母の無念,7/21(火) 8:39,https://news.yahoo.co.jp/pickup/6588705,https://news.yahoo.co.jp/articles/ccc901d96d97e855c6e60243a043d55cb1387b8d,7/21(火) 8:39
top-picks,AERA with Kids＋,学校のぎょう虫検査 姿消した訳,7/21(火) 8:38,https://news.yahoo.co.jp/pickup/6588703,https://news.yahoo.co.jp/articles/1765f35b123e5ac38f15f0ae4ab6f69744dbf826,7/21(火) 8:38
top-picks,サンケイスポーツ,朗希グラブ巨大化? 癖バレ対策か,7/21(火) 8:05,https://news.yahoo.co.jp/pickup/6588702,https://news.yahoo.co.jp/articles/fa5359e69e50210ff228ba6a394c0dd4d79bbe98,7/21(火) 8:05
top-picks,朝日新聞,EU 中国系通販に制裁金1000億円,7/21(火) 7:54,https://news.yahoo.co.jp/pickup/6588701,https://news.yahoo.co.jp/articles/0de6154e663ee550aa2449af9f1afd50d8093d60,7/21(火) 7:54
top-picks,Bloomberg,米兵死亡 米大統領がイランに警告,7/21(火) 7:35,https://news.yahoo.co.jp/pickup/6588700,https://news.yahoo.co.jp/articles/6cdc128359f2e4fbd969c9aa839bb6686477a703,7/21(火) 7:35
top-picks,FNNプライムオンライン（フジテレビ系）,スペイン代表が凱旋パレード 歓声,7/21(火) 7:32,https://news.yahoo.co.jp/pickup/6588699,https://news.yahoo.co.jp/articles/15d046f3e61857c14fce8ed756872c85871cbe70,7/21(火) 7:32
top-picks,読売新聞オンライン,公取委 来夏にも大幅組織改編,7/21(火) 7:15,https://news.yahoo.co.jp/pickup/6588697,https://news.yahoo.co.jp/articles/ef1b4e67e706fae219b70b525f825527545d1f4d,7/21(火) 7:15
top-picks,スポニチアネックス,ロッテ角中 ファンに涙の引退報告,7/21(火) 7:15,https://news.yahoo.co.jp/pickup/6588698,https://news.yahoo.co.jp/articles/bfbbeb65696a9a5103a07783804a2b37fa8aea56,7/21(火) 7:15
top-picks,スポニチアネックス,監督 大谷復帰登板「わからない」,7/21(火) 7:00,https://news.yahoo.co.jp/pickup/6588696,https://news.yahoo.co.jp/articles/a306af9207abed7e2024e510306164c06fbc9a13,7/21(火) 7:00
top-picks,tenki.jp,東海などで危険な暑さ 酷暑日予想,7/21(火) 6:36,https://news.yahoo.co.jp/pickup/6588695,https://news.yahoo.co.jp/articles/e41fdc92b3f1af8942ba291a2ff0107e611a5ea9,7/21(火) 6:36
top-picks,ロイター,ワーナー買収一時差し止め 米地裁,7/21(火) 6:22,https://news.yahoo.co.jp/pickup/6588694,https://news.yahoo.co.jp/articles/eef8e38b8688258fe732483845dcf7aad45f9057,7/21(火) 6:22
top-picks,映画ナタリー,亀梨「カイジ」で宿敵・和也役に,7/21(火) 6:10,https://news.yahoo.co.jp/pickup/6588693,https://news.yahoo.co.jp/articles/a34fcf20afb6b9cc18be0b2737aeef538b426dbd,7/21(火) 6:10
top-picks,日テレNEWS NNN,FIFAランキング W杯終え大幅変更,7/21(火) 0:23,https://news.yahoo.co.jp/pickup/6588692,https://news.yahoo.co.jp/articles/0640def1ff236ae604e97ecb36f18f7f60fb647c,7/21(火) 0:23
top-picks,オリコン,「カグラバチ」来週連載再開へ,7/21(火) 0:11,https://news.yahoo.co.jp/pickup/6588691,https://news.yahoo.co.jp/articles/57e9754f8b6a139dae33cce7ca4e8bc98be7e95e,7/21(火) 0:11
