ctgry,media_jp,title_pickup,title_articles,link_pickup,link_articles,date_original
top-picks,FNNƒvƒ‰ƒCƒ€ƒIƒ“ƒ‰ƒCƒ“iƒtƒWƒeƒŒƒrŒnj,‰~‚ª‹}“« ˆê1ƒhƒ‹=155‰~‘ä‘O”¼,8/3(Œ) 10:38,https://news.yahoo.co.jp/pickup/6590348,https://news.yahoo.co.jp/articles/292f9ebb1479ecc70934ca7812918601ee70f972,8/3(Œ) 10:38
top-picks,ENCOUNT,wR¹–ë ‘æ1q”DP‚ğ”­•\,8/3(Œ) 10:36,https://news.yahoo.co.jp/pickup/6590349,https://news.yahoo.co.jp/articles/e7ef3ba74c356bcb3fcdd3a33beb47994b3bcfce,8/3(Œ) 10:36
top-picks,“Ç”„ƒeƒŒƒr,©‘î—×‚ª–¯”‘‚É‚È‚è‘›‰¹ Z–¯”ß–Â,8/3(Œ) 10:19,https://news.yahoo.co.jp/pickup/6590346,https://news.yahoo.co.jp/articles/6291df725802ae1056a689fca0ab7efb9ad968e0,8/3(Œ) 10:19
top-picks,–kŠC“¹ƒjƒ…[ƒXUHB,˜H–Ê“dÔ‚Ì‰º•~‚«‚É‚È‚è€–S ”ŸŠÙ,8/3(Œ) 9:41,https://news.yahoo.co.jp/pickup/6590342,https://news.yahoo.co.jp/articles/11183cd36f1d869439e797b2691c1233412995d2,8/3(Œ) 9:41
top-picks,ƒeƒŒƒr’©“úŒniANNj,ŒF–{’nk‚Å“]“|‚ªŒ´ˆö‚© 16Î€–S,8/3(Œ) 9:22,https://news.yahoo.co.jp/pickup/6590341,,8/3(Œ) 9:22
top-picks,’©“úV•·,ƒ}ƒŒ[ƒVƒAñ‘Š “ï–¯„‚é”­Œ¾•¨‹c,8/3(Œ) 9:16,https://news.yahoo.co.jp/pickup/6590339,https://news.yahoo.co.jp/articles/c798ff26051c894448b6a12ff5b27ceab9b78756,8/3(Œ) 9:16
top-picks,ƒŠƒAƒ‹ƒTƒEƒ“ƒh,GTO‚ÅƒJƒWƒTƒbƒN’·—‚ªD‰‰ ˜b‘è,8/3(Œ) 9:00,https://news.yahoo.co.jp/pickup/6590340,https://news.yahoo.co.jp/articles/c470d4293182abe2d959d22d1428d65cd0b6deca,8/3(Œ) 9:00
top-picks,ƒEƒFƒU[ƒ}ƒbƒv,3“ú‚ÍŒF–{40—\‘z ‹ãB‚Å“‹,8/3(Œ) 8:52,https://news.yahoo.co.jp/pickup/6590336,,8/3(Œ) 8:52
top-picks,ƒƒCƒ^[,à–±‘Š ‚³‚ç‚È‚é‹¦’²‰î“üçSçO‚¹‚¸,8/3(Œ) 8:40,https://news.yahoo.co.jp/pickup/6590337,https://news.yahoo.co.jp/articles/a7543442a4ea54fedce4187b671940d1f8e37a02,8/3(Œ) 8:40
top-picks,ƒeƒŒƒr’©“úŒniANNj,ƒgƒ‰ƒ“ƒv ‰~”ƒ‚¢‰î“ü‚Í—FD‚ÌØ,8/3(Œ) 8:07,https://news.yahoo.co.jp/pickup/6590335,,8/3(Œ) 8:07
top-picks,“Œ—mŒoÏƒIƒ“ƒ‰ƒCƒ“,ŒÎ’r‰®ƒ|ƒeƒ`u’¼‘—•ÖvD’²——R,8/3(Œ) 8:06,https://news.yahoo.co.jp/pickup/6590334,https://news.yahoo.co.jp/articles/66f59a0d8e37898ac75895dbec1f1610495d1e89,8/3(Œ) 8:06
top-picks,–’ÊM,ƒwƒŠ“¯mÕ“Ë‚µ2l€–S ƒMƒŠƒVƒƒ,8/3(Œ) 7:59,https://news.yahoo.co.jp/pickup/6590333,https://news.yahoo.co.jp/articles/a62609c4b3b3a89aba5183263c1949b9d08111aa,8/3(Œ) 7:59
top-picks,–’ÊM,ŒF–{‚Ì•œ‹Œ•œ‹» •â³—\Z•Ò¬˜_‚à,8/3(Œ) 7:38,https://news.yahoo.co.jp/pickup/6590331,https://news.yahoo.co.jp/articles/fe6c03a6d07064ff748a5ededd01747fc8e13cb5,8/3(Œ) 7:38
top-picks,ƒXƒ|[ƒc•ñ’m,ŒK–Øu”¿‚ª‘S‰pV Ü‹à–ñ2.4‰­‰~,8/3(Œ) 7:37,https://news.yahoo.co.jp/pickup/6590332,https://news.yahoo.co.jp/articles/2fa372106c73730b52502c878073579cb3d7daeb,8/3(Œ) 7:37
top-picks,TBS NEWS DIG Powered by JNN,‚s“àŠt‚Ìx—¦59.2% JNN’²¸,8/3(Œ) 6:54,https://news.yahoo.co.jp/pickup/6590328,https://news.yahoo.co.jp/articles/dab1e60eca51e92df246586ca4a3392f2ef28cd0,8/3(Œ) 6:54
top-picks,MBSƒjƒ…[ƒX,“¯‚¶‰ïĞ‚Ì’j«‚ğEŠQ‹^‚¢ ’j‘ß•ß,8/3(Œ) 6:35,https://news.yahoo.co.jp/pickup/6590327,https://news.yahoo.co.jp/articles/ed25b0507403c0488d273ca9ef54a898f3e0ddfe,8/3(Œ) 6:35
top-picks,ƒXƒ|ƒjƒ`ƒAƒlƒbƒNƒX,ìŒû&”Â‘q ’´‰“‹——£—öˆ¤À‚ç‚¹‚½,8/3(Œ) 6:25,https://news.yahoo.co.jp/pickup/6590326,https://news.yahoo.co.jp/articles/43f44aa317e42d180e84f16648edc74b661dea26,8/3(Œ) 6:25
top-picks,ƒSƒ‹ƒt‘‡ƒTƒCƒg ALBA Net,ƒSƒ‹ƒt‘S‰p—q ŒK–Øu”¿‚ª—DŸ,8/3(Œ) 6:11,https://news.yahoo.co.jp/pickup/6590325,https://news.yahoo.co.jp/articles/d16ab6955fa915a632d806c1ea2016cafc19165e,8/3(Œ) 6:11
top-picks,tenki.jp,’nk‚Æ‰_‚ğŠÖŒW•t‚¯‚éŒëî•ñ ’ˆÓ,8/3(Œ) 1:40,https://news.yahoo.co.jp/pickup/6590323,https://news.yahoo.co.jp/articles/390069a17c7d4eb4be5150f78e95adda9922f3ad,8/3(Œ) 1:40
top-picks,ƒfƒCƒŠ[ƒXƒ|[ƒc,ã_ŠÄ“Â 2¸ô‚Ì‘Oì‚É•±‹N‘£‚·,8/2(“ú) 23:45,https://news.yahoo.co.jp/pickup/6590322,https://news.yahoo.co.jp/articles/19e5fe94a4a7ab7c0f63cbbf25adf9e22fb7b694,8/2(“ú) 23:45
top-picks,ç—t“ú•ñƒIƒ“ƒ‰ƒCƒ“,Ô2‘ä‚ª³–ÊÕ“Ë 1l€–S2ld‘Ì,8/2(“ú) 23:27,https://news.yahoo.co.jp/pickup/6590321,https://news.yahoo.co.jp/articles/7f3d1d004c1712c7415b56bad63af57b57c4f9b1,8/2(“ú) 23:27
top-picks,ƒfƒCƒŠ[ƒXƒ|[ƒc,”Â‘qŒ‹¥ ‘ã•\‚©‚çŒÂ«ˆì‚ê‚éj•Ÿ,8/2(“ú) 23:15,https://news.yahoo.co.jp/pickup/6590320,https://news.yahoo.co.jp/articles/0da3b6b3b23a6c1940566be7813e92ed277565e5,8/2(“ú) 23:15
top-picks,_ŒËV•·NEXT,7Œ‚É…ãƒoƒCƒN‚ÆÕ“Ë 22Î€–S,8/2(“ú) 22:58,https://news.yahoo.co.jp/pickup/6590318,https://news.yahoo.co.jp/articles/267ce919fa10268eac72523b9ea153a1504da220,8/2(“ú) 22:58
top-picks,‹¤“¯’ÊM,EU AI‹K§–@‚Å“§–¾«Šm•Û‚ğ‹`–±‰»,8/2(“ú) 22:58,https://news.yahoo.co.jp/pickup/6590319,https://news.yahoo.co.jp/articles/2b05e63a420fc5d1545894d217810554a8528a4b,8/2(“ú) 22:58
top-picks,ƒfƒCƒŠ[ƒXƒ|[ƒc,ìŒût“Ş&”Â‘qŒ‹¥ ‘ã•\j•Ÿ‘±‚­,8/2(“ú) 22:33,https://news.yahoo.co.jp/pickup/6590314,https://news.yahoo.co.jp/articles/0da3b6b3b23a6c1940566be7813e92ed277565e5,8/2(“ú) 22:33
top-picks,‹¤“¯’ÊM,”š”­‘O–ß‚é‚æ‚¤w¦ “X•Ü‰^‰cÓß,8/2(“ú) 22:33,https://news.yahoo.co.jp/pickup/6590315,https://news.yahoo.co.jp/articles/14c99977ff4497d0ba11c0627ead120bf69cb169,8/2(“ú) 22:33
top-picks,“úŠ§ƒXƒ|[ƒc,‚è‚­‚è‚ã‚¤O‰Y À’·ƒVƒ‡[‚ÅŠ´—Ü,8/2(“ú) 22:19,https://news.yahoo.co.jp/pickup/6590311,https://news.yahoo.co.jp/articles/7bec6a606649f99d43d07823d836bb36617f53ac,8/2(“ú) 22:19
top-picks,‹¤“¯’ÊM,qs’†ƒtƒFƒŠ[‰ÎĞ ƒCƒ“ƒhƒlƒVƒA,8/2(“ú) 22:18,https://news.yahoo.co.jp/pickup/6590312,https://news.yahoo.co.jp/articles/1cfab1a76ba987199b4b9668b079e97a768de000,8/2(“ú) 22:18
top-picks,‹¤“¯’ÊM,”š”­‘O–ß‚é‚æ‚¤w¦ ƒeƒiƒ“ƒgÓß,8/2(“ú) 22:08,https://news.yahoo.co.jp/pickup/6590310,https://news.yahoo.co.jp/articles/14c99977ff4497d0ba11c0627ead120bf69cb169,8/2(“ú) 22:08
top-picks,“úŠ§ƒXƒ|[ƒc,bq‰€oê‚Ì“Œ’} ˆãŠw•”u–]4l,8/2(“ú) 22:04,https://news.yahoo.co.jp/pickup/6590308,https://news.yahoo.co.jp/articles/267fcfc6ac6048ce8e118af94787e156a2eaa989,8/2(“ú) 22:04
top-picks,ƒIƒŠƒRƒ“,n‰åìÒ ƒƒ“ƒsƒJ[ƒh‚ÌŠG•¿’S“–,8/2(“ú) 21:57,https://news.yahoo.co.jp/pickup/6590309,https://news.yahoo.co.jp/articles/85be839310d2215025a09fd773346a75eb6ed8c5,8/2(“ú) 21:57
top-picks,ŒF–{“ú“úV•·,—h‚ê‚Ì’†‚Å•ª•Øº‚É 1ŠÔŒãoY,8/2(“ú) 21:44,https://news.yahoo.co.jp/pickup/6590306,https://news.yahoo.co.jp/articles/2094796127e61cfe28e37c728d4285b85266a9e1,8/2(“ú) 21:44
top-picks,VITUP!,‰¡ì®—² ƒvƒƒfƒrƒ…[í‚Å—DŸ,8/2(“ú) 21:37,https://news.yahoo.co.jp/pickup/6590304,https://news.yahoo.co.jp/articles/f8931c51cf21356d6c1ceb4a06a044b9ecd1db5e,8/2(“ú) 21:37
top-picks,–ˆ“úV•·,HBOC‚Ì—« ’…°‘Of’f‚ğ\¿‚Ö,8/2(“ú) 21:16,https://news.yahoo.co.jp/pickup/6590305,https://news.yahoo.co.jp/articles/efe0eeaf0b4c2324ce218fb9562f7718ddc360ef,8/2(“ú) 21:16
top-picks,FNNƒvƒ‰ƒCƒ€ƒIƒ“ƒ‰ƒCƒ“iƒtƒWƒeƒŒƒrŒnj,ĞŠQŠÖ˜A€‚Ì—}§‚É²‘« Š¯–[’·Š¯,8/2(“ú) 21:01,https://news.yahoo.co.jp/pickup/6590302,https://news.yahoo.co.jp/articles/efc4e7c2a40a3628fdb77c1a1c6be199f70f18c3,8/2(“ú) 21:01
top-picks,ŒF–{ƒjƒ…[ƒX KAB ONLINE,ƒzƒeƒ‹‚Ö2Ÿ”ğ“ï 3“ú‚©‚çó‚¯•t‚¯,8/2(“ú) 20:44,https://news.yahoo.co.jp/pickup/6590301,https://news.yahoo.co.jp/articles/6bcdd0aec0529f2e4399b0217d205b37a6ad12c8,8/2(“ú) 20:44
top-picks,ƒIƒŠƒRƒ“,ìŒût“ŞŒ‹¥u‚¨• ‚ÉÔ‚¿‚á‚ñv,8/2(“ú) 20:24,https://news.yahoo.co.jp/pickup/6590300,https://news.yahoo.co.jp/articles/808cc5838e21cf65f4e29ddabf3b0faf7c347e6b,8/2(“ú) 20:24
top-picks,TBS NEWS DIG Powered by JNN,‚Šz—Ã—{”ïŒ©’¼‚µ ­•{‚Ì‘_‚¢‚Í,8/2(“ú) 20:18,https://news.yahoo.co.jp/pickup/6590298,,8/2(“ú) 20:18
top-picks,ŠÖ¼ƒeƒŒƒr,—Î‚Å—«€–S ¬Šw¶‚Ìq‚ª–ÚŒ‚,8/2(“ú) 20:15,https://news.yahoo.co.jp/pickup/6590299,https://news.yahoo.co.jp/articles/f5e372aca3c49280e8adb7c940edc78c35e3d8e3,8/2(“ú) 20:15
top-picks,ƒIƒŠƒRƒ“,ìŒût“Ş‚Æ”Â‘qŸäŒ‹¥ ˜A–¼‚Å•ñ,8/2(“ú) 20:07,https://news.yahoo.co.jp/pickup/6590297,https://news.yahoo.co.jp/articles/808cc5838e21cf65f4e29ddabf3b0faf7c347e6b,8/2(“ú) 20:07
top-picks,–’ÊM,ƒCƒIƒ“ƒ‚[ƒ‹‰Fé ‰º•~‚«‚Ì‹q€–S,8/2(“ú) 19:43,https://news.yahoo.co.jp/pickup/6590296,https://news.yahoo.co.jp/articles/01fcf3cc3387137fe185becaf0e8a97d4dc7ad26,8/2(“ú) 19:43
top-picks,tenki.jp,3“ú ŒF–{‚Ì•¡”’n“_40ˆÈã—\‘z,8/2(“ú) 19:39,https://news.yahoo.co.jp/pickup/6590294,https://news.yahoo.co.jp/articles/bbaf5fbeaef501bde28860711a190c62d1997262,8/2(“ú) 19:39
top-picks,ƒXƒ|ƒjƒ`ƒAƒlƒbƒNƒX,‚Ä‚ñ‚¿‚Ş ‘æ2q”DP‚ğ”­•\,8/2(“ú) 19:33,https://news.yahoo.co.jp/pickup/6590293,https://news.yahoo.co.jp/articles/04e5f26256e1afec232abe23efd52308cb2bd6bf,8/2(“ú) 19:33
top-picks,“úƒeƒŒNEWS NNN,ƒCƒIƒ“”š”­ È‚ÌƒXƒ}ƒz‚ªŒ`Œ©‚É,8/2(“ú) 19:24,https://news.yahoo.co.jp/pickup/6590295,https://news.yahoo.co.jp/articles/6ef1103c4a1ba08b54aa62a67c67116815459754,8/2(“ú) 19:24
top-picks,ƒEƒFƒU[ƒ}ƒbƒv,”ñí‚É‹­‚¢‘ä•— ¬Š}Œ´”“‡Ú‹ß‚Ö,8/2(“ú) 19:12,https://news.yahoo.co.jp/pickup/6590290,https://news.yahoo.co.jp/articles/8a20fe71a7d9d5d52e6c10a636268ea5cfd2f1a5,8/2(“ú) 19:12
top-picks,,’†Œp ’·‰ª‚Ü‚Â‚è‘å‰Ô‰Î‘å‰ï,8/2(“ú) 19:07,https://news.yahoo.co.jp/pickup/6590289,,8/2(“ú) 19:07
top-picks,TBS NEWS DIG Powered by JNN,ƒoƒŒ[’jq ƒXƒƒxƒjƒA‚É”s‚ê4ˆÊ,8/2(“ú) 18:58,https://news.yahoo.co.jp/pickup/6590291,https://news.yahoo.co.jp/articles/432fc19343a87695b290e714dc2f4b8fe3812703,8/2(“ú) 18:58
top-picks,“úƒeƒŒNEWS NNN,ƒCƒIƒ“”š”­ È‚ğ¸‚Á‚½•v‚Ì‹¹’†,8/2(“ú) 18:50,https://news.yahoo.co.jp/pickup/6590288,https://news.yahoo.co.jp/articles/6ef1103c4a1ba08b54aa62a67c67116815459754,8/2(“ú) 18:50
top-picks,KBC‹ãB’©“ú•ú‘—,”íĞ‚Ì˜Vlƒz[ƒ€ ”M’†Ç‹^‚¢‘±o,8/2(“ú) 18:14,https://news.yahoo.co.jp/pickup/6590284,https://news.yahoo.co.jp/articles/3262dc7a4e1eca571700aca02094235a0a8e3e60,8/2(“ú) 18:14
top-picks,ƒXƒ|ƒjƒ`ƒAƒlƒbƒNƒX,ìŒût“Ş‚Æ”Â‘qŸä Œ‹¥&”DP”­•\,8/2(“ú) 18:11,https://news.yahoo.co.jp/pickup/6590286,https://news.yahoo.co.jp/articles/e0d110744de8e0073c968dfef038664a5a383c45,8/2(“ú) 18:11
top-picks,ƒXƒ|ƒjƒ`ƒAƒlƒbƒNƒX,ìŒût“Ş ”Â‘qŸä‚ÆŒ‹¥&”DP”­•\,8/2(“ú) 18:06,https://news.yahoo.co.jp/pickup/6590285,,8/2(“ú) 18:06
top-picks,J-CASTƒjƒ…[ƒX,’nk‚Å¤•i—‰º ƒRƒXƒgƒR‚Ì‰ñ“š,8/2(“ú) 17:54,https://news.yahoo.co.jp/pickup/6590283,https://news.yahoo.co.jp/articles/8de4c8da7474ba425893cfb23e07c05ffd097aa5,8/2(“ú) 17:54
top-picks,VŠƒ“ú•ñ,’·‰ª‰Ô‰Î„‚è “¹‚Ì‰w‚É’·ŠÔ’“Ô,8/2(“ú) 17:52,https://news.yahoo.co.jp/pickup/6590281,https://news.yahoo.co.jp/articles/5a3b3ac60844b37152c85e02b8b322b631f49a92,8/2(“ú) 17:52
top-picks,ƒXƒ|ƒjƒ`ƒAƒlƒbƒNƒX,VIVANT‘æ11˜b TVerÅ‚‹L˜^XV,8/2(“ú) 17:36,https://news.yahoo.co.jp/pickup/6590277,https://news.yahoo.co.jp/articles/00e835062196dee2cc7aba4128b1329e445954e4,8/2(“ú) 17:36
top-picks,“Ç”„V•·ƒIƒ“ƒ‰ƒCƒ“,ã‹ó3000m‚©‚ç’…’n¸”s 46Î€–S,8/2(“ú) 17:27,https://news.yahoo.co.jp/pickup/6590276,https://news.yahoo.co.jp/articles/6ce56f14ee2b2f50c347e08cb32655133e0009fc,8/2(“ú) 17:27
top-picks,YŒoV•·,uŒ©‚¹‚é‰„’·ƒR[ƒhvŠJ”­‚Ìî”M,8/2(“ú) 17:20,https://news.yahoo.co.jp/pickup/6590275,https://news.yahoo.co.jp/articles/1fcd3baf5e969b4c57fc8ef83ee9f32551724382,8/2(“ú) 17:20
top-picks,ƒƒCƒ^[,ˆÚ–¯—¬“ü‚ÌƒXƒyƒCƒ“ ŠC‚ÉƒtƒFƒ“ƒX,8/2(“ú) 17:02,https://news.yahoo.co.jp/pickup/6590274,https://news.yahoo.co.jp/articles/e4d6746b4a28af742985455774eb21c5ead4fc0b,8/2(“ú) 17:02
top-picks,‹¤“¯’ÊM,‚Šz—Ã—{”ïŒ©’¼‚µ ƒpƒuƒRƒ5300Œ,8/2(“ú) 16:57,https://news.yahoo.co.jp/pickup/6590271,,8/2(“ú) 16:57
top-picks,ƒfƒCƒŠ[ƒXƒ|[ƒc,ƒXƒNƒoƒ‹Šl“¾•ñ“¹ R–{—RL‚Í‹Á‚«,8/2(“ú) 16:54,https://news.yahoo.co.jp/pickup/6590272,https://news.yahoo.co.jp/articles/e49d5ee12c11f6fbbabeb08b47b941b415261b92,8/2(“ú) 16:54
top-picks,W‰pĞƒIƒ“ƒ‰ƒCƒ“,‹‹H‚ª‚È‚¢‰Ä‹x‚İ ¢‹‡¢‘Ñ‚ÌÀ‘Ô,8/2(“ú) 16:54,https://news.yahoo.co.jp/pickup/6590273,https://news.yahoo.co.jp/articles/f16d8c831c7febbfe6acdaa9d6645e78b4c88d38,8/2(“ú) 16:54
top-picks,ƒXƒ|[ƒcƒiƒr,‘¬•ñƒoƒŒ[’jq “ú–{vsƒXƒƒxƒjƒA,8/2(“ú) 16:44,https://news.yahoo.co.jp/pickup/6590269,https://news.yahoo.co.jp/articles/b73d8243f435e6d7a55f865e7d5449500c5bc9a0,8/2(“ú) 16:44
top-picks,“Ç”„ƒeƒŒƒr,ŠCŠİ‚Å•v‚ğB‰e’†‚É—Î —«€–S,8/2(“ú) 16:25,https://news.yahoo.co.jp/pickup/6590270,https://news.yahoo.co.jp/articles/536e434520278bf680ae44ee4a00fcddff36d1bc,8/2(“ú) 16:25
top-picks,AERA with Kids{,‹v•Û“c’qq “Á•Ê—{q‰‘g‚ğŒê‚é,8/2(“ú) 16:18,https://news.yahoo.co.jp/pickup/6590266,https://news.yahoo.co.jp/articles/53a1be377037bdc5c442abfa51fa2e7a07266b34,8/2(“ú) 16:18
top-picks,“Ç”„V•·ƒIƒ“ƒ‰ƒCƒ“,“|‰ó‚µ‚½©‘î “râ‚¦‚½‘c•ê‚Ìº,8/2(“ú) 16:12,https://news.yahoo.co.jp/pickup/6590267,https://news.yahoo.co.jp/articles/7c2d66526c934ae48b38d849ad0106b011ef4729,8/2(“ú) 16:12
top-picks,‹¤“¯’ÊM,“ú–{»†‚ÌHê”íĞ Œo‰c‚É‘ÅŒ‚,8/2(“ú) 15:35,https://news.yahoo.co.jp/pickup/6590265,https://news.yahoo.co.jp/articles/3ec502cf7c82a4f6503065d77f97eaed1587d062,8/2(“ú) 15:35
top-picks,ƒXƒ|[ƒc•ñ’m,ƒhƒWƒƒ[ƒX‚ªƒXƒNƒoƒ‹Šl“¾‚Ö •ñ“¹,8/2(“ú) 15:18,https://news.yahoo.co.jp/pickup/6590264,https://news.yahoo.co.jp/articles/297cb0c4c45733277c3259ba37659b947a2c8bab,8/2(“ú) 15:18
top-picks,ƒXƒ|ƒjƒ`ƒAƒlƒbƒNƒX,ŒF–{’nk Œ|”\ŠE‚Åx‰‡Šˆ“®L‚ª‚é,8/2(“ú) 15:12,https://news.yahoo.co.jp/pickup/6590262,https://news.yahoo.co.jp/articles/aca74d0f292fb4dbc81b829a3acd1c62e128918b,8/2(“ú) 15:12
top-picks,“úƒeƒŒNEWS NNN,R’†‚É—«ˆâ‘Ì ’j‚©‚ç–î’®‚­,8/2(“ú) 15:10,https://news.yahoo.co.jp/pickup/6590261,https://news.yahoo.co.jp/articles/bb74399cfc48758916f4bef3e50ff647626de220,8/2(“ú) 15:10
top-picks,ƒXƒ|[ƒc•ñ’m,ƒhŒR 2”N˜A‘±CYÜ¶˜r‚ğŠl“¾‚©,8/2(“ú) 14:57,https://news.yahoo.co.jp/pickup/6590260,https://news.yahoo.co.jp/articles/297cb0c4c45733277c3259ba37659b947a2c8bab,8/2(“ú) 14:57
top-picks,ƒfƒCƒŠ[ƒXƒ|[ƒc,ŒÕ‘Oì1ŒR‚É œÜ‚©‚ç‚í‚¸‚©16“ú,8/2(“ú) 14:52,https://news.yahoo.co.jp/pickup/6590258,https://news.yahoo.co.jp/articles/2712d78dd22a1c21acc24963601a7bdf2ef370f8,8/2(“ú) 14:52
top-picks,“Ç”„V•·ƒIƒ“ƒ‰ƒCƒ“,‚ª‚ê‚«‚©‚ç•ê‚Ìº ”ŠÔ‚Å“râ‚¦,8/2(“ú) 14:30,https://news.yahoo.co.jp/pickup/6590255,https://news.yahoo.co.jp/articles/7c2d66526c934ae48b38d849ad0106b011ef4729,8/2(“ú) 14:30
top-picks,FNNƒvƒ‰ƒCƒ€ƒIƒ“ƒ‰ƒCƒ“iƒtƒWƒeƒŒƒrŒnj,Ô’†”‘”ğ“ïÒ‚ª€–S ƒKƒ\ƒŠƒ“‚Í‹ó,8/2(“ú) 14:27,https://news.yahoo.co.jp/pickup/6590256,https://news.yahoo.co.jp/articles/d925a65edbdf1a3b1d24140d10621e268e3b4215,8/2(“ú) 14:27
top-picks,ABCƒjƒ…[ƒX,‹ß‹E‚Å‰‚Ì“‹“ú ˜a‰ÌRŒ§‚Å40,8/2(“ú) 14:17,https://news.yahoo.co.jp/pickup/6590254,https://news.yahoo.co.jp/articles/c540d4710d4f79c3ff3a942b10ddbf0bb56c6bc7,8/2(“ú) 14:17
top-picks,“Ç”„V•·ƒIƒ“ƒ‰ƒCƒ“,‚Z–ì‹…’n•û‘å‰ï‚Å³ŒßŠJn ‚È‚º,8/2(“ú) 13:59,https://news.yahoo.co.jp/pickup/6590252,https://news.yahoo.co.jp/articles/c88cec1d1204401b8b6f5a064cd7a0654ba3e105,8/2(“ú) 13:59
top-picks,“Ç”„V•·ƒIƒ“ƒ‰ƒCƒ“,ƒ}ƒ“ƒVƒ‡ƒ“”š”­ •t‹ß‚Ì’†Šw‚É”íŠQ,8/2(“ú) 13:51,https://news.yahoo.co.jp/pickup/6590250,https://news.yahoo.co.jp/articles/76cecd1192a928804e7ac9afde9641ca2581b161,8/2(“ú) 13:51
top-picks,ƒXƒ|[ƒc•ñ’m,‹g“c³® —RL‚Ì‹…uˆê‹‰•iv,8/2(“ú) 13:41,https://news.yahoo.co.jp/pickup/6590249,https://news.yahoo.co.jp/articles/a484b099eb89cabdd54cd5a61c1efdcb65c51b18,8/2(“ú) 13:41
top-picks,AERA DIGITAL,ˆäã–F—Y Œp•ƒ‚Æ‚µ‚Ä‚ÌŠ‹“¡‚ÆŠì‚Ñ,8/2(“ú) 13:19,https://news.yahoo.co.jp/pickup/6590248,https://news.yahoo.co.jp/articles/1c92211ee541ebbfee743fb1aab9a97af0e1e36b,8/2(“ú) 13:19
top-picks,ABEMA TIMES,•W‚4000m’´‚Ì‚’n‚Éƒpƒ“ƒ_ ’†‘,8/2(“ú) 13:13,https://news.yahoo.co.jp/pickup/6590247,https://news.yahoo.co.jp/articles/581d18bd8011e52421287aa225456b7a9ec04424,8/2(“ú) 13:13
top-picks,‚Æ‚¿‚¬ƒeƒŒƒr,ƒXƒJƒCƒ_ƒCƒrƒ“ƒO‚Å’…’n¸”s €–S,8/2(“ú) 12:56,https://news.yahoo.co.jp/pickup/6590246,,8/2(“ú) 12:56
top-picks,‹¤“¯’ÊM,R’†‚Å2Î‚ğ•ÛŒì •s–¾‚©‚ç21ŠÔ,8/2(“ú) 12:41,https://news.yahoo.co.jp/pickup/6590245,https://news.yahoo.co.jp/articles/939da6c259c93c740332c9709a857ec48cc88c80,8/2(“ú) 12:41
top-picks,ƒ‚ƒfƒ‹ƒvƒŒƒX,VIVANTƒnƒbƒJ[–ğˆø‚«Œp‚¬ S‹«,8/2(“ú) 12:37,https://news.yahoo.co.jp/pickup/6590243,https://news.yahoo.co.jp/articles/5327b7681d3ba565e39024f3de7a8c886d0851f2,8/2(“ú) 12:37
top-picks,ƒXƒ|ƒjƒ`ƒAƒlƒbƒNƒX,R–{—RL 8‰ñ3¸“_‚ÌD“Š‚à7”s–Ú,8/2(“ú) 12:29,https://news.yahoo.co.jp/pickup/6590244,https://news.yahoo.co.jp/articles/be9bf6af9c392c228bbd4a76eda18762ac221a5d,8/2(“ú) 12:29
top-picks,‹¤“¯’ÊM,”ğ“ïŠ‚Ì70‘ã—« ƒRƒƒi‚ÉŠ´õ,8/2(“ú) 12:26,https://news.yahoo.co.jp/pickup/6590242,,8/2(“ú) 12:26
top-picks,‚`‚e‚o–,ƒiƒXƒJŒ©Šw‚Ì¬Œ^‹@’Ä— 13l€–S,8/2(“ú) 12:14,https://news.yahoo.co.jp/pickup/6590239,https://news.yahoo.co.jp/articles/c8bd627eb74c4cdf18a0c0873fa09ada39c4b130,8/2(“ú) 12:14
top-picks,“úŠ§ƒXƒ|[ƒc,FIFA‚ÌŒv‰æ’†~ UEFA‚ª’Ç‹yp¨,8/2(“ú) 12:11,https://news.yahoo.co.jp/pickup/6590241,https://news.yahoo.co.jp/articles/e42bbd33adc494d50497fff6b8804a9eaba3e8fa,8/2(“ú) 12:11
top-picks,ƒeƒŒƒr’©“úŒniANNj,•Ä‘å“—Ì ƒCƒ‰ƒ“‘å‹K–ÍUŒ‚‚ğ’†~,8/2(“ú) 12:02,https://news.yahoo.co.jp/pickup/6590237,,8/2(“ú) 12:02
top-picks,•¶tƒIƒ“ƒ‰ƒCƒ“,“dÔ‚Å“|‚ê‚½Œ³SKE ”][Ç‚Æ“¬‚¢,8/2(“ú) 11:57,https://news.yahoo.co.jp/pickup/6590238,https://news.yahoo.co.jp/articles/294f80ac7a8063f422d77a983961ea9dd95bba34,8/2(“ú) 11:57
top-picks,•¶tƒIƒ“ƒ‰ƒCƒ“,19Î‚Å”][Ç Œ³SKE“ü‰@’†‚Ì—Ü,8/2(“ú) 11:44,https://news.yahoo.co.jp/pickup/6590236,https://news.yahoo.co.jp/articles/294f80ac7a8063f422d77a983961ea9dd95bba34,8/2(“ú) 11:44
top-picks,–’ÊM,–h‰q‹@–§ ƒNƒ‰ƒEƒh‚Å‰^—p‚Ö,8/2(“ú) 11:35,https://news.yahoo.co.jp/pickup/6590235,https://news.yahoo.co.jp/articles/efa9e6f9fd8000384e8d1ef29886bb315ace1efb,8/2(“ú) 11:35
top-picks,ƒXƒ|[ƒc•ñ’m,‘å’J‚É\Œh‰“ –{‹’’nƒu[ƒCƒ“ƒO,8/2(“ú) 11:06,https://news.yahoo.co.jp/pickup/6590232,https://news.yahoo.co.jp/articles/ec9f76bdff63af1b0ba00c3a9e885f8944aa5145,8/2(“ú) 11:06
top-picks,MBC“ì“ú–{•ú‘—,‘ä•—13† ‰«“ê‚Ì‚ ‚Æ‹ãBÚ‹ß‚©,8/2(“ú) 10:45,https://news.yahoo.co.jp/pickup/6590227,https://news.yahoo.co.jp/articles/72ed52d7fb815a62a76ae2cb020358c9d6887e57,8/2(“ú) 10:45
top-picks,“Ç”„V•·ƒIƒ“ƒ‰ƒCƒ“,Ô‚É”ğ“ï‚Ì70‘ã—«€–S ”M’†Ç‚©,8/2(“ú) 10:39,https://news.yahoo.co.jp/pickup/6590231,https://news.yahoo.co.jp/articles/2545ea7774bba9c8673836457b0a9892b5d9b470,8/2(“ú) 10:39
top-picks,FNNƒvƒ‰ƒCƒ€ƒIƒ“ƒ‰ƒCƒ“iƒtƒWƒeƒŒƒrŒnj,ŒF–{’nk‚Ì€Ò38l‚É Œ§”­•\,8/2(“ú) 10:33,https://news.yahoo.co.jp/pickup/6590230,https://news.yahoo.co.jp/articles/d44abee54f2f836734704d8189fb2bb7dfa06091,8/2(“ú) 10:33
top-picks,‹¤“¯’ÊM,“ú–{”­‚ÌƒƒŠ[ƒ^• ’†‘‚Ål‹C,8/2(“ú) 10:32,https://news.yahoo.co.jp/pickup/6590229,https://news.yahoo.co.jp/articles/1fcf8596542138cbda1330cd3aa3ae69005edf76,8/2(“ú) 10:32
top-picks,Media info not found,ƒWƒFƒŠ[ƒVƒ…[ƒY ‚È‚º‘ål‚ªx,q‚Ç‚àŒC‚ÌƒCƒ[ƒW‚ª‹­‚©‚Á‚½A‡¬÷‰‚Åì‚ç‚ê‚½ŒCuƒWƒFƒŠ[ƒVƒ…[ƒYv‚ª‘ålŒü‚¯‚Éƒqƒbƒg‚µ‚Ä‚¢‚Ü‚·B‚Â‚â‚â‚©‚ÈƒPƒ~ƒJƒ‹Š´‚ğ‘Ñ‚Ñ‚½•\î‚ÍƒŒƒgƒ‚ÅƒLƒ…[ƒgB–¼‘O‚Ì’Ê‚èAƒWƒFƒŠ[‰Ùq‚Ì‚æ‚¤‚È‚İ‚¸‚İ‚¸‚µ‚³‚â“§–¾Š´‚ª‚ ‚èA‰Ä‚Ì‘«Œ³‚ğŒy‚â‚©‚ÉÊ‚Á‚Ä‚­‚ê‚Ü‚·BƒQƒŠƒ‰“I‚È‘å‰J‚ª‘‚¦‚é’†A”G‚ê‚Ä‚à‚Ö‚Á‚¿‚á‚ç‚È‚Æ‚±‚ë‚àx‚³‚ê‚é——RBˆÈ‘O‚Íƒ`[ƒv‚ÈˆóÛ‚ª‚ ‚è‚Ü‚µ‚½‚ªA‹ß‚²‚ë‚Íƒ‰ƒOƒWƒ…ƒAƒŠ[ƒuƒ‰ƒ“ƒh‚©‚ç‚à’ñˆÄ‚ª‘ŠŸ‚¬Aƒu[ƒ€Šú‚É“Ë“üBŒÃ‚­‚ÄV‚µ‚¢ƒWƒFƒŠ[ƒVƒ…[ƒY‚ªó‚¯‚é–î‚ğ‰ğà‚µ‚Ü‚·B,https://news.yahoo.co.jp/pickup/6590228,https://www.womenshealthmag.com/jp/fashion/a73238328/best-jelly-sandals-2026-20260726/,8/2(“ú) 10:15
top-picks,FNNƒvƒ‰ƒCƒ€ƒIƒ“ƒ‰ƒCƒ“,“ú‹A‚è•”Šˆ‰“ª26–œ‰~ Œ»ê‚ÌŠ‹“¡,8/2(“ú) 10:13,https://news.yahoo.co.jp/pickup/6590226,https://news.yahoo.co.jp/articles/807999b95da23b975ed9960f10c9fd1fc8098605,8/2(“ú) 10:13
top-picks,47NEWS,ñ‘ŠuƒƒV‰ï‹êèv‚É‹N‚«‚½•Ï‰»,8/2(“ú) 10:06,https://news.yahoo.co.jp/pickup/6590225,https://news.yahoo.co.jp/articles/a60cbf2849c89184cd85b1823e5f31c635c28a9f,8/2(“ú) 10:06
top-picks,CBCƒeƒŒƒr,oY”ï–³‰»‚Ö ˆã—ÃŠE‚É•sˆÀ‚Ìº,8/2(“ú) 9:55,https://news.yahoo.co.jp/pickup/6590224,https://news.yahoo.co.jp/articles/e77506900474b3b762c04fad3c10610e6f18c124,8/2(“ú) 9:55
top-picks,,‘¬•ñ ƒhƒWƒƒ[ƒXvsƒŒƒbƒhƒ\ƒbƒNƒX,8/2(“ú) 9:51,https://news.yahoo.co.jp/pickup/6590223,https://news.yahoo.co.jp/articles/0ff3010c4df20f3db35a15487f31d7afecc13282,8/2(“ú) 9:51
top-picks,Media info not found,ƒWƒFƒŠ[ƒVƒ…[ƒY xW‚ß‚é——R,q‚Ç‚àŒC‚ÌƒCƒ[ƒW‚ª‹­‚©‚Á‚½A‡¬÷‰‚Åì‚ç‚ê‚½ŒCuƒWƒFƒŠ[ƒVƒ…[ƒYv‚ª‘ålŒü‚¯‚Éƒqƒbƒg‚µ‚Ä‚¢‚Ü‚·B‚Â‚â‚â‚©‚ÈƒPƒ~ƒJƒ‹Š´‚ğ‘Ñ‚Ñ‚½•\î‚ÍƒŒƒgƒ‚ÅƒLƒ…[ƒgB–¼‘O‚Ì’Ê‚èAƒWƒFƒŠ[‰Ùq‚Ì‚æ‚¤‚È‚İ‚¸‚İ‚¸‚µ‚³‚â“§–¾Š´‚ª‚ ‚èA‰Ä‚Ì‘«Œ³‚ğŒy‚â‚©‚ÉÊ‚Á‚Ä‚­‚ê‚Ü‚·BƒQƒŠƒ‰“I‚È‘å‰J‚ª‘‚¦‚é’†A”G‚ê‚Ä‚à‚Ö‚Á‚¿‚á‚ç‚È‚Æ‚±‚ë‚àx‚³‚ê‚é——RBˆÈ‘O‚Íƒ`[ƒv‚ÈˆóÛ‚ª‚ ‚è‚Ü‚µ‚½‚ªA‹ß‚²‚ë‚Íƒ‰ƒOƒWƒ…ƒAƒŠ[ƒuƒ‰ƒ“ƒh‚©‚ç‚à’ñˆÄ‚ª‘ŠŸ‚¬Aƒu[ƒ€Šú‚É“Ë“üBŒÃ‚­‚ÄV‚µ‚¢ƒWƒFƒŠ[ƒVƒ…[ƒY‚ªó‚¯‚é–î‚ğ‰ğà‚µ‚Ü‚·B,https://news.yahoo.co.jp/pickup/6590222,https://www.womenshealthmag.com/jp/fashion/a73238328/best-jelly-sandals-2026-20260726/,8/2(“ú) 9:34
top-picks,ƒXƒ|[ƒc•ñ’m,HŒ³P’j«ƒAƒCƒhƒ‹ Šú‘Ò‚Æ‰Û‘è,8/2(“ú) 9:19,https://news.yahoo.co.jp/pickup/6590221,https://news.yahoo.co.jp/articles/03eef22680f0ba94fba75fe9ddace100aef6496e,8/2(“ú) 9:19
top-picks,‹¤“¯’ÊM,ƒGƒ{ƒ‰”M ƒRƒ“ƒS‚Å‰ß‹Å‘å‚Ì—¬s,8/2(“ú) 9:15,https://news.yahoo.co.jp/pickup/6590219,https://news.yahoo.co.jp/articles/e9c4369abf9b5e836d72d45089ef286768c861c5,8/2(“ú) 9:15
top-picks,“úƒeƒŒNEWS NNN,”ª‘ãs‚ÅƒVƒƒƒ[ŠJ•ú {İ‚Ìv‚¢,8/2(“ú) 8:57,https://news.yahoo.co.jp/pickup/6590218,https://news.yahoo.co.jp/articles/6f7e1812efc80eade4c726dbb1c11aa877d274d4,8/2(“ú) 8:57
top-picks,‹¤“¯’ÊM,’¬‚ª–¾‚é‚­‚È‚Á‚½ ’¬“à‰ï’·‚É17Î,8/2(“ú) 8:56,https://news.yahoo.co.jp/pickup/6590220,https://news.yahoo.co.jp/articles/6c1dbf10c158249d5f870a2187eea1052062a9e2,8/2(“ú) 8:56
top-picks,ƒXƒ|[ƒc•ñ’m,—x‚é‘å‘{¸üƒVƒŠ[ƒY9ìˆê‹“•ú‘—,8/2(“ú) 8:49,https://news.yahoo.co.jp/pickup/6590215,https://news.yahoo.co.jp/articles/bebb157fd0cc4cdf78bb0ecc0e0cb7b42f636f19,8/2(“ú) 8:49
top-picks,KSB£ŒË“àŠC•ú‘—,‹AÈ’†‚És•û•s–¾‚Ì2Î –³–”­Œ©,8/2(“ú) 8:44,https://news.yahoo.co.jp/pickup/6590217,https://news.yahoo.co.jp/articles/f964a29e956dbf133d2a8d7d0340113e3f21e40b,8/2(“ú) 8:44
top-picks,ƒEƒFƒU[ƒ}ƒbƒv,“ŒŠC-‹ãB“‹“ú‚à ”M’†Ç‘Îô‚ğ,8/2(“ú) 8:42,https://news.yahoo.co.jp/pickup/6590216,https://news.yahoo.co.jp/articles/c914ef81824c1df8dda41eaec83078f398966441,8/2(“ú) 8:42
top-picks,‹¤“¯’ÊM,’¬“à‰ï’·‚Í17Î ‚È‚èè•s‘«‹~‚¤,8/2(“ú) 8:28,https://news.yahoo.co.jp/pickup/6590214,https://news.yahoo.co.jp/articles/6c1dbf10c158249d5f870a2187eea1052062a9e2,8/2(“ú) 8:28
top-picks,–ˆ“úV•·,’nkZ‘î”íŠQ3649“ ‘O“ú‚Ì2”{’´,8/2(“ú) 8:14,https://news.yahoo.co.jp/pickup/6590213,https://news.yahoo.co.jp/articles/e52e2fa1d799911a83b1a1834bcff9b7a914125d,8/2(“ú) 8:14
top-picks,“úŠ§ƒXƒ|[ƒc,FIFAq‰ïĞŒv‰æ’†~ UEFA‚ªº–¾,8/2(“ú) 8:08,https://news.yahoo.co.jp/pickup/6590209,https://news.yahoo.co.jp/articles/e42bbd33adc494d50497fff6b8804a9eaba3e8fa,8/2(“ú) 8:08
top-picks,RSKR—z•ú‘—,‹AÈ’†‚És•û•s–¾‚Ì2Î R‚Å”­Œ©,8/2(“ú) 8:05,https://news.yahoo.co.jp/pickup/6590212,https://news.yahoo.co.jp/articles/806b7abc8e6c29ecc5a6dfe5da22c6158bf24040,8/2(“ú) 8:05
top-picks,RONSPO,L“‡‘Iè„‚é–â‘è ƒhƒ‰ƒtƒg‰e‹¿‚©,8/2(“ú) 7:59,https://news.yahoo.co.jp/pickup/6590211,https://news.yahoo.co.jp/articles/693e329aef05af8e613a9043445114c5a2f7cbdd,8/2(“ú) 7:59
top-picks,ƒeƒŒƒr’©“úŒniANNj,ƒ‚ƒXƒNƒ‚Å“X”š”­3l€–S ƒeƒ‚©,8/2(“ú) 7:50,https://news.yahoo.co.jp/pickup/6590208,https://news.yahoo.co.jp/articles/cb17860ad551792e0961e053df422662bbd1940c,8/2(“ú) 7:50
top-picks,Full-Count,‘å’J‚ª24†ƒ{[ƒ‹•Ô‹pŠó–] ”wŒi‚Í,8/2(“ú) 7:40,https://news.yahoo.co.jp/pickup/6590206,https://news.yahoo.co.jp/articles/910af3eef12db83fc25d82457a0353d2507eff3a,8/2(“ú) 7:40
top-picks,Media info not found,ĞŠQŒã‚ÌƒGƒ“ƒ^ƒ ˆê—¥‘Î‰‚Ì¥”ñ,ĞŠQ‹~‰‡ˆã—Ãƒ`[ƒ€‚ÌŠˆ–ô‚ğ•`‚­l‹CƒVƒŠ[ƒYÅVì‚Å‚ ‚èA8Œ21“úŒöŠJ‚ª—\’è‚³‚ê‚Ä‚¢‚éŒ€ê”ÅwTOKYO MER`‘–‚é‹Ù‹}‹~–½º`CAPITAL CRISISxB,https://news.yahoo.co.jp/pickup/6590207,https://www.jprime.jp/articles/-/42891?display=b,8/2(“ú) 7:36
top-picks,“ŒŠCƒeƒŒƒr,ƒVƒWƒ~Ì‚è’†‚É“M‚ê‚½‚© ’j«€–S,8/2(“ú) 7:33,https://news.yahoo.co.jp/pickup/6590205,https://news.yahoo.co.jp/articles/5ac649744f7ecfdaf00d91124b7c9032cfcbac02,8/2(“ú) 7:33
top-picks,“Ç”„V•·ƒIƒ“ƒ‰ƒCƒ“,“ú•Ä‚ª‹¦’²ˆ×‘Ö‰î“ü 15”N‚Ô‚è,8/2(“ú) 7:28,https://news.yahoo.co.jp/pickup/6590202,https://news.yahoo.co.jp/articles/3b49347d803d63f81eaf548d79dbc2a18c8e698d,8/2(“ú) 7:28
top-picks,ƒfƒCƒŠ[ƒXƒ|[ƒc,DeNA–q €‹‚Ì‘c•ê‚É•ù‚°‚éHR,8/1(“y) 23:55,https://news.yahoo.co.jp/pickup/6590201,https://news.yahoo.co.jp/articles/bdadb80072f79b6cfbb4639bfe93d29c874c8a8b,8/1(“y) 23:55
top-picks,ENCOUNT,Œã“¡^Šó40Î ƒAƒCƒhƒ‹ƒI[ƒ‰Œ’İ,8/1(“y) 23:38,https://news.yahoo.co.jp/pickup/6590199,https://news.yahoo.co.jp/articles/bcdf375a7cc4574c659e8a2d8d40378f8d04ef61,8/1(“y) 23:38
top-picks,ƒfƒCƒŠ[ƒXƒ|[ƒc,‚‹´—• 3Œˆ‚É‹C‚¿Ø‚è‘Ö‚¦‚½‚¢,8/1(“y) 23:28,https://news.yahoo.co.jp/pickup/6590198,https://news.yahoo.co.jp/articles/2477fe716ad6dec512561a9be0a1eea1f10ab3f4,8/1(“y) 23:28
top-picks,ƒXƒ|ƒjƒ`ƒAƒlƒbƒNƒX,ƒoƒŒ[’jq ƒtƒ‹ƒZƒbƒg‚Å•Ä‚ÉÉ”s,8/1(“y) 23:13,https://news.yahoo.co.jp/pickup/6590197,https://news.yahoo.co.jp/articles/84970c879bc39b606fa7f2acadd37744b3ccc4f2,8/1(“y) 23:13
top-picks,FNNƒvƒ‰ƒCƒ€ƒIƒ“ƒ‰ƒCƒ“iƒtƒWƒeƒŒƒrŒnj,‚èĞØ–¾‚Ì\¿ •Ğ•t‚¯‘O‚ÉB‰e‚ğ,8/1(“y) 23:03,https://news.yahoo.co.jp/pickup/6590195,https://news.yahoo.co.jp/articles/e4bc2577145cef8ce284fa85fb43edfec7a2aa77,8/1(“y) 23:03
top-picks,‹¤“¯’ÊM,“ú•Ä—¼­•{ ‰~ˆÀ¥³‚Ì•ûj•\–¾‚Ö,8/1(“y) 22:44,https://news.yahoo.co.jp/pickup/6590196,https://news.yahoo.co.jp/articles/0784518352979927d4fb89ea696c66d4839d048c,8/1(“y) 22:44
top-picks,–’ÊM,’˜–¼“oR‰Æ€–S ƒpƒLƒXƒ^ƒ“‚Åá•ö,8/1(“y) 22:22,https://news.yahoo.co.jp/pickup/6590194,https://news.yahoo.co.jp/articles/849ac6391985d1bb7bb4ea72aa42cb261dfab823,8/1(“y) 22:22
top-picks,’†“úƒXƒ|[ƒc,“úƒnƒ€Œp“Šô— –Ú‚É ŒˆŸ’e—‚Ñ‚é,8/1(“y) 22:18,https://news.yahoo.co.jp/pickup/6590193,https://news.yahoo.co.jp/articles/8d9fc32a7ac1f18b736c67a1f95444683449631a,8/1(“y) 22:18
top-picks,TBS NEWS DIG Powered by JNN,ŒF–{‚ÅÅ‘åk“x5ã ’Ã”gS”z‚È‚µ,8/1(“y) 21:56,https://news.yahoo.co.jp/pickup/6590191,https://news.yahoo.co.jp/articles/da8e868d2bf1880a33f0290473731d4d077a4294,8/1(“y) 21:56
top-picks,,’nkî•ñ,8/1(“y) 21:50,https://news.yahoo.co.jp/pickup/6590128,,8/1(“y) 21:50
top-picks,ƒEƒFƒU[ƒ}ƒbƒv,–Ò‹“ú—\‘z T–¾‚¯ŒF–{‚Í40‹°‚ê,8/1(“y) 21:47,https://news.yahoo.co.jp/pickup/6590190,https://news.yahoo.co.jp/articles/ae4c8ecf5ab56bfd439378043bc35ac30f95cce8,8/1(“y) 21:47
top-picks,“ú–{ŠCƒeƒŒƒr,Î”j àŒ¹¦‚³‚È‚¢Œ¸Å‚Í–³Ó”C,8/1(“y) 21:22,https://news.yahoo.co.jp/pickup/6590189,https://news.yahoo.co.jp/articles/f7a67cdb6e28205d7c1cf2466a10f0a514757426,8/1(“y) 21:22
top-picks,FNNƒvƒ‰ƒCƒ€ƒIƒ“ƒ‰ƒCƒ“iƒtƒWƒeƒŒƒrŒnj,ŒF–{’nk ¶‚«–„‚ß‚ÌÈ‹~‚Á‚½•v,8/1(“y) 20:49,https://news.yahoo.co.jp/pickup/6590187,https://news.yahoo.co.jp/articles/21287af9ca255ead1671e89376f33c6bc9cc2ba6,8/1(“y) 20:49
top-picks,ŒF–{“ú“úV•·,ŒF–{ 10s’¬‚Ì7–œ2çŒË‚Å’f…‘±‚­,8/1(“y) 20:45,https://news.yahoo.co.jp/pickup/6590188,https://news.yahoo.co.jp/articles/affcfd779fec368288de1d40fa10e24ca8411fa8,8/1(“y) 20:45
top-picks,ƒXƒ|[ƒcƒiƒr,‘¬•ñƒoƒŒ[’jq “ú–{vs.ƒAƒƒŠƒJ,8/1(“y) 20:31,https://news.yahoo.co.jp/pickup/6590185,https://news.yahoo.co.jp/articles/6b206a10fa101c264bc5c0a9875f1b8463ab246c,8/1(“y) 20:31
top-picks,TBS NEWS DIG Powered by JNN,ç—t”š”­ –¢–¾‚ÉuƒKƒX‚­‚³‚¢v,8/1(“y) 20:21,https://news.yahoo.co.jp/pickup/6590186,https://news.yahoo.co.jp/articles/f8577508e996b00106b60efb4c0a5ac7a0ca0d08,8/1(“y) 20:21
top-picks,ƒXƒ|[ƒc•ñ’m,‰¡•lvs‰«“ê®Šw 25”Nt‚É‚Í€“¬,8/1(“y) 20:06,https://news.yahoo.co.jp/pickup/6590183,https://news.yahoo.co.jp/articles/fbbff2c6c0605f652349585cdc7e29328bda8501,8/1(“y) 20:06
top-picks,ENCOUNT,Œã“¡^Šó ƒ‚[–ºB‘ã‚ÌŠy‹È”â˜I,8/1(“y) 19:45,https://news.yahoo.co.jp/pickup/6590180,https://news.yahoo.co.jp/articles/bcdf375a7cc4574c659e8a2d8d40378f8d04ef61,8/1(“y) 19:45
top-picks,’©“úV•·,”ğ“ïÒ2200l‹K–Íó‚¯“ü‚ê‚Ö ’²®,8/1(“y) 19:31,https://news.yahoo.co.jp/pickup/6590181,https://news.yahoo.co.jp/articles/e8b6fa9a3b1e2a46a6073095a69768c9e2a2c095,8/1(“y) 19:31
top-picks,ƒeƒŒƒr’©“úŒniANNj,ì—V‚Ñ‚Ì’†Šw¶ —¬‚³‚êˆÓ¯•s–¾,8/1(“y) 19:26,https://news.yahoo.co.jp/pickup/6590179,https://news.yahoo.co.jp/articles/b93dc08bdfef3517042ebf1f05e44644084812e4,8/1(“y) 19:26
top-picks,ƒXƒ|[ƒc•ñ’m,R–{•‘‚ç Š‘®„‚é•ñ‘ŠŸ‚®,8/1(“y) 19:18,https://news.yahoo.co.jp/pickup/6590178,https://news.yahoo.co.jp/articles/ac8f8aaa11155a6adc083ea4bcba0cc01540c9e3,8/1(“y) 19:18
top-picks,–ˆ“úV•·,ƒxƒgƒiƒ€l5l‚ª‚ê‚«‚©‚ç—«‹~o,8/1(“y) 18:54,https://news.yahoo.co.jp/pickup/6590175,https://news.yahoo.co.jp/articles/a0c186c03dbecc83699bb664ae8364e395898eb1,8/1(“y) 18:54
top-picks,ƒeƒŒƒr’©“úŒniANNj,SNS‘ã‚É“ú‹L ¡L‚ª‚èŒ©‚¹‚é–ó,8/1(“y) 18:44,https://news.yahoo.co.jp/pickup/6590174,https://news.yahoo.co.jp/articles/2fe2e54d5c4593958faf6c082f86028b75afa356,8/1(“y) 18:44
top-picks,ƒXƒ|ƒjƒ`ƒAƒlƒbƒNƒX,‹gìWi‚Ì‚Ç•s’² Œö‰‰“r’†‚Å’†~,8/1(“y) 18:32,https://news.yahoo.co.jp/pickup/6590173,https://news.yahoo.co.jp/articles/e957007a41f441bc8f9ca47fe9023c5355e1fb55,8/1(“y) 18:32
top-picks,HTB–kŠC“¹ƒjƒ…[ƒX,–kŠC“¹ƒGƒAƒVƒXƒeƒ€ ‹@‘Ìƒgƒ‰ƒuƒ‹,8/1(“y) 18:25,https://news.yahoo.co.jp/pickup/6590172,https://news.yahoo.co.jp/articles/0f122bc99e35d91748ee238fb627fdebcec04246,8/1(“y) 18:25
top-picks,ƒfƒCƒŠ[ƒXƒ|[ƒc,bq‰€ ‰¡•l‚Æ‰«“ê®Šw‚ª‰íŒƒ“Ë,8/1(“y) 17:54,https://news.yahoo.co.jp/pickup/6590169,https://news.yahoo.co.jp/articles/327670a1af1060bf54095fd7ff82c4db97b3df6a,8/1(“y) 17:54
top-picks,ƒXƒ|[ƒcƒiƒr,‰Ä‚Ìbq‰€ ‘g‚İ‡‚í‚¹‚ªŒˆ’è,8/1(“y) 17:50,https://news.yahoo.co.jp/pickup/6590170,,8/1(“y) 17:50
top-picks,‚`‚e‚o–,ƒƒVƒA‚ªƒEñ“s‚ğ‹ó”š 9l€–S,8/1(“y) 17:31,https://news.yahoo.co.jp/pickup/6590168,https://news.yahoo.co.jp/articles/41bd83103401c9ea4afdb36c5a91dc071cf1719a,8/1(“y) 17:31
top-picks,–ˆ“úV•·,ƒxƒgƒiƒ€l5l”ª‘ã‚Ål–½‹~••±“¬,8/1(“y) 17:22,https://news.yahoo.co.jp/pickup/6590167,https://news.yahoo.co.jp/articles/a0c186c03dbecc83699bb664ae8364e395898eb1,8/1(“y) 17:22
top-picks,Yahoo!ƒjƒ…[ƒX ƒIƒŠƒWƒiƒ‹ THE PAGEƒIƒŠƒWƒiƒ‹,Œ´“_’m‚Á‚Ä ’·‰ª‰Ô‰Îƒ}ƒi[‚ÉŒœ”O,8/1(“y) 17:08,https://news.yahoo.co.jp/pickup/6590158,https://news.yahoo.co.jp/articles/aa0a3939ccd1723529fd04a96c67a969bf86b732,8/1(“y) 17:08
top-picks,“Ç”„V•·ƒIƒ“ƒ‰ƒCƒ“,’j™‚ª‚¢‚¶‚ß”íŠQ d‘å–‘Ô‚É”F’è,8/1(“y) 16:57,https://news.yahoo.co.jp/pickup/6590165,https://news.yahoo.co.jp/articles/dcf016dcef87e390b07069fb3046986221369375,8/1(“y) 16:57
top-picks,ƒXƒ|[ƒcƒiƒr,’†Œp bq‰€‚Ì‘g‚İ‡‚í‚¹’Š‘I‰ï,8/1(“y) 16:47,https://news.yahoo.co.jp/pickup/6590159,,8/1(“y) 16:47
top-picks,ƒ_ƒCƒ„ƒ‚ƒ“ƒhEƒIƒ“ƒ‰ƒCƒ“,BYDƒI[ƒgĞ’· EV•â•‹à‚ÉŒ©‰ğ,8/1(“y) 16:46,https://news.yahoo.co.jp/pickup/6590164,https://news.yahoo.co.jp/articles/9a616fb53ed277d28a156f4296607314fcfdc7bc,8/1(“y) 16:46
top-picks,–ˆ“úV•·,ƒCƒIƒ“ƒ‚[ƒ‹ŒF–{‚Ì‘{õŠˆ“®I—¹,8/1(“y) 16:45,https://news.yahoo.co.jp/pickup/6590166,https://news.yahoo.co.jp/articles/658d366ea3701504aacdcc2365b259a2315609ed,8/1(“y) 16:45
top-picks,ƒTƒ“ƒPƒCƒXƒ|[ƒc,¼–{„ Î‹´‹M–¾‚Ì‰‰‡‚ ‚è‚ª‚½‚¢,8/1(“y) 16:40,https://news.yahoo.co.jp/pickup/6590163,https://news.yahoo.co.jp/articles/e3c83e463feef6b643f2c954bd4ca4ca1084f1ab,8/1(“y) 16:40
top-picks,ƒEƒFƒU[ƒ}ƒbƒv,“ŒŠC‚â¼“ú–{2“úˆÈ~‚àŠëŒ¯‚È‹‚³,8/1(“y) 16:31,https://news.yahoo.co.jp/pickup/6590162,https://news.yahoo.co.jp/articles/8cf851ee03c52f4fba0ad3ae44c82bdd7395fa72,8/1(“y) 16:31
top-picks,HOMEL“‡ƒz[ƒ€ƒeƒŒƒr,–¢–¾‚É‘“¹‚Å‚Í‚Ë‚ç‚ê 9Î‚ªd‘Ì,8/1(“y) 16:17,https://news.yahoo.co.jp/pickup/6590157,https://news.yahoo.co.jp/articles/eebce6fd42b0c18c059b4047706ab4dffbfe9062,8/1(“y) 16:17
top-picks,OTONA SALONE,™–{Ê “¬•a‚Å–½‚ÌŠë‹@‚·‚çŠ´‚¶‚½,8/1(“y) 16:12,https://news.yahoo.co.jp/pickup/6590160,https://news.yahoo.co.jp/articles/a89ae35fa1d4fa23d4f29e66c253863406392b8b,8/1(“y) 16:12
top-picks,47NEWS,•ê‚©‚ç‰Õ—ó‚È‹s‘Ò ¡‚à‘±‚­ŒãˆâÇ,8/1(“y) 16:00,https://news.yahoo.co.jp/pickup/6590153,https://news.yahoo.co.jp/articles/4c086503aa19e381f24c3bc99d07cdf214000b3e,8/1(“y) 16:00
top-picks,ƒeƒŒƒr’©“úŒniANNj,ŒF–{’nk‚Å‰Æ¸‚¤ f—Ã‘±‚¯‚éˆãt,8/1(“y) 15:51,https://news.yahoo.co.jp/pickup/6590154,https://news.yahoo.co.jp/articles/174bf2f7a86da2946246a2f90d76de73ce907cdd,8/1(“y) 15:51
top-picks,OTONA SALONE,™–{Êuq‹{‘B‹ØÇv‘sâ‚È“¬•a,8/1(“y) 15:40,https://news.yahoo.co.jp/pickup/6590152,https://news.yahoo.co.jp/articles/a89ae35fa1d4fa23d4f29e66c253863406392b8b,8/1(“y) 15:40
top-picks,ENCOUNT,ƒhƒ‰ƒ}å‰‰ ƒ_ƒCƒAƒ“’Ã“c‚ªâD’²,8/1(“y) 14:58,https://news.yahoo.co.jp/pickup/6590151,https://news.yahoo.co.jp/articles/00e75d0a830442ba96087b27ca8e6f6db77babfa,8/1(“y) 14:58
top-picks,’†“úƒXƒ|[ƒc,”ª‘º—Û “ú–{‘ã•\‚Ö‚Ì•œ‹A‚ğ–¾Œ¾,8/1(“y) 14:54,https://news.yahoo.co.jp/pickup/6590150,https://news.yahoo.co.jp/articles/79c3218c165934a1d2ed971be2b35586ef275369,8/1(“y) 14:54
top-picks,YŒoV•·,‰º•~‚«‚Ì‚—îÒ‚ğ‹~‚¤ 19Îg–½Š´,8/1(“y) 14:47,https://news.yahoo.co.jp/pickup/6590149,https://news.yahoo.co.jp/articles/16004aa2b402818007187a8a96110659a9ee765c,8/1(“y) 14:47
top-picks,“úƒeƒŒNEWS NNN,ŠØ‘‚ÌáÒAE“ï “ú–{Šé‹Æ‚É’–Ú,8/1(“y) 14:35,https://news.yahoo.co.jp/pickup/6590147,https://news.yahoo.co.jp/articles/52e4bbb66b51bbb55345400af74e9da57360e6f3,8/1(“y) 14:35
top-picks,ƒXƒ|ƒjƒ`ƒAƒlƒbƒNƒX,›–ì’q”V ƒƒWƒƒ[©ŒÈÅ‘½11Ÿ–Ú,8/1(“y) 14:35,https://news.yahoo.co.jp/pickup/6590148,https://news.yahoo.co.jp/articles/a81c3924efc1c496b5550329334d97a6b45d9a87,8/1(“y) 14:35
top-picks,ENCOUNT,•Ğ‰ª’ß‘¾˜Y •’i‚Í–é11‚É‹N°,8/1(“y) 14:33,https://news.yahoo.co.jp/pickup/6590145,https://news.yahoo.co.jp/articles/739153439371bd6c779adfd5ca5d049973aac77c,8/1(“y) 14:33
top-picks,ƒXƒ|[ƒc•ñ’m,ƒŒƒ~ƒIDr. flumpoolƒcƒA[‚É‘Ñ“¯,8/1(“y) 14:31,https://news.yahoo.co.jp/pickup/6590141,https://news.yahoo.co.jp/articles/7fe398cff42a59d01044aafcaed20da7c977ea07,8/1(“y) 14:31
top-picks,ƒXƒ|[ƒc•ñ’m,ƒhƒWƒƒ[ƒX‹t“]•‰‚¯ ‘å’J24†‹ó–C,8/1(“y) 14:18,https://news.yahoo.co.jp/pickup/6590144,https://news.yahoo.co.jp/articles/06dde399170ffc015d439561687d880ef499b05a,8/1(“y) 14:18
top-picks,–ˆ“úV•·,€‚Ê‚©‚à ‚ª‚ê‚«‚ÉŠç‚ª‹²‚Ü‚èˆ³”—,8/1(“y) 13:47,https://news.yahoo.co.jp/pickup/6590139,https://news.yahoo.co.jp/articles/f014fb4cd6b989ecb9382098ce3a098b77636c64,8/1(“y) 13:47
top-picks,–’ÊM,uƒ}ƒCƒi•ÛŒ¯Øv8/1‚©‚çŠ®‘SˆÚs,8/1(“y) 13:40,https://news.yahoo.co.jp/pickup/6590140,https://news.yahoo.co.jp/articles/0c5e1b70cf4bcbedcd9b2af459de8ce1d082fdb0,8/1(“y) 13:40
top-picks,ƒfƒCƒŠ[ƒXƒ|[ƒc,‘å’JãÄ•½‚ª24† ‹t“]ƒz[ƒ€ƒ‰ƒ“,8/1(“y) 13:01,https://news.yahoo.co.jp/pickup/6590136,https://news.yahoo.co.jp/articles/9fced0b0c3b10b2131fb5a796d8bb9ce4beea96e,8/1(“y) 13:01
top-picks,–’ÊM,“ú‹â‚Ì‹à—Z­ô —˜ã‚°‰Á‘¬‚ªÅ“_,8/1(“y) 12:58,https://news.yahoo.co.jp/pickup/6590135,https://news.yahoo.co.jp/articles/25698585529c99419c92b6a9f49ce557cd58d885,8/1(“y) 12:58
top-picks,–’ÊM,‰Š“V‰º •Ğ•t‚¯’Ç‚í‚ê‚éŒF–{”íĞÒ,8/1(“y) 12:55,https://news.yahoo.co.jp/pickup/6590133,https://news.yahoo.co.jp/articles/8b8d88e547a7e791e7e604f26c242e5312795f9b,8/1(“y) 12:55
top-picks,ƒfƒCƒŠ[ƒXƒ|[ƒc,‘å’J‚ª24† ¶•G‚Ì•sˆÀ•¥‚µ‚å‚­,8/1(“y) 12:54,https://news.yahoo.co.jp/pickup/6590134,https://news.yahoo.co.jp/articles/9fced0b0c3b10b2131fb5a796d8bb9ce4beea96e,8/1(“y) 12:54
top-picks,ƒXƒ|ƒjƒ`ƒAƒlƒbƒNƒX,TBS“ì”gƒAƒi ‹U–Œ«º‘Ñ‰Š‚¾‚Á‚½,8/1(“y) 12:34,https://news.yahoo.co.jp/pickup/6590131,https://news.yahoo.co.jp/articles/31f7082dba9b6cb666934c792dea9b47769f794b,8/1(“y) 12:34
top-picks,CNN.co.jp,•ÄŒR‚ÌF35Bí“¬‹@‚ª’Ä— •Ä‰ÁB,8/1(“y) 12:31,https://news.yahoo.co.jp/pickup/6590130,https://news.yahoo.co.jp/articles/2f07ee495b627cae2f1e4ea36fd9b960764f802d,8/1(“y) 12:31
top-picks,•¶tƒIƒ“ƒ‰ƒCƒ“,26Î‚Å‘”­•ÂŒo oY‚ğ’ú‚ß‚½Œˆ’f,8/1(“y) 12:27,https://news.yahoo.co.jp/pickup/6590124,https://news.yahoo.co.jp/articles/9c4e4cfb70c41a5494dfdb40d7159379a8152a0e,8/1(“y) 12:27
top-picks,ƒXƒ|ƒjƒ`ƒAƒlƒbƒNƒX,ƒ‚ƒfƒ‹¼“‡‰Ô ––±Š‘ŞŠ‚ğ•ñ,8/1(“y) 12:10,https://news.yahoo.co.jp/pickup/6590129,https://news.yahoo.co.jp/articles/41a35bce132d8ec2ebf94674a50f722a321352d4,8/1(“y) 12:10
top-picks,ƒXƒ|ƒjƒ`ƒAƒlƒbƒNƒX,TDRuDPAv‘ÎÛ10¨16‚ÉŠg‘å,8/1(“y) 12:08,https://news.yahoo.co.jp/pickup/6590123,https://news.yahoo.co.jp/articles/6c577e98b2201f941c793b5d43385e38e4151c4e,8/1(“y) 12:08
top-picks,tenki.jp,ÂXŒ§‚È‚Ç‚Åk“x4 ’Ã”gS”z‚È‚µ,8/1(“y) 11:55,https://news.yahoo.co.jp/pickup/6590127,https://news.yahoo.co.jp/articles/e200ce26458e70789bdc80a958315bd8d12bfb6e,8/1(“y) 11:55
top-picks,,–kŠC“¹EÂXŒ§‚Åk“x4,8/1(“y) 11:52,https://news.yahoo.co.jp/pickup/6590125,,8/1(“y) 11:52
top-picks,,’nkî•ñ,8/1(“y) 11:50,https://news.yahoo.co.jp/pickup/6589866,,8/1(“y) 11:50
top-picks,THE ANSWER,—z‘Ğ|‚ªˆø‘Ş‰ïŒ© ˆî—t“oê‚µ—Ü,8/1(“y) 11:44,https://news.yahoo.co.jp/pickup/6590121,https://news.yahoo.co.jp/articles/1ceaf4431f305323b76655d8920ca3e5c762f3b1,8/1(“y) 11:44
top-picks,ITmedia ƒrƒWƒlƒXƒIƒ“ƒ‰ƒCƒ“,ƒLƒIƒNƒVƒA‚È‚º‹}¬’· ”wŒi‚ğ‰ğà,8/1(“y) 11:41,https://news.yahoo.co.jp/pickup/6590122,https://news.yahoo.co.jp/articles/3f35018e3ebe5767a15a0547aa0a5540518cf671,8/1(“y) 11:41
top-picks,‹¤“¯’ÊM,8Œ5“ú ƒƒPƒbƒgcŠ[‚ªŒ‚ÉÕ“Ë‚Ö,8/1(“y) 11:17,https://news.yahoo.co.jp/pickup/6590120,https://news.yahoo.co.jp/articles/1aad2086f1cb9ed76526aa6e2e697f633e739061,8/1(“y) 11:17
top-picks,ƒeƒŒƒr’©“úŒniANNj,sì‚Ìƒ}ƒ“ƒVƒ‡ƒ“‚Å”š”­ ü•Ó”íŠQ,8/1(“y) 11:12,https://news.yahoo.co.jp/pickup/6590119,https://news.yahoo.co.jp/articles/1035207879aa934f18ccca5ffc575c2e13ed6253,8/1(“y) 11:12
top-picks,“úƒeƒŒNEWS NNN,11ÎƒvƒƒQ[ƒ}[ •½“ú‚Í—ûK1h,8/1(“y) 10:57,https://news.yahoo.co.jp/pickup/6590116,https://news.yahoo.co.jp/articles/46c8e288ef7eb99518e69c0e5dab49505e7b74f4,8/1(“y) 10:57
top-picks,“Ç”„V•·ƒIƒ“ƒ‰ƒCƒ“,ñ‘Š 3“ú‚ÉŒF–{‚Ì”íĞ’n–K–â‚Ö,8/1(“y) 10:53,https://news.yahoo.co.jp/pickup/6590118,https://news.yahoo.co.jp/articles/062dc3beca4617cb002cb0a174829067d60708ad,8/1(“y) 10:53
top-picks,–’ÊM,’nk ‰vé’¬‚Åƒ{ƒ‰ƒ“ƒeƒBƒAŠJn,8/1(“y) 10:48,https://news.yahoo.co.jp/pickup/6590115,https://news.yahoo.co.jp/articles/19afec2d8d3980f68b284f02e994241c9c7673e5,8/1(“y) 10:48
top-picks,ƒXƒ|[ƒc•ñ’m,”o—DER–{•‘ ––±Š‘ŞŠ‚ğ•ñ,8/1(“y) 10:15,https://news.yahoo.co.jp/pickup/6590114,https://news.yahoo.co.jp/articles/eac52e79dcd1d88eb842913fbceb014f6a5f2cc0,8/1(“y) 10:15
top-picks,ƒXƒ|ƒjƒ`ƒAƒlƒbƒNƒX,‰ÌèƒVƒFƒlƒ‹ ‹‚©‚ç“ú–{‚ÉˆÚZ‚Ö,8/1(“y) 9:54,https://news.yahoo.co.jp/pickup/6590111,https://news.yahoo.co.jp/articles/852f734610b6d46294d9018c19b95252b23a343f,8/1(“y) 9:54
top-picks,ITmedia ƒrƒWƒlƒXƒIƒ“ƒ‰ƒCƒ“,ŠeĞ“Š“üu‰Ä‚Ì•Ÿ‘Üv’è’…‚·‚é?,8/1(“y) 9:53,https://news.yahoo.co.jp/pickup/6590113,https://news.yahoo.co.jp/articles/94616bc726e4fe94417dd5bd9782f7aef5fbee0f,8/1(“y) 9:53
top-picks,Hint-Pot,ŒF–{’nk‚ÅŒ¢“¦‚°o‚· ”‚¢åÄ‰ï,8/1(“y) 9:50,https://news.yahoo.co.jp/pickup/6590112,https://news.yahoo.co.jp/articles/53be1b348dd128e08ba8f8d52f0898cb1af08263,8/1(“y) 9:50
top-picks,tenki.jp,—¬¯ŒQ‚à 8Œ“V‘ÌƒVƒ‡[–Ú”’‰Ÿ‚µ,8/1(“y) 9:32,https://news.yahoo.co.jp/pickup/6590110,https://news.yahoo.co.jp/articles/c7ac59bb33d9f29e0a8b6b4175dfcbf933c2f856,8/1(“y) 9:32
top-picks,ƒƒCƒ^[,•Äà–±’·Š¯ToDoƒƒ‚‚Éu‰~”ƒ‚¢v,8/1(“y) 9:31,https://news.yahoo.co.jp/pickup/6590109,https://news.yahoo.co.jp/articles/5652e825ee534bf0754ce168b36801a699750b3f,8/1(“y) 9:31
top-picks,Full-Count,‘ºã@—²‚ª‹‰õ24† 6í4”­‚Ì—ÊY,8/1(“y) 9:08,https://news.yahoo.co.jp/pickup/6590107,https://news.yahoo.co.jp/articles/5266a5cb9eed82aa1e7378dcc99e66a3a6689c8c,8/1(“y) 9:08
top-picks,GOAL,FIFAuW”t–‹Æ”„‹pˆÄv’†~”­•\,8/1(“y) 9:04,https://news.yahoo.co.jp/pickup/6590106,https://news.yahoo.co.jp/articles/392bd45c2b7a9ca4fa216579901742bb556f761f,8/1(“y) 9:04
top-picks,ƒvƒŒƒWƒfƒ“ƒgƒIƒ“ƒ‰ƒCƒ“,‰f‰æ‚¿‚¢‚©‚í ”j‚Á‚½u‚¨–ñ‘©v,8/1(“y) 9:02,https://news.yahoo.co.jp/pickup/6590108,https://news.yahoo.co.jp/articles/7efbc7f893fa1a6a46ad0e4bfa773b8cdd910ca4,8/1(“y) 9:02
top-picks,¼“ú–{V•·me,ŒF–{’nk‚Å’f… ˆê•”‚Í’·Šú‰»‹°‚ê,8/1(“y) 8:54,https://news.yahoo.co.jp/pickup/6590104,https://news.yahoo.co.jp/articles/de108af39a270462ae58f4b722bdaae1d5771617,8/1(“y) 8:54
top-picks,“úƒeƒŒNEWS NNN,sì‚Ìƒ}ƒ“ƒVƒ‡ƒ“‚Å”š”­‚©2l”À‘—,8/1(“y) 8:51,https://news.yahoo.co.jp/pickup/6590105,https://news.yahoo.co.jp/articles/cbc8f78d0afd3c66852fd3634a4788c917a7231d,8/1(“y) 8:51
top-picks,‹¤“¯’ÊM,ƒGƒ‹ƒj[ƒjƒ‡Œ»Û ‚³‚ç‚É”­’B—\‘ª,8/1(“y) 8:48,https://news.yahoo.co.jp/pickup/6590103,https://news.yahoo.co.jp/articles/4a2d77dfc23f232f27baed5facce0a07e7801a9c,8/1(“y) 8:48
top-picks,ƒvƒŒƒWƒfƒ“ƒgƒIƒ“ƒ‰ƒCƒ“,‰f‰æ‚¿‚¢‚©‚í ‘¼‚Ìì•i‚Æ‰½‚ªˆá‚¤,8/1(“y) 8:38,https://news.yahoo.co.jp/pickup/6590102,https://news.yahoo.co.jp/articles/7efbc7f893fa1a6a46ad0e4bfa773b8cdd910ca4,8/1(“y) 8:38
top-picks,‹¤“¯’ÊM,‰~‚ª‹}L 2“ú˜A‘±‚Ìˆ×‘Ö‰î“ü‚©,8/1(“y) 8:29,https://news.yahoo.co.jp/pickup/6590101,https://news.yahoo.co.jp/articles/dfded8be22132a793d891f70ab15aa86d301768e,8/1(“y) 8:29
top-picks,YŒoV•·,•Ä ‰ß‹Å‘å‹‰‚ÌƒCƒ‰ƒ“UŒ‚Œv‰æ‚©,8/1(“y) 8:23,https://news.yahoo.co.jp/pickup/6590099,https://news.yahoo.co.jp/articles/a3032c28b5dbf6969fd6c48232944930edd32ecc,8/1(“y) 8:23
top-picks,ƒXƒ|[ƒc•ñ’m,R‰º‘×—T‚³‚ñ –ŒÌŒã‚Ü‚Ğc‚é¡,8/1(“y) 8:20,https://news.yahoo.co.jp/pickup/6590100,https://news.yahoo.co.jp/articles/11089445dbfa8cc20477692caba478d62f6dec62,8/1(“y) 8:20
top-picks,Media info not found,NPBu–ì‹…‚­‚¶vŒŸ“¢ ãŒ´Œ©‰ğ,@ƒvƒ–ì‹…12‹…’c‚ÌƒI[ƒi[‰ï‹c‚ªAƒvƒ–ì‹…‚Ì‡‚ğ‘ÎÛ‚Æ‚µ‚½V‚½‚Èu–ì‹…U‹»‚­‚¶v‚Ì“±“ü‚ÉŒü‚¯A‹ï‘Ì“I‚ÈŒŸ“¢‚ğŠJn‚·‚é‚±‚Æ‚ğŒˆ‚ß‚½B7Œ28“ú‚ÌƒI[ƒi[‘¤‚Æƒvƒ–ì‹…‘Iè‰ï‚Æ‚Ì‰‰ï’k‚Å‚àà–¾‚ª‚È‚³‚ê‚½B,https://news.yahoo.co.jp/pickup/6590098,https://hochi.news/articles/20260716-OHT1T51190.html,8/1(“y) 7:55
top-picks,’©“úV•·,‚Šz—Ã—{”ï •‰’SãŒÀ‚ªÅ‘å7%‘,8/1(“y) 7:51,https://news.yahoo.co.jp/pickup/6590096,https://news.yahoo.co.jp/articles/3d043718dc643fd0ff0cfcb18c9779777cff1c56,8/1(“y) 7:51
top-picks,ƒTƒbƒJ[ƒLƒ“ƒO,FIFAŠ”®”„‹pŒv‰æ AFC‚ªŒœ”O•\–¾,8/1(“y) 7:50,https://news.yahoo.co.jp/pickup/6590095,https://news.yahoo.co.jp/articles/768e8659af82ebbc7282fb242a9c051611c4f864,8/1(“y) 7:50
top-picks,“Ç”„V•·ƒIƒ“ƒ‰ƒCƒ“,‘‰Æî•ñ‹Ç‚ª”­‘« cŠ„‚è‘Å”j‘_‚¤,8/1(“y) 7:50,https://news.yahoo.co.jp/pickup/6590097,https://news.yahoo.co.jp/articles/233d9a6708726b316f346121aeb9e8eeab250fa1,8/1(“y) 7:50
top-picks,tenki.jp,‹ãB-ŠÖ“ŒŠëŒ¯‚È‹‚³ ”M’†ÇŒx‰ú,8/1(“y) 7:34,https://news.yahoo.co.jp/pickup/6590093,https://news.yahoo.co.jp/articles/ecd3c8c6a81b362856239d68d0de2bf31d0a4c68,8/1(“y) 7:34
top-picks,“Ç”„V•·ƒIƒ“ƒ‰ƒCƒ“,ŒF–{9000l’´”ğ“ï Z‘î”íŠQ1526“,8/1(“y) 7:34,https://news.yahoo.co.jp/pickup/6590094,https://news.yahoo.co.jp/articles/9dacae8220da4ca1be5b57b928954123eeb9a094,8/1(“y) 7:34
top-picks,ƒƒCƒ^[,ƒXƒyƒCƒ“”ò‚Ñ’n•s–@ˆÚ–¯ ‘å”¼‹AŠÒ,8/1(“y) 7:32,https://news.yahoo.co.jp/pickup/6590092,https://news.yahoo.co.jp/articles/61c8c63459363426a33e43746b48e18ab8f4294d,8/1(“y) 7:32
top-picks,ƒXƒ|ƒjƒ`ƒAƒlƒbƒNƒX,ƒJƒuƒXE¡‰i 2–{—Û‘Å—‚Ñ9”s–Ú,8/1(“y) 7:16,https://news.yahoo.co.jp/pickup/6590091,https://news.yahoo.co.jp/articles/759ccc95b0de137e1df405c7fe43431da10408d8,8/1(“y) 7:16
top-picks,ƒXƒ|ƒjƒ`ƒAƒlƒbƒNƒX,‹T—œ˜a–ç ŒF–{x‰‡‚Å1000–œ‰~Šñ•t,8/1(“y) 7:16,https://news.yahoo.co.jp/pickup/6590090,https://news.yahoo.co.jp/articles/55cef873efe62e69f8b6e7a15c85d68f10fe327b,8/1(“y) 7:16
top-picks,FNNƒvƒ‰ƒCƒ€ƒIƒ“ƒ‰ƒCƒ“iƒtƒWƒeƒŒƒrŒnj,Oâ˜ŒO‘Iè‚Ìlg–ŒÌ •s‹N‘iˆ•ª,8/1(“y) 7:13,https://news.yahoo.co.jp/pickup/6590089,https://news.yahoo.co.jp/articles/31d77e04cd447fbf983d1de32f828c83d653af54,8/1(“y) 7:13
top-picks,TBS NEWS DIG Powered by JNN,‰~ ˆê1ƒhƒ‹157‰~‘ä”¼‚Î‚Ü‚Å‹}“«,8/1(“y) 7:11,https://news.yahoo.co.jp/pickup/6590088,https://news.yahoo.co.jp/articles/ccd590040149a6f4eb9028e45c834c1498d8bdf1,8/1(“y) 7:11
top-picks,STVƒjƒ…[ƒX–kŠC“¹,“|‚ê‚½ƒRƒ“ƒeƒi‚É‹²‚Ü‚ê‚é €–S,7/31(‹à) 23:45,https://news.yahoo.co.jp/pickup/6590087,https://news.yahoo.co.jp/articles/5041e1a2288e433c3587bbb26a8059557227a29e,7/31(‹à) 23:45
top-picks,STVƒjƒ…[ƒX–kŠC“¹,“|‚ê‚½ƒRƒ“ƒeƒi‚É‹²‚Ü‚ê‚é €–S,7/31(‹à) 23:40,https://news.yahoo.co.jp/pickup/6590086,https://news.yahoo.co.jp/articles/5041e1a2288e433c3587bbb26a8059557227a29e,7/31(‹à) 23:40
top-picks,Media info not found,—·s‚ÅƒŒƒ“ƒ^ƒJ[ ö‚ŞO‚Â‚ÌŠëŒ¯,@‰Ä‹x‚İ‚É“ü‚èAƒŒƒ“ƒ^ƒJ[‚É‚æ‚éd‘å–ŒÌ‚Ìƒjƒ…[ƒX‚ª‘ŠŸ‚¢‚Å‚¢‚Ü‚·B•MÒ‚àæTAƒŒƒ“ƒ^ƒJ[‚Å–kŠC“¹‚ğƒhƒ‰ƒCƒu‚µ‚½‚Ì‚Å‚·‚ªA‰ïĞ‚Ìó•t‚É‚ÍAÀÛ‚É–ŒÌ‚ğ‹N‚±‚µ‚½ƒŒƒ“ƒ^ƒJ[‚Ì”ßS‚ÈÊ^‚ª‘½”Œf¦‚³‚ê‚Ä‚¢‚Ü‚µ‚½B,https://news.yahoo.co.jp/pickup/6590085,https://news.yahoo.co.jp/articles/73306e89daa6ae3a31193cc948dd605542663c86,7/31(‹à) 23:21
top-picks,R—zV•·ƒfƒWƒ^ƒ‹,’j«‚ªh‚³‚ê€–S ‚¨‚¢‚Ì’j‚ğŠm•Û,7/31(‹à) 23:09,https://news.yahoo.co.jp/pickup/6590084,https://news.yahoo.co.jp/articles/f9bb3c213fc1b1cdfe23631352ebde13eabd0ca9,7/31(‹à) 23:09
top-picks,TKUƒeƒŒƒrŒF–{,ŒF–{’nk —h‚ê‚Ì‘å‚«‚³‘O‰ñã‰ñ‚é,7/31(‹à) 23:08,https://news.yahoo.co.jp/pickup/6590081,,7/31(‹à) 23:08
top-picks,‹¤“¯’ÊM,EU‚ª¶¬AI‚ÌŠÄ“Â‹­‰» –\‘–‚ğ—}~,7/31(‹à) 22:53,https://news.yahoo.co.jp/pickup/6590082,https://news.yahoo.co.jp/articles/d49c27f443f3fd9b591400f722d1b3b201e2145c,7/31(‹à) 22:53
top-picks,‚`‚e‚o–,ƒnƒ}ƒX‚ª•‘•‰ğœ‡ˆÓ Š²•”–¾‚©‚·,7/31(‹à) 22:53,https://news.yahoo.co.jp/pickup/6590083,https://news.yahoo.co.jp/articles/ffb80db0ba18b502fccdebd30944b819cb00dce0,7/31(‹à) 22:53
top-picks,Media info not found,—·s‚ÅƒŒƒ“ƒ^ƒJ[ ö‚Ş–ŒÌ‚ÌŠëŒ¯,@‰Ä‹x‚İ‚É“ü‚èAƒŒƒ“ƒ^ƒJ[‚É‚æ‚éd‘å–ŒÌ‚Ìƒjƒ…[ƒX‚ª‘ŠŸ‚¢‚Å‚¢‚Ü‚·B•MÒ‚àæTAƒŒƒ“ƒ^ƒJ[‚Å–kŠC“¹‚ğƒhƒ‰ƒCƒu‚µ‚½‚Ì‚Å‚·‚ªA‰ïĞ‚Ìó•t‚É‚ÍAÀÛ‚É–ŒÌ‚ğ‹N‚±‚µ‚½ƒŒƒ“ƒ^ƒJ[‚Ì”ßS‚ÈÊ^‚ª‘½”Œf¦‚³‚ê‚Ä‚¢‚Ü‚µ‚½B,https://news.yahoo.co.jp/pickup/6590080,https://news.yahoo.co.jp/articles/73306e89daa6ae3a31193cc948dd605542663c86,7/31(‹à) 22:23
top-picks,ƒIƒŠƒRƒ“,‚¨Î‚¢EPOISON GIRL BAND‰ğU,7/31(‹à) 22:13,https://news.yahoo.co.jp/pickup/6590074,https://news.yahoo.co.jp/articles/dfd8043a89d567e5289531b83bc22d04c9b55138,7/31(‹à) 22:13
top-picks,ƒƒCƒ^[,ŠØ‘ŒR •ÄŒR–³l‹@‚ğŒ‚’Ä‚µ‚©‚¯‚½,7/31(‹à) 22:11,https://news.yahoo.co.jp/pickup/6590079,https://news.yahoo.co.jp/articles/0e49811327b583e1863345e95f080d97956d3557,7/31(‹à) 22:11
top-picks,‹¤“¯’ÊM,€–S¶“k •Ó–ìŒÃƒR[ƒX‚Ì•ÏXŠó–],7/31(‹à) 22:02,https://news.yahoo.co.jp/pickup/6590077,,7/31(‹à) 22:02
top-picks,–’ÊM,’˜–¼“oR‰Æ‚ç10l•s–¾ ƒpƒLƒXƒ^ƒ“,7/31(‹à) 21:55,https://news.yahoo.co.jp/pickup/6590076,https://news.yahoo.co.jp/articles/318c18aaffe23d7d6f7259c29414c09259b26353,7/31(‹à) 21:55
top-picks,ŒF–{ƒjƒ…[ƒX KAB ONLINE,ŒF–{’nk‚Ì€Ò36l‚É Œ§”­•\,7/31(‹à) 21:40,https://news.yahoo.co.jp/pickup/6590073,https://news.yahoo.co.jp/articles/169ceb8cdac4d00ccdcf2385eb204960aecb29f8,7/31(‹à) 21:40
top-picks,–ˆ“úV•·,‚ê‚¢‚íV‘I‘g V‘ã•\‚ÉR–{÷i,7/31(‹à) 21:39,https://news.yahoo.co.jp/pickup/6590075,https://news.yahoo.co.jp/articles/3660fcaa53273c7931a7621b4dea846f7edb4d3d,7/31(‹à) 21:39
top-picks,ƒXƒ|[ƒc•ñ’m,ƒoƒhu“cEŒÜ\—’‚ªƒyƒA‰ğÁ,7/31(‹à) 21:32,https://news.yahoo.co.jp/pickup/6590072,https://news.yahoo.co.jp/articles/0feeb7834aab505c14aa083b38260c2368b4e8ee,7/31(‹à) 21:32
top-picks,RSKR—z•ú‘—,u•vh‚³‚ê‚½v—e‹^Ò“¦‘– ‰ªR,7/31(‹à) 21:10,https://news.yahoo.co.jp/pickup/6590070,https://news.yahoo.co.jp/articles/f95ff4e875f37696c26795197e36550e6317a111,7/31(‹à) 21:10
top-picks,ƒeƒŒƒr’©“úŒniANNj,–ñ6`9’›‰~‹K–Í‚Ìˆ×‘Ö‰î“ü‚©,7/31(‹à) 21:07,https://news.yahoo.co.jp/pickup/6590071,https://news.yahoo.co.jp/articles/89398be936162b2b03ccc5ba0e38cadb2727e820,7/31(‹à) 21:07
top-picks,RKKŒF–{•ú‘—,ƒCƒIƒ“”š”­ –º‚ğ–S‚­‚µ‚½•ê‚ÌS‹«,7/31(‹à) 20:46,https://news.yahoo.co.jp/pickup/6590068,https://news.yahoo.co.jp/articles/18b3b41125af210e24ed99afad149d69b994b01f,7/31(‹à) 20:46
top-picks,ƒTƒ“ƒPƒCƒXƒ|[ƒc,ŒF–{E—L–¾‚ªbq‰€—ûK å«¾‚¢,7/31(‹à) 20:40,https://news.yahoo.co.jp/pickup/6590067,https://news.yahoo.co.jp/articles/ad05ea4e3f0a1725b0a8b813284566c8aa18c5c5,7/31(‹à) 20:40
top-picks,–ˆ“úV•·,”íĞ©¡‘Ì‚Éx‰‡ ÅŒJ‚èã‚°Œğ•t,7/31(‹à) 20:08,https://news.yahoo.co.jp/pickup/6590065,https://news.yahoo.co.jp/articles/298aafed2f6d85a830dfe9d6e0b16f48f0c24049,7/31(‹à) 20:08
top-picks,“úƒeƒŒNEWS NNN,ƒCƒIƒ“ƒ‚[ƒ‹‰Fé ‰º•~‚«’j«‹~•,7/31(‹à) 20:02,https://news.yahoo.co.jp/pickup/6590066,https://news.yahoo.co.jp/articles/a2afce32b56248f2ccdd0403694073cd40da8be8,7/31(‹à) 20:02
top-picks,Media info not found,ŒÕ‚ÆG“¯—¦ñˆÊ‚à‘ÎÆ“I ƒZV‘ˆ‚¢,2026”N‚ÌƒZEƒŠ[ƒO‚ÍA‹l‚Æã_‚ªˆê•à‚à÷‚ç‚È‚¢—DŸ‘ˆ‚¢‚ğŒJ‚èL‚°‚Ä‚¢‚éB,https://news.yahoo.co.jp/pickup/6590059,https://twitter.com/Sankei_news/status/2081926644441510176,7/31(‹à) 19:31
top-picks,’©“úV•·,LINEƒ„ƒt[‚És­w“± ‘–±È,7/31(‹à) 19:24,https://news.yahoo.co.jp/pickup/6590061,https://news.yahoo.co.jp/articles/ab12e5c4e2ff5af81da8cb8ea8aa6a3dca962db1,7/31(‹à) 19:24
top-picks,MBC“ì“ú–{•ú‘—,VŠ²ü ŒF–{-V…–“‚Ì8ŒÄŠJ¢“ï,7/31(‹à) 19:19,https://news.yahoo.co.jp/pickup/6590063,https://news.yahoo.co.jp/articles/8fb9be74b93eb83c8fb888fb233820b7bbf6c016,7/31(‹à) 19:19
top-picks,Media info not found,è‘«Œû•a‚ª“s“à‚Å—¬s ˆãt‚ÌŒœ”O,è‘«Œû•a‚Ì—¬s‚ª‘±‚¢‚Ä‚¢‚Ü‚·B“Œ‹“s‚ª7Œ2“ú‚É2”N‚Ô‚è‚ÌŒx•ñŠî€’´‚¦‚ğ”­•\i6.30lj‚æ‚è‚à‘½‚­A—¬sƒ}ƒbƒv‚Í“‡‚µ‚å‚ğœ‚­“s“à‘Sˆæ‚ª”Z‚¢F‚Éõ‚Ü‚Á‚Ä‚¢‚Ü‚·B,https://news.yahoo.co.jp/pickup/6590058,https://idsc.tmiph.metro.tokyo.lg.jp/diseases/handfootmouth/handfootmouth/,7/31(‹à) 19:04
top-picks,CHANTO WEB,•Ÿ“c–¾“ú “ü‰@Œo‚Ä‰ÌèÄŠJ‚Ö,7/31(‹à) 18:50,https://news.yahoo.co.jp/pickup/6590060,https://news.yahoo.co.jp/articles/59864ca6ec0e248c90b0dea2a576a926f829fdad,7/31(‹à) 18:50
top-picks,CHANTO WEB,•Ÿ“c–¾“ú “ü‰@‚ğŒo‚Äv‚¢•Ï‰»,7/31(‹à) 18:38,https://news.yahoo.co.jp/pickup/6590056,https://news.yahoo.co.jp/articles/59864ca6ec0e248c90b0dea2a576a926f829fdad,7/31(‹à) 18:38
top-picks,Media info not found,MERŒöŠJ’¼‘O ’nk‚Å“ï‚µ‚¢é“`,8/21‚ÉŒöŠJ—\’è‚Ìl‹CƒVƒŠ[ƒYVìwŒ€ê”ÅTOKYO MER`‘–‚é‹Ù‹}‹~–½º`CAPITAL CRISISxB¡‰ñ‚Í“Œ‹‚ª’¼‰ºŒ^‚Ì‹‘å’nk‚ÉP‚í‚êAñ“s‹@”\‚ª‰ó–Å‚·‚éó‹µ‚ÅAålŒö‚½‚¿‚Ì‹ê“¬‚ª•`‚©‚ê‚éB,https://news.yahoo.co.jp/pickup/6590051,https://news.yahoo.co.jp/articles/34728cd58b0587203e12907da6c4db10cae66a5e,7/31(‹à) 18:37
top-picks,ƒXƒ|[ƒc•ñ’m,‰ä‚ª‰Æ™R Œ»óˆêl‚Å‚Ì•às¢“ï,7/31(‹à) 18:32,https://news.yahoo.co.jp/pickup/6590057,https://news.yahoo.co.jp/articles/1704ffe208027ecd31d4dbd2d6d04e6cdf4db743,7/31(‹à) 18:32
top-picks,ƒXƒ|[ƒc•ñ’m,‹lƒRƒ‰ƒ{ƒ†ƒj ˆÙ—á‚Ì‘Sˆõˆá‚¤•¿,7/31(‹à) 18:16,https://news.yahoo.co.jp/pickup/6590054,https://news.yahoo.co.jp/articles/643e5c36c5be471872ba02038810038fb06bb731,7/31(‹à) 18:16
top-picks,RKKŒF–{•ú‘—,’nkŒã‚ÉV‚½‚È–½ •sˆÀ‚ ‚Á‚½‚Æ•ê,7/31(‹à) 18:00,https://news.yahoo.co.jp/pickup/6590049,https://news.yahoo.co.jp/articles/2a14b57786ded36d275ffaff9d8d0c7d8d83290c,7/31(‹à) 18:00
top-picks,ITmedia NEWS,ƒfƒ…ƒGƒ}ƒTƒ|ƒAƒvƒŠ‚Å˜R‚¦‚¢‹°‚ê,7/31(‹à) 17:49,https://news.yahoo.co.jp/pickup/6590048,https://news.yahoo.co.jp/articles/0cd680a8e70debb6a1df5357f94f1516eece74f4,7/31(‹à) 17:49
top-picks,ŠÖ¼ƒeƒŒƒr,•Ó–ìŒÃ–ŒÌ•ñ‘ ˆâ‘°‚ªƒRƒƒ“ƒg,7/31(‹à) 17:49,https://news.yahoo.co.jp/pickup/6590047,https://news.yahoo.co.jp/articles/0f426b8285de9199b33a249c7b994977ec4f9801,7/31(‹à) 17:49
top-picks,“Ç”„V•·ƒIƒ“ƒ‰ƒCƒ“,“ú‹â‘Ù •¨‰¿ãU‚êƒŠƒXƒN‚ğˆÓ¯,7/31(‹à) 17:42,https://news.yahoo.co.jp/pickup/6590046,https://news.yahoo.co.jp/articles/f9e3a19ceccce1bd76e4ad5cc9c481462ecde24c,7/31(‹à) 17:42
top-picks,Kstyle,­—‘ãEƒ†ƒŠ SM‚Æ‚ÌŒ_–ñI—¹,7/31(‹à) 17:19,https://news.yahoo.co.jp/pickup/6590043,https://news.yahoo.co.jp/articles/06389fa5711b65039491c7a2859640049eb64af5,7/31(‹à) 17:19
top-picks,•Ÿ“‡–¯—FV•·,uƒEƒTƒM‚Ì“‡v„‚éˆÙ•Ï —vˆö‰ğ–¾,7/31(‹à) 17:13,https://news.yahoo.co.jp/pickup/6590042,https://news.yahoo.co.jp/articles/c0609f7043fe8bb03ff2443449e4e57113bd8fc0,7/31(‹à) 17:13
top-picks,TNCƒeƒŒƒr¼“ú–{,’}Œãì‰Ô‰Î‘å‰ï ’nk‚ğó‚¯’†~‚É,7/31(‹à) 17:12,https://news.yahoo.co.jp/pickup/6590041,https://news.yahoo.co.jp/articles/41e56187352cdaae5bb6f1fbd6fdd0f0de2d4df5,7/31(‹à) 17:12
top-picks,ƒQƒLƒTƒJ,ˆÉƒŒƒWƒFƒ“ƒhDF ƒoƒŒ[ƒW€‹,7/31(‹à) 16:56,https://news.yahoo.co.jp/pickup/6590039,https://news.yahoo.co.jp/articles/f0cd9f674ac4f9ff7a870530af38ac66247360d0,7/31(‹à) 16:56
top-picks,‹¤“¯’ÊM,‘–¯–¯å‚Ì˜A—§“ü‚è “––Ê¢“ï‚É,7/31(‹à) 16:55,https://news.yahoo.co.jp/pickup/6590040,https://news.yahoo.co.jp/articles/c20b7940a37bb41f6605ff8672baabe16fcbca82,7/31(‹à) 16:55
top-picks,TBS NEWS DIG Powered by JNN,’j«‚Ìˆç‹xæ“¾—¦ ‰‚Ì50%’´‚¦,7/31(‹à) 16:49,https://news.yahoo.co.jp/pickup/6590038,https://news.yahoo.co.jp/articles/f15cafb58422c999712f029e70006b12cd791f43,7/31(‹à) 16:49
top-picks,“Œ—mŒoÏƒIƒ“ƒ‰ƒCƒ“,“w—Í‚Å‚«‚È‚¢ 33ÎƒMƒtƒeƒbƒh”Y‚İ,7/31(‹à) 16:45,https://news.yahoo.co.jp/pickup/6590037,,7/31(‹à) 16:45
top-picks,ƒƒCƒ^[,ƒLƒIƒNƒVƒAƒ—˜‰v35”{‚Ö 4-9ŒŠú,7/31(‹à) 16:32,https://news.yahoo.co.jp/pickup/6590036,https://news.yahoo.co.jp/articles/8595d57f85c6f39aebf84bec2d4c8112e0c9c97c,7/31(‹à) 16:32
top-picks,tenki.jp,ŒF–{‚Å‘Ì‰·’´‚¦‚é‹‚³—\‘z Œx‰ú‚ğ,7/31(‹à) 16:28,https://news.yahoo.co.jp/pickup/6590034,https://news.yahoo.co.jp/articles/76ad294b66a8390612983ccea2aaa6264f16c873,7/31(‹à) 16:28
top-picks,J-CASTƒjƒ…[ƒX,ƒCƒIƒ“ƒ‚[ƒ‹ ƒCƒxƒ“ƒg’†~‘ŠŸ‚®,7/31(‹à) 16:28,https://news.yahoo.co.jp/pickup/6590035,https://news.yahoo.co.jp/articles/26103a8c744844106b93b8dd2178f34db5067401,7/31(‹à) 16:28
top-picks,¼“ú–{V•·me,’nk‚Ì‹~• ƒCƒIƒ“ˆÈŠO‚Í‘S‚ÄI—¹,7/31(‹à) 16:22,https://news.yahoo.co.jp/pickup/6590029,https://news.yahoo.co.jp/articles/1f07cef391725b8c243e9df768734033333bc0a5,7/31(‹à) 16:22
top-picks,ƒQƒLƒTƒJ,FIFA q‰ïĞŒv‰æ‚Ö‚Ì”á”»ó‚¯º–¾,7/31(‹à) 16:18,https://news.yahoo.co.jp/pickup/6590032,https://news.yahoo.co.jp/articles/afc8a07f90592de9dc5f4e2418f76bc75025bb5e,7/31(‹à) 16:18
top-picks,YŒoV•·,•a‰@‚à”íĞ ˆã—ÃŒp‘±‚Ì‰Û‘è•‚‚©‚Ô,7/31(‹à) 16:04,https://news.yahoo.co.jp/pickup/6590030,https://news.yahoo.co.jp/articles/3f9a478f3c63c8c71ad47bb9a3394faed71b109a,7/31(‹à) 16:04
top-picks,Media info not found,”„–¼? Œ|”\l”íĞ’nx‰‡‚ÌˆÓ–¡,7Œ28“ú‚É”­¶‚µ‚½—ß˜a8”NŒF–{’nk‚ğó‚¯AŒ|”\ŠE‚Å‚Í”íĞ’nx‰‡‚Ì“®‚«‚ªL‚ª‚Á‚Ä‚¢‚éB,https://news.yahoo.co.jp/pickup/6590028,https://news.jp/i/1455140803409822048?c=39550187727945729,7/31(‹à) 15:34
top-picks,ƒIƒŠƒRƒ“,‰ä‚ª‰Æ™R ƒMƒ‰ƒ“EƒoƒŒ[‚Ì‹^‚¢,7/31(‹à) 15:32,https://news.yahoo.co.jp/pickup/6590026,https://news.yahoo.co.jp/articles/650b80164a9a2a1c671eea6b9e149ffa25a5a2f7,7/31(‹à) 15:32
top-picks,Media info not found,”íĞ’n‚ÅÜ–¡ŠúŒÀ‚ğ’e—Í‰^—p ‘_‚¢,2026”N7Œ28“ú‚É”­¶‚µ‚½—ß˜a8”NŒF–{’nk‚ğó‚¯AÁ”ïÒ’¡‚ÍA”_—Ñ…YÈEŒú¶˜J“­È‚Æ˜A–¼‚ÅAĞŠQ‹~•–@‚ª“K—p‚³‚ê‚½ŒF–{Œ§“à21s’¬‘º‚É‚Â‚¢‚ÄAÜ–¡ŠúŒÀ‚È‚Ç‚ÌH•i•\¦Šî€‚ğ’e—Í“I‚É‰^—p‚·‚é‚Æ’Ê’m‚µ‚½B‹`–±•\¦–€‚Ì‚·‚×‚Ä‚ª•\¦‚³‚ê‚Ä‚¢‚È‚­‚Ä‚àA“–•ª‚ÌŠÔ‚Íæ‚è’÷‚Ü‚ç‚È‚¢‚Æ‚¢‚¤“à—e‚¾B‚½‚¾‚µAƒAƒŒƒ‹ƒM[•\¦‚ÆÁ”ïŠúŒÀ‚Í—áŠO‚Æ‚³‚ê‚½BŒ’N”íŠQ‚ğ–h~‚·‚é‚½‚ß‚Å‚ ‚éB“¯—l‚Ì‘[’u‚ÍAƒRƒƒi‰Ğ‚Ì2020”N‚É‰p‘‚ÌWRAP‚â•Ä‘FDA‚à‘Å‚¿o‚µ‚Ä‚¢‚éB”ñí‚ÉH—¿‚ğ–³‘Ê‚È‚­“Í‚¯‚é‚½‚ß‚Ìu•\¦‚Ì_“î«v‚ğl‚¦‚½‚¢B,https://news.yahoo.co.jp/pickup/6590027,https://www.caa.go.jp/notice/assets/food_labeling_cms203_260729.pdf,7/31(‹à) 15:31
top-picks,’©“úV•·,ŠC•Û3çl’´ “ú“–‚ğ•s³EŒë¿‹,7/31(‹à) 14:44,https://news.yahoo.co.jp/pickup/6590025,https://news.yahoo.co.jp/articles/cf6286e193804a1ce1af2f05114dbe8915d75a9e,7/31(‹à) 14:44
top-picks,ƒXƒ|ƒjƒ`ƒAƒlƒbƒNƒX,”šÎ–â‘èE‘¾“cŒõ ’©ƒhƒ‰‰o‰‰,7/31(‹à) 14:40,https://news.yahoo.co.jp/pickup/6590024,https://news.yahoo.co.jp/articles/722af615030dd42f82d8bcddea8645bdb4380a5a,7/31(‹à) 14:40
top-picks,Media info not found,Œ|”\l ”íĞ’nx‰‡•\–¾‚Ìd—v«,7Œ28“ú‚É”­¶‚µ‚½—ß˜a8”NŒF–{’nk‚ğó‚¯AŒ|”\ŠE‚Å‚Í”íĞ’nx‰‡‚Ì“®‚«‚ªL‚ª‚Á‚Ä‚¢‚éB,https://news.yahoo.co.jp/pickup/6590014,https://news.jp/i/1455140803409822048?c=39550187727945729,7/31(‹à) 14:32
top-picks,ŒF–{“ú“úV•·,‰Œ“ËÜ‚ê‚½“ú–{»†”ª‘ã 9l€–S,7/31(‹à) 14:19,https://news.yahoo.co.jp/pickup/6590022,https://news.yahoo.co.jp/articles/7499507377e85f358e521691b3e88330541519c4,7/31(‹à) 14:19
top-picks,TBS NEWS DIG Powered by JNN,²X–Ø˜NŠó‚ª5Ÿ–Ú 7’DOU‚ÌD“Š,7/31(‹à) 14:15,https://news.yahoo.co.jp/pickup/6590023,https://news.yahoo.co.jp/articles/ef332119682fb9e90ca42ce14330d7534ae43b3b,7/31(‹à) 14:15
top-picks,ƒeƒŒƒr’©“úŒniANNj,ŒF–{’nk ‰tó‰»”íŠQŠg‘å‚Ì‹°‚ê,7/31(‹à) 14:03,https://news.yahoo.co.jp/pickup/6590019,https://news.yahoo.co.jp/articles/32231bae0890a1a7c44ab63e619389c0c66f6f37,7/31(‹à) 14:03
top-picks,’©“úV•·,À‰Æ•ö‰ó ”ğ“ïŠ‚Å•é‚ç‚³‚È‚¢’j«,7/31(‹à) 13:58,https://news.yahoo.co.jp/pickup/6590020,https://news.yahoo.co.jp/articles/bb21f18e596a132e128d1789cfc81d2580cac9d0,7/31(‹à) 13:58
top-picks,MBSƒjƒ…[ƒX,•Ó–ìŒÃ“]•¢ ‘æOÒˆÏ‚ª’²¸•ñ‘,7/31(‹à) 13:43,https://news.yahoo.co.jp/pickup/6590018,https://news.yahoo.co.jp/articles/d117af76fa5856907f63b0c6d906d40c8ed5acbb,7/31(‹à) 13:43
top-picks,Media info not found,–¼ŒÃ‰®‚ª“ssƒ‰ƒ“ƒLƒ“ƒO2ˆÊ ‚È‚º,“ú–{‚Ì“ssƒ‰ƒ“ƒLƒ“ƒO‚Å–¼ŒÃ‰®s‚ª2ˆÊBX‹L”Oà’c‚É‚æ‚é‘S‘136“ss‚Ì”äŠr‚ÅAñˆÊ‚Í6”N˜A‘±‚Ì‘åãsA3ˆÊ‚Í•Ÿ‰ªsB‚½‚¾‚µ“Œ‹“s‚Í‘ÎÛŠO‚ÅAÀ¿“I‚É‚Í“Œ‹“s‚ª•ÊŠi‚Å1ˆÊA2ˆÊ‘åãsA3ˆÊ–¼ŒÃ‰®s‚Æ‚¢‚¤‚±‚Æ‚É‚È‚è‚Ü‚·B•ñ“¹‚Å‚Íg“ss‚Ì–£—Íƒ‰ƒ“ƒLƒ“ƒOh‚ÆĞ‰î‚³‚ê‚Ä‚¢‚Ü‚·‚ª³®‚É‚Íu“ú–{‚Ì“ss“Á«•]‰¿vBw•W‚ÍuŒoÏEƒrƒWƒlƒXvuŒ¤‹†EŠJ”­vu•¶‰»EŒğ—¬vu¶ŠˆE‹ZvuŠÂ‹«vuŒğ’ÊEƒAƒNƒZƒXv‚Ì6•ª–ì‚ÅA•K‘R“I‚É“ss‚ªãˆÊ‚É—ˆ‚é“à—e‚Æ‚È‚Á‚Ä‚¢‚Ü‚·B‚±‚±‚Å‚Í‚ ‚ç‚½‚ß‚Ä–¼ŒÃ‰®s‚ª‚Ç‚¤•]‰¿‚³‚ê‚Ä‚¢‚é‚Ì‚©‚ğ•ªÍ‚µ‚Ü‚·,https://news.yahoo.co.jp/pickup/6590012,https://mori-m-foundation.or.jp/ius/jpc/,7/31(‹à) 13:26
top-picks,Media info not found,BTS‚È‚ºuR‹cvƒOƒ‰ƒ~[V•”–å,@7Œ29“úABTS‚Ìƒƒ“ƒo[‚Vl‚ª‘æ69‰ñƒOƒ‰ƒ~[Ü‚Éì•i‚ğo•i‚µ‚È‚¢‚ÆSNS‚Å•\–¾‚µ‚½B,https://news.yahoo.co.jp/pickup/6590017,https://biz.chosun.com/jp/jp-international/2026/07/30/TT4TDNIY45G3ZLDZ3PRRQKINKA/,7/31(‹à) 13:03
top-picks,ƒIƒŠƒRƒ“,ƒ~ƒZƒX‘åX ’nkó‚¯1000–œ‰~Šñ•t,7/31(‹à) 13:01,https://news.yahoo.co.jp/pickup/6590016,https://news.yahoo.co.jp/articles/d2b3c5edb4b631e42aac8858b8d145fb31113363,7/31(‹à) 13:01
top-picks,ENCOUNT,KOC€—DŸ ‚í‚ç‚Ó‚À‚È‚é‚¨‰ğU,7/31(‹à) 12:43,https://news.yahoo.co.jp/pickup/6590015,https://news.yahoo.co.jp/articles/4c88c34138be582cda158e7db2570a88e1dbcfcf,7/31(‹à) 12:43
top-picks,–ˆ“úV•·,“ú‹â ­ô‹à—˜1.0%’ö“x‚É˜‚¦’u‚«,7/31(‹à) 12:23,https://news.yahoo.co.jp/pickup/6590011,https://news.yahoo.co.jp/articles/db8c95c888a8c9c60d59dccc8158239059c1e8dd,7/31(‹à) 12:23
top-picks,“Ç”„ƒeƒŒƒr,—œ5000ŒÂ““ï‚Éx‰‡ ‘OŒü‚­”_‰Æ,7/31(‹à) 12:22,https://news.yahoo.co.jp/pickup/6590009,https://news.yahoo.co.jp/articles/e0f61e6aa7c9c87d55cc0b4240875df2d2b0ade9,7/31(‹à) 12:22
top-picks,ƒXƒ|[ƒc•ñ’m,ƒtƒW¬º‰lä»qƒAƒi Œ‹¥‚ğ¶•ñ,7/31(‹à) 12:03,https://news.yahoo.co.jp/pickup/6590008,https://news.yahoo.co.jp/articles/5e3278f806b100750701b845f4557f04da75cd69,7/31(‹à) 12:03
top-picks,AP’ÊM,ƒXƒyƒCƒ“‚Ì”ò‚Ñ’n •s–@ˆÚ–¯‚ªE“,7/31(‹à) 12:02,https://news.yahoo.co.jp/pickup/6590007,https://news.yahoo.co.jp/articles/24b8e0edf8680c3b27d948dbc33103ef7e75d104,7/31(‹à) 12:02
top-picks,CBCƒeƒŒƒr,“Ş—Ç—«2ˆâ‘Ì •s–¾‚Ìeq‚Æ”»–¾,7/31(‹à) 11:58,https://news.yahoo.co.jp/pickup/6590005,,7/31(‹à) 11:58
top-picks,ƒTƒ“ƒPƒCƒXƒ|[ƒc,‘ºã@—² MLB1”N–Ú‚Å•¢‚µ‚½•]‰¿,7/31(‹à) 11:52,https://news.yahoo.co.jp/pickup/6590003,https://news.yahoo.co.jp/articles/ad7c5801747f0cbb1e6562484f47f40c26c02e25,7/31(‹à) 11:52
top-picks,“Ç”„V•·ƒIƒ“ƒ‰ƒCƒ“,“ŒŠC‹D‘D‚É–‹Æ’â~–½—ß‚Ö ‘ŒğÈ,7/31(‹à) 11:48,https://news.yahoo.co.jp/pickup/6590004,https://news.yahoo.co.jp/articles/f9501072ec59778818a67c9be04eaac24ab673c8,7/31(‹à) 11:48
top-picks,–ˆ“úV•·,’f…‘±‚­–Ò‹‚ÌŒF–{ ‹‹…Š‚É—ñ,7/31(‹à) 11:47,https://news.yahoo.co.jp/pickup/6590002,https://news.yahoo.co.jp/articles/4f17f3f387e06b2cf190ec667a13608702aa5b5e,7/31(‹à) 11:47
top-picks,ƒeƒŒƒr’©“úŒniANNj,‰~‹}“« à–±Š¯u•Ä“–‹Ç‚©‚çx‰‡v,7/31(‹à) 11:38,https://news.yahoo.co.jp/pickup/6590001,https://news.yahoo.co.jp/articles/135ef25d6f62b76a3af59e3e15c17a2d49fab307,7/31(‹à) 11:38
top-picks,–ˆ“úV•·,ƒCƒIƒ“”š”­ ƒIƒ“ƒ[ƒh‚Ì3l€–S,7/31(‹à) 11:22,https://news.yahoo.co.jp/pickup/6589999,https://news.yahoo.co.jp/articles/a8bbd20d7c8a1e7f2f1204baa5c12d4a41459717,7/31(‹à) 11:22
top-picks,ƒXƒ|[ƒcƒiƒr,‘¬•ñ ƒhƒWƒƒ[ƒXvs.ƒ}ƒŠƒi[ƒY,7/31(‹à) 11:02,https://news.yahoo.co.jp/pickup/6589992,https://news.yahoo.co.jp/articles/97121c8f37be035d5df4a8eceaf85da13ae21bce,7/31(‹à) 11:02
top-picks,ENCOUNT,ƒPƒCƒ“EƒRƒXƒM M-1‚à‚¤‚±‚è‚²‚è,7/31(‹à) 10:56,https://news.yahoo.co.jp/pickup/6589998,https://news.yahoo.co.jp/articles/d9bf5bb81b4e9b890f388a5c77b9832a45b5760f,7/31(‹à) 10:56
top-picks,ƒƒCƒ^[,ƒAƒ“ƒ\ƒƒsƒbƒNAI 3Ğ‚É•s³N“ü,7/31(‹à) 10:51,https://news.yahoo.co.jp/pickup/6589997,https://news.yahoo.co.jp/articles/f7e25b6d378aa1d878839c0837d3a5df31d97881,7/31(‹à) 10:51
top-picks,ƒeƒŒƒr’©“úŒniANNj,“úŒo•½‹Ï ˆê3400‰~’´‚Ì’lã‚ª‚è,7/31(‹à) 10:36,https://news.yahoo.co.jp/pickup/6589996,https://news.yahoo.co.jp/articles/a97affeb303e65b4daf0afe04a7b0ec582b9a747,7/31(‹à) 10:36
top-picks,–ˆ“úV•·,ƒoƒŒ[Œ³‘ã•\ ²“¡”í‚É—Lß”»Œˆ,7/31(‹à) 10:18,https://news.yahoo.co.jp/pickup/6589995,https://news.yahoo.co.jp/articles/8fa41d537ed3f492e8543ab8c8fac7cffd4d0a57,7/31(‹à) 10:18
top-picks,“Ç”„V•·ƒIƒ“ƒ‰ƒCƒ“,ŒF–{’nk ŠÖ˜A’²¸’†ŠÜ‚ß35l€–S,7/31(‹à) 10:09,https://news.yahoo.co.jp/pickup/6589994,https://news.yahoo.co.jp/articles/28adb10076ab86ae5c779d4737956ad58582b578,7/31(‹à) 10:09
top-picks,’©“úV•·,‚Z–ì‹…‚Ì•””ï 200Z’´‚ª’lã‚°,7/31(‹à) 9:53,https://news.yahoo.co.jp/pickup/6589986,https://news.yahoo.co.jp/articles/fe025a9c60397122ec71c376bff78c3e46dc2799,7/31(‹à) 9:53
top-picks,ƒtƒbƒgƒ{[ƒ‹ƒ`ƒƒƒ“ƒlƒ‹,UEFA‚ÌFIFA‘å‰ïƒ{ƒCƒRƒbƒg ¡Œã,7/31(‹à) 9:41,https://news.yahoo.co.jp/pickup/6589987,https://news.yahoo.co.jp/articles/9bb453416d3f596c1f5b5676cb178589bca84428,7/31(‹à) 9:41
top-picks,ƒeƒŒƒr’©“úŒniANNj,“úŒo•½‹Ï ˆê3200‰~’´‚Ì’lã‚ª‚è,7/31(‹à) 9:37,https://news.yahoo.co.jp/pickup/6589991,https://news.yahoo.co.jp/articles/a97affeb303e65b4daf0afe04a7b0ec582b9a747,7/31(‹à) 9:37
top-picks,ƒeƒŒƒr’©“úŒniANNj,“úŒo•½‹Ï ˆê2600‰~’´‚Ì’lã‚ª‚è,7/31(‹à) 9:28,https://news.yahoo.co.jp/pickup/6589989,,7/31(‹à) 9:28
top-picks,ŒF–{“ú“úV•·,”—‚é72h ƒCƒIƒ“ƒ‚[ƒ‹‘å‹K–Í‘{õ,7/31(‹à) 9:13,https://news.yahoo.co.jp/pickup/6589984,https://news.yahoo.co.jp/articles/2fdf1fdb46771566e554ba7be14126cf626ed65e,7/31(‹à) 9:13
top-picks,TBS NEWS DIG Powered by JNN,­•{E“ú‹â‚ªˆ×‘Ö‰î“ü ­•{ŠÖŒWÒ,7/31(‹à) 9:10,https://news.yahoo.co.jp/pickup/6589985,https://news.yahoo.co.jp/articles/faf33612d14ce0326d1a71c5c63a6d827569d976,7/31(‹à) 9:10
top-picks,TBS NEWS DIG Powered by JNN,ƒCƒ‰ƒ“ ’†“Œ‚Ì•ÄŒRŠî’n‘ŠŸ‚¬UŒ‚,7/31(‹à) 8:53,https://news.yahoo.co.jp/pickup/6589982,https://news.yahoo.co.jp/articles/5710d680b8572a48a99ca80230a4f650a4076d5d,7/31(‹à) 8:53
top-picks,ITmedia ƒrƒWƒlƒXƒIƒ“ƒ‰ƒCƒ“,ƒLƒIƒNƒVƒAŠ”‚ª1ƒJŒ‚Å1/3‚É ”wŒi,7/31(‹à) 8:36,https://news.yahoo.co.jp/pickup/6589980,https://news.yahoo.co.jp/articles/5fe4495cbc506f042ad84fd739119082860b0996,7/31(‹à) 8:36
top-picks,Full-Count,‘å’JƒXƒ^ƒƒ“ŠOu•G‚Ì’É‚İv——R,7/31(‹à) 8:29,https://news.yahoo.co.jp/pickup/6589981,https://news.yahoo.co.jp/articles/50e231a2ef7d04496c670c2d5b9a44e84d6ef8df,7/31(‹à) 8:29
top-picks,‹¤“¯’ÊM,ˆ×‘Ö‰î“ü‚© 50•ª‚Å5‰~‹ß‚­ã¸,7/31(‹à) 8:21,https://news.yahoo.co.jp/pickup/6589979,,7/31(‹à) 8:21
top-picks,–k“ú–{•ú‘—,í–vÒ’¢ˆÔ‹à‚ğ50”NŠÔŒëx‹‹ •xR,7/31(‹à) 8:10,https://news.yahoo.co.jp/pickup/6589976,https://news.yahoo.co.jp/articles/442b1424ec8f3ff8e895a2c40063860ab2bf0e84,7/31(‹à) 8:10
top-picks,–’ÊM,ˆÙ—á “ú–{l‚ªMLB‚Åƒx[ƒXƒR[ƒ`,7/31(‹à) 7:59,https://news.yahoo.co.jp/pickup/6589975,https://news.yahoo.co.jp/articles/66765d1a2027fcb68b22770eaef2778493bb2055,7/31(‹à) 7:59
top-picks,ƒIƒŠƒRƒ“,‰¡•l—¬¯ ‘å‰ÍŒã‰‚Ì˜Aƒhƒ‰å‰‰,7/31(‹à) 7:45,https://news.yahoo.co.jp/pickup/6589972,https://news.yahoo.co.jp/articles/a7766c3fa6dae04db440cf4ec9c6c8e6813eb106,7/31(‹à) 7:45
top-picks,ƒeƒŒƒrVL“‡,L“‡ƒI[ƒi[ –ò•¨„‚èu“ª’É‚¢v,7/31(‹à) 7:44,https://news.yahoo.co.jp/pickup/6589974,https://news.yahoo.co.jp/articles/96facb7f995fe005d441f7ea34176c05cdcc33ad,7/31(‹à) 7:44
top-picks,–ˆ“úV•·,ŠO‘lÌ—p‚ÌŒ§ƒAƒ“ƒP ·•Ê‚Æw“E,7/31(‹à) 7:27,https://news.yahoo.co.jp/pickup/6589971,https://news.yahoo.co.jp/articles/485e3928cb8c274c58fe8fd32d587f7974c7153e,7/31(‹à) 7:27
top-picks,tenki.jp,‹ãB`ŠÖ“Œ‚ÍL‚­–Ò‹ ”M’†ÇŒx‰ú,7/31(‹à) 7:22,https://news.yahoo.co.jp/pickup/6589969,https://news.yahoo.co.jp/articles/3e9de44a7a2c7018e002a891a5d69d930fc2f7a9,7/31(‹à) 7:22
top-picks,‹¤“¯’ÊM,Appleƒ—˜‰v‚ª27%‘ iPhoneD’²,7/31(‹à) 7:14,https://news.yahoo.co.jp/pickup/6589968,https://news.yahoo.co.jp/articles/ba81e0622155477c3c164d847ea81cbcf97cd64c,7/31(‹à) 7:14
top-picks,ŒF–{“ú“úV•·,‘½‚­‚Ì”íĞÒ‚ªÔ’†”‘ ê–å‰ÆŒxà,7/31(‹à) 6:39,https://news.yahoo.co.jp/pickup/6589967,https://news.yahoo.co.jp/articles/2bc8f12764bbe0be931150e4d03204f8da945d14,7/31(‹à) 6:39
top-picks,ŒF–{“ú“úV•·,ŒF–{’nk ”—‚éu72ŠÔv‘{õŒœ–½,7/31(‹à) 6:23,https://news.yahoo.co.jp/pickup/6589966,https://news.yahoo.co.jp/articles/700ae5ca623cf6f5e34bc90dd7e6b36af5f24276,7/31(‹à) 6:23
top-picks,ƒIƒŠƒRƒ“,ƒ~ƒ„ƒl‰®Œã˜g ‘ºãMŒÜ‚ª‹à—jMC,7/31(‹à) 6:12,https://news.yahoo.co.jp/pickup/6589965,https://news.yahoo.co.jp/articles/705de7ba5ccaa76b255944f0bf380cbbe98b69b3,7/31(‹à) 6:12
top-picks,SOCCER DIGEST Web,UEFA‚ª”½”­ W”tƒ{ƒCƒRƒbƒg•\–¾,7/31(‹à) 6:03,https://news.yahoo.co.jp/pickup/6589964,https://news.yahoo.co.jp/articles/a6aea4f2470f1a087e510f9e50014e7217b75eff,7/31(‹à) 6:03
top-picks,ƒIƒŠƒRƒ“,Netflixu‹ãğ‚Ì‘åßv‚ª‰f‰æ‰»,7/31(‹à) 0:04,https://news.yahoo.co.jp/pickup/6589963,https://news.yahoo.co.jp/articles/3a00ecc0968881f48c7db2430b64d56f7212cc46,7/31(‹à) 0:04
top-picks,TBS NEWS DIG Powered by JNN,ˆê1ƒhƒ‹157‰~‘ä ˆ×‘Ö‰î“ü‚©,7/30(–Ø) 23:33,https://news.yahoo.co.jp/pickup/6589962,https://news.yahoo.co.jp/articles/799eff938cb339f28d1566432a8e280816a57df1,7/30(–Ø) 23:33
top-picks,FNNƒvƒ‰ƒCƒ€ƒIƒ“ƒ‰ƒCƒ“iƒtƒWƒeƒŒƒrŒnj,ˆê1ƒhƒ‹158‰~‘ä ‰î“ü‚ÌŠÏ‘ª‚à,7/30(–Ø) 23:27,https://news.yahoo.co.jp/pickup/6589961,https://news.yahoo.co.jp/articles/29bdc3e867dce8f225951ae1a61c6ec075aa34c3,7/30(–Ø) 23:27
top-picks,’©“úV•·,ƒJ[ƒv2‘Iè‘î‚ğ‘{õ –ò•¨„‚è,7/30(–Ø) 23:17,https://news.yahoo.co.jp/pickup/6589960,https://news.yahoo.co.jp/articles/dbc11a743dce85d85205b571b18131dbd0c4173f,7/30(–Ø) 23:17
top-picks,ƒIƒŠƒRƒ“,‰ä‚ª‰ÆuƒŒƒbƒhƒJ[ƒyƒbƒgv«‘Ş,7/30(–Ø) 22:51,https://news.yahoo.co.jp/pickup/6589959,https://news.yahoo.co.jp/articles/4538fa4d4186a625ce8debcf5f0d4bf3927ac29d,7/30(–Ø) 22:51
top-picks,‹¤“¯’ÊM,ñ‘Š 8Œ3“ú‚É‚àŒF–{“ü‚è‚Å’²®,7/30(–Ø) 22:33,https://news.yahoo.co.jp/pickup/6589958,https://news.yahoo.co.jp/articles/1b88eed148eed2db4928c0827fba38160848417a,7/30(–Ø) 22:33
top-picks,¼“ú–{V•·me,ŒF–{’nk ƒ{ƒ‰ó‚¯“ü‚ê‘Ô¨€”õ’†,7/30(–Ø) 22:01,https://news.yahoo.co.jp/pickup/6589953,https://news.yahoo.co.jp/articles/0a77b6ea49e8bc21b2eef69872e80ba4a891eb38,7/30(–Ø) 22:01
top-picks,ƒeƒŒƒr’©“úŒniANNj,ƒCƒIƒ“ ‘S]‹Æˆõ‚ÌˆÀ”Û‚ğŠm”F,7/30(–Ø) 21:43,https://news.yahoo.co.jp/pickup/6589952,https://news.yahoo.co.jp/articles/80a309f7d19a103f4f7bdb822005f5b602f3c677,7/30(–Ø) 21:43
top-picks,ƒXƒ|ƒjƒ`ƒAƒlƒbƒNƒX,Îˆä—³–ç èp‰e‹¿‚µƒtƒFƒX«‘Ş,7/30(–Ø) 21:39,https://news.yahoo.co.jp/pickup/6589950,https://news.yahoo.co.jp/articles/76c7cdeb2bd4ebef242644537062d3aee2c92d47,7/30(–Ø) 21:39
top-picks,“Ç”„V•·ƒIƒ“ƒ‰ƒCƒ“,ƒCƒIƒ“ƒ‚[ƒ‹”š”­ ŒoYÈ‚ª’²¸,7/30(–Ø) 21:32,https://news.yahoo.co.jp/pickup/6589951,https://news.yahoo.co.jp/articles/149bc3231b5cfcfdcb7aa279f7747bfae15fc060,7/30(–Ø) 21:32
top-picks,“úƒeƒŒNEWS NNN,ˆùH—¿•i‚ÌÅ—¦1% “}“à‚©‚çˆÙ˜_,7/30(–Ø) 21:13,https://news.yahoo.co.jp/pickup/6589949,https://news.yahoo.co.jp/articles/cae922eede714ede1377a442f787440f646385fc,7/30(–Ø) 21:13
top-picks,‹¤“¯’ÊM,‚Í‚â‚Ô‚³2 ¬˜f¯Ú‹ß‚Ì‹L˜^XV,7/30(–Ø) 21:03,https://news.yahoo.co.jp/pickup/6589948,https://news.yahoo.co.jp/articles/6ffabe5a772f11fcebe1f33f8d5f6d2e66a61948,7/30(–Ø) 21:03
top-picks,TBS NEWS DIG Powered by JNN,X‰i“û‹Æ ƒsƒm‚È‚Ç61¤•i’lã‚°‚Ö,7/30(–Ø) 20:31,https://news.yahoo.co.jp/pickup/6589945,https://news.yahoo.co.jp/articles/c958abc274160575ac59893c7c77de4a4d9660ff,7/30(–Ø) 20:31
top-picks,ƒXƒ|[ƒc•ñ’m,ƒJ[ƒv‘Iè‚Ì‰Æ‘î‘{õ ƒI[ƒi[—Ü,7/30(–Ø) 20:27,https://news.yahoo.co.jp/pickup/6589944,https://news.yahoo.co.jp/articles/8ba367391d366eb13799309d9c5a2115a8c10e4d,7/30(–Ø) 20:27
top-picks,Media info not found,H—¿•iÁ”ïÅ1% ¶Šˆ‚Ö‚Ì‰e‹¿‚Í,@‚s‘•cñ‘Š‚Í30“úAH—¿•i‚É‚©‚©‚éÁ”ïÅ—¦‚ğ2027”N4Œ‚©‚ç1%‚Éˆø‚«‰º‚°‚é•ûj‚ğ•\–¾‚µ‚Ü‚µ‚½B©–¯“}‚Ì—Õ–ğˆõ‰ï‚Å8Œã{‚Ü‚Å‚É“}‚ÌˆÓŒ©‚Æ‚µ‚ÄW–ñ‚·‚é‚æ‚¤Š²•”‚ÉŒÄ‚Ñ‚©‚¯A“}—¹³‚ğ“¾‚Ä‘Šú‚ÌŠt‹cŒˆ’è‚ğ–Úw‚·l‚¦‚Å‚·B,https://news.yahoo.co.jp/pickup/6589946,https://www.newsweekjapan.jp/articles/-/329832,7/30(–Ø) 20:27
top-picks,Bloomberg,˜Iƒ~ƒTƒCƒ‹—‰º‚Æƒ|[ƒ‰ƒ“ƒhñ‘Š,7/30(–Ø) 20:26,https://news.yahoo.co.jp/pickup/6589942,https://news.yahoo.co.jp/articles/d184089439430e5d8d747330d75c926981f7ba0e,7/30(–Ø) 20:26
top-picks,TNCƒeƒŒƒr¼“ú–{,‹ãBVŠ²ü 31“ú‚É”‘½-ŒF–{ÄŠJ,7/30(–Ø) 20:10,https://news.yahoo.co.jp/pickup/6589941,https://news.yahoo.co.jp/articles/cce84144bb1a484b23dd25980fc6868a9eec0a75,7/30(–Ø) 20:10
top-picks,“Ç”„V•·ƒIƒ“ƒ‰ƒCƒ“,•›ñ“s‚ÉŒQ”n–¼æ‚è ’m–l‚¦•\–¾,7/30(–Ø) 20:07,https://news.yahoo.co.jp/pickup/6589940,https://news.yahoo.co.jp/articles/12fc66e80cce3ae6f387fdd0e69caf8691bee732,7/30(–Ø) 20:07
top-picks,’©“úV•·,’nk48ŠÔuTKBv”ğ“ïŠ®‚í‚¸,7/30(–Ø) 19:43,https://news.yahoo.co.jp/pickup/6589938,https://news.yahoo.co.jp/articles/9e870d7f71b1124e014313dc8ed0ec224bcd4b21,7/30(–Ø) 19:43
top-picks,ƒIƒŠƒRƒ“,Rè—å“Ş‚ª”DP Œö•\‚·‚é‚©”Y‚ñ‚¾,7/30(–Ø) 19:40,https://news.yahoo.co.jp/pickup/6589939,https://news.yahoo.co.jp/articles/ea2433dd0ee8cfdc49cfd38d0f650d385b928262,7/30(–Ø) 19:40
top-picks,ƒXƒ|ƒjƒ`ƒAƒlƒbƒNƒX,¼‚Ì‚â ”á”»ó‚¯ƒ}ƒ}‰‰‡Šé‰æ•ÏX,7/30(–Ø) 19:37,https://news.yahoo.co.jp/pickup/6589937,https://news.yahoo.co.jp/articles/a0a1f864dc44f7a8eaccde0db095e2972b574c5f,7/30(–Ø) 19:37
top-picks,ŒF–{ƒjƒ…[ƒX KAB ONLINE,“ú–{»†”ª‘ã 11l‚Ì‘{õ‚ªŠ®—¹,7/30(–Ø) 19:13,https://news.yahoo.co.jp/pickup/6589936,https://news.yahoo.co.jp/articles/63d48b0c3eccb8d390ea38bd433b16c2be6cebfa,7/30(–Ø) 19:13
top-picks,‹¤“¯’ÊM,“Áê¼‹\”íŠQ ãŠú1816‰­‰~‚ÅÅˆ«,7/30(–Ø) 19:09,https://news.yahoo.co.jp/pickup/6589934,,7/30(–Ø) 19:09
top-picks,’©“úV•·,H—¿•iÁ”ïÅ1% ñ‘Š‚ª³®•\–¾,7/30(–Ø) 18:56,https://news.yahoo.co.jp/pickup/6589935,https://news.yahoo.co.jp/articles/da805cb0312e0f53590de288d1edc0939d3c22f5,7/30(–Ø) 18:56
top-picks,Media info not found,”õ’~•Ä”ƒ‚¢–ß‚µ ”»’fŠú„‚é‰Û‘è,­•{‚Í”õ’~•Ä‚Ì”ƒ‚¢–ß‚µ‚É‚Â‚¢‚ÄA8Œ––‚É”»–¾‚·‚é2026”NY•Ä‚Ìì•¿‚ğŒ©‹É‚ß‚½ã‚Å”»’f‚·‚é•ûj‚ğ¦‚µ‚½Bˆê•ûA6Œ––‚Ì–¯ŠÔİŒÉ‚Í243–œƒgƒ“‚Æ‰ß‹Å‘å‚Æ‚È‚èA—ˆ”N‚É‚Í‚³‚ç‚É‘‚¦‚é‰Â”\«‚àw“E‚³‚ê‚Ä‚¢‚éB“‡ªŒ§‚ÌŠÛR’B–ç’m–‚Íu“ú–{’†‚Ì”_‰Æ‚ª—’_‚µ‚Ä‚¢‚év‚Æ‘‚Ì‘Î‰‚ğŒµ‚µ‚­”á”»‚µ‚½BH—¿ˆÀ‘S•Ûá‚Ì‚½‚ß‚É‚à”õ’~•Ä‚Ì‰ñ•œ‚ÍŒ‡‚©‚¹‚È‚¢‚ªA¡‰ñ–â‚í‚ê‚Ä‚¢‚é‚Ì‚Í”ƒ‚¢–ß‚µ‚Ì¥”ñ‚Å‚Í‚È‚­A‚»‚Ìƒ^ƒCƒ~ƒ“ƒO‚Å‚ ‚éB‰¿ŠiŒ`¬‚ªn‚Ü‚é‘O‚Ésê‚Ö‚Ç‚Ì‚æ‚¤‚ÈƒƒbƒZ[ƒW‚ğ‘—‚é‚×‚«‚¾‚Á‚½‚Ì‚©‚ªA¡Œã‚ÌƒRƒ­ô‚Ì‘å‚«‚È‰Û‘è‚Æ‚È‚Á‚Ä‚¢‚éB,https://news.yahoo.co.jp/pickup/6589931,https://news.yahoo.co.jp/articles/f0a16cff007b00bf9e45479adec2f08db85f7328,7/30(–Ø) 18:49
top-picks,‹¤“¯’ÊM,ŒF–{Œ§ “––Êƒ{ƒ‰ƒ“ƒeƒBƒA©l—v¿,7/30(–Ø) 18:47,https://news.yahoo.co.jp/pickup/6589932,,7/30(–Ø) 18:47
top-picks,Media info not found,H—¿•iÁ”ïÅ1% ¶Šˆ‚Ç‚¤•Ï‰»,@‚s‘•cñ‘Š‚Í30“úAH—¿•i‚É‚©‚©‚éÁ”ïÅ—¦‚ğ2027”N4Œ‚©‚ç1%‚Éˆø‚«‰º‚°‚é•ûj‚ğ•\–¾‚µ‚Ü‚µ‚½B©–¯“}‚Ì—Õ–ğˆõ‰ï‚Å8Œã{‚Ü‚Å‚É“}‚ÌˆÓŒ©‚Æ‚µ‚ÄW–ñ‚·‚é‚æ‚¤Š²•”‚ÉŒÄ‚Ñ‚©‚¯A“}—¹³‚ğ“¾‚Ä‘Šú‚ÌŠt‹cŒˆ’è‚ğ–Úw‚·l‚¦‚Å‚·B,https://news.yahoo.co.jp/pickup/6589927,https://www.newsweekjapan.jp/articles/-/329832,7/30(–Ø) 18:41
top-picks,—qSPAI,3™‚Ì•êƒCƒ“ƒŠƒ“ 6‹N‚«sê’Ê‚¤,7/30(–Ø) 18:35,https://news.yahoo.co.jp/pickup/6589933,https://news.yahoo.co.jp/articles/5575ec767d4702e167a83cfae2f16b42c3f56bb8,7/30(–Ø) 18:35
top-picks,—qSPAI,ƒCƒ“ƒŠƒ“50Î ‘ä˜p‚É‹’“_ˆÚ‚µˆç™,7/30(–Ø) 18:21,https://news.yahoo.co.jp/pickup/6589925,https://news.yahoo.co.jp/articles/5575ec767d4702e167a83cfae2f16b42c3f56bb8,7/30(–Ø) 18:21
top-picks,–ˆ“úV•·,7l——§ ‘˜A––±‘’·‘I‚ª“Š•[‚Ö,7/30(–Ø) 18:15,https://news.yahoo.co.jp/pickup/6589929,https://news.yahoo.co.jp/articles/92d6ad4b1f124557ec48ebbba3f8245c7439ac82,7/30(–Ø) 18:15
top-picks,‚æ‚ë‚¸`ƒjƒ…[ƒX,Œ³ŒY–E¬ì‘×•½ ’¼’°‚ª‚ñ•ñ,7/30(–Ø) 18:15,https://news.yahoo.co.jp/pickup/6589930,https://news.yahoo.co.jp/articles/90cac9c93b1d8aa95ec3f0b0c7a74245797ea5bd,7/30(–Ø) 18:15
top-picks,TBS NEWS DIG Powered by JNN,8Œg—p•ª‚Ì“d‹CEƒKƒX ’l‰º‚ª‚è,7/30(–Ø) 18:12,https://news.yahoo.co.jp/pickup/6589926,https://news.yahoo.co.jp/articles/b8d0d8e936ba165eff47615ec7d68fbf32f45c01,7/30(–Ø) 18:12
top-picks,“úƒeƒŒNEWS NNN,ƒCƒIƒ“ƒ‚[ƒ‹”š”­ €Ò‚Í7l‚É,7/30(–Ø) 18:02,https://news.yahoo.co.jp/pickup/6589917,https://news.yahoo.co.jp/articles/89b182e5af63b9a16ea914a5ddde18155c5d5609,7/30(–Ø) 18:02
top-picks,ƒeƒŒƒr’©“úŒniANNj,ƒpƒƒnƒ‰”F’è ‰¡•ls’·‚ªƒRƒƒ“ƒg,7/30(–Ø) 17:51,https://news.yahoo.co.jp/pickup/6589924,https://news.yahoo.co.jp/articles/adff0c8c0c5f80d5fb4989f3c0268bef13c7a908,7/30(–Ø) 17:51
top-picks,Yahoo!“V‹CEĞŠQ,ŒF–{ĞŠQƒ}ƒbƒv ‹‹…Š‚âq‹óÊ^,7/30(–Ø) 17:50,https://news.yahoo.co.jp/pickup/6589920,,7/30(–Ø) 17:50
top-picks,ABEMA TIMES,‚Ğ‚ë‚ä‚«‚Æò–[•ä V“}‚ğİ—§,7/30(–Ø) 17:49,https://news.yahoo.co.jp/pickup/6589923,https://news.yahoo.co.jp/articles/72a0212b733ef46fe95979a2e0fa8f59e6e1609f,7/30(–Ø) 17:49
top-picks,ƒXƒ|[ƒc•ñ’m,ƒJ[ƒvŠÄ“Â‚ªÓß ‘Iè‚É‰Æ‘î‘{õ,7/30(–Ø) 17:46,https://news.yahoo.co.jp/pickup/6589918,https://news.yahoo.co.jp/articles/56cde30c62f0aec8bcca2c2525c716c5bce8f52d,7/30(–Ø) 17:46
top-picks,FNNƒvƒ‰ƒCƒ€ƒIƒ“ƒ‰ƒCƒ“iƒtƒWƒeƒŒƒrŒnj,JALŒn•ÛŒ¯ƒTƒCƒg •ÛŒ¯‹Æ–@ˆá”½‚©,7/30(–Ø) 17:46,https://news.yahoo.co.jp/pickup/6589922,https://news.yahoo.co.jp/articles/e22688dceb0ae4961dd168b12ef37eb7c5a87a93,7/30(–Ø) 17:46
top-picks,AERA DIGITAL,”ğ“ï¶Šˆ‚Å‘Ì’²•s—Ç –h‚®‚½‚ß‚É‚Í,7/30(–Ø) 17:20,https://news.yahoo.co.jp/pickup/6589916,https://news.yahoo.co.jp/articles/b4d2c0ecebe55bae6e8bcc8d6d1b16902bd626d7,7/30(–Ø) 17:20
top-picks,TBS NEWS DIG Powered by JNN,“ü—H–‚ğx‰‡ –h‰qÈ‘D”•”hŒ­‚Ö,7/30(–Ø) 17:19,https://news.yahoo.co.jp/pickup/6589915,https://news.yahoo.co.jp/articles/2212f18b3941957c8583fa902dc8d60132518d5c,7/30(–Ø) 17:19
top-picks,ƒ`ƒ…[ƒŠƒbƒvƒeƒŒƒr,¢ŠEˆâY ›À‡¶‘¢‚èW—‚Å‰Î–,7/30(–Ø) 17:16,https://news.yahoo.co.jp/pickup/6589914,https://news.yahoo.co.jp/articles/67e0a6b363d392447fe233d313f93f1ac7fbdae3,7/30(–Ø) 17:16
top-picks,’©“úV•·,’nk”g‚Ìd‚È‚è‚Å—h‚ê‘•‚© •ªÍ,7/30(–Ø) 17:11,https://news.yahoo.co.jp/pickup/6589913,https://news.yahoo.co.jp/articles/28ec1f219eed43547922ff0cd277551266f9a76c,7/30(–Ø) 17:11
top-picks,’©“úV•·,‘‚ÆŒF–{Œ§‚Å€Ò”‚É· ‘‘¤à–¾,7/30(–Ø) 17:07,https://news.yahoo.co.jp/pickup/6589912,https://news.yahoo.co.jp/articles/d04cbb0446c70bc84c8e50cf5561ad4e81a855ec,7/30(–Ø) 17:07
top-picks,–’ÊM,’†‘uƒ|ƒPƒbƒg‚Éèv‚Ì‹Ç’· Œğ‘ã,7/30(–Ø) 16:50,https://news.yahoo.co.jp/pickup/6589911,https://news.yahoo.co.jp/articles/2be6b05dbd49b64e4250f18e5b4c33f379952819,7/30(–Ø) 16:50
top-picks,–ˆ“úV•·,¬Ÿº—Dq “}Å’²ƒCƒ“ƒi[‚ğ«”C,7/30(–Ø) 16:42,https://news.yahoo.co.jp/pickup/6589910,https://news.yahoo.co.jp/articles/ed62486194f6098cda17c8bca43ab4dc9b7194fe,7/30(–Ø) 16:42
top-picks,“ŒƒXƒ|WEB,–‹“à—DŸÜ‹à 2000–œ‰~‚É”{‘‚Ö,7/30(–Ø) 16:40,https://news.yahoo.co.jp/pickup/6589906,https://news.yahoo.co.jp/articles/31814177e53980f4ae30c4dfc15b26a56c061dc7,7/30(–Ø) 16:40
top-picks,ŒF–{ƒjƒ…[ƒX KAB ONLINE,ŒF–{’nk‚Ì€Ò34l‚É Œ§”­•\,7/30(–Ø) 16:31,https://news.yahoo.co.jp/pickup/6589909,https://news.yahoo.co.jp/articles/bea484fdaa1b7d095223006555fb325dd04921a2,7/30(–Ø) 16:31
top-picks,ƒIƒŠƒRƒ“,–öŠyå‰‰E‹ãğ‚Ì‘åß ‰f‰æ‰»Œˆ’è,7/30(–Ø) 16:30,https://news.yahoo.co.jp/pickup/6589908,https://news.yahoo.co.jp/articles/3a00ecc0968881f48c7db2430b64d56f7212cc46,7/30(–Ø) 16:30
top-picks,’†‘V•·ƒfƒWƒ^ƒ‹,ƒJ[ƒv–î–ìE‘Oì‘Iè‚É‰Æ‘î‘{õ,7/30(–Ø) 16:23,https://news.yahoo.co.jp/pickup/6589907,https://news.yahoo.co.jp/articles/ed4af31fdbde28325449a587d29ec43230ad30c0,7/30(–Ø) 16:23
top-picks,MBSƒjƒ…[ƒX,•Ó–ìŒÃ“]•¢ ‚È‚º–½¸‚í‚È‚¯‚ê‚Î,7/30(–Ø) 16:19,https://news.yahoo.co.jp/pickup/6589905,https://news.yahoo.co.jp/articles/ebc269c3de4c28138fcecde581cfffe51056391f,7/30(–Ø) 16:19
top-picks,tenki.jp,—§HŒã‚à“‹“ú‹°‚ê ‘ä•—‚É‚à’ˆÓ,7/30(–Ø) 16:13,https://news.yahoo.co.jp/pickup/6589904,https://news.yahoo.co.jp/articles/d029ca8661b07820c712680475c5c61a4e9fabda,7/30(–Ø) 16:13
top-picks,CHANTO WEB,NƒN[ƒ‹‚¨‚¶‚³‚ñ ”½‹¿‚É‚Ñ‚Á‚­‚è,7/30(–Ø) 15:55,https://news.yahoo.co.jp/pickup/6589903,https://news.yahoo.co.jp/articles/bc4592e821a9168693267bc2e257d359f89c3ce8,7/30(–Ø) 15:55
top-picks,–’ÊM,”ª‰¤qËE31”N V‚½‚ÉÊ^‚ğŒöŠJ,7/30(–Ø) 15:41,https://news.yahoo.co.jp/pickup/6589902,https://news.yahoo.co.jp/articles/3eff022a3f52f3746881f6e0debcb3bbdfa1e0dc,7/30(–Ø) 15:41
top-picks,ƒXƒ|ƒjƒ`ƒAƒlƒbƒNƒX,ƒ|ƒPƒ‚ƒ“ ŒF–{‚É1‰­‰~‚ÌŠñ•t•\–¾,7/30(–Ø) 15:35,https://news.yahoo.co.jp/pickup/6589901,https://news.yahoo.co.jp/articles/4149410f94e12ec77021991ec723905eba0d8d8a,7/30(–Ø) 15:35
top-picks,‹¤“¯’ÊM,‰Í–ì‘¾˜Y Á”ïŒ¸Å‚É”½‘Î•\–¾,7/30(–Ø) 15:21,https://news.yahoo.co.jp/pickup/6589899,https://news.yahoo.co.jp/articles/3ece86160b7fcc2053d4367f42e0306ee4d0f1b2,7/30(–Ø) 15:21
top-picks,‚ß‚´‚Ü‚µmedia,Rè—å“Ş ‘æ1q”DP‚ğ•ñ,7/30(–Ø) 15:17,https://news.yahoo.co.jp/pickup/6589900,https://news.yahoo.co.jp/articles/bd75adc3bde52731a4af8522ddfb775b73e21856,7/30(–Ø) 15:17
top-picks,ƒIƒŠƒRƒ“,ƒXƒ^ƒo ’nk“¥‚Ü‚¦ƒOƒbƒY”­”„‰„Šú,7/30(–Ø) 15:13,https://news.yahoo.co.jp/pickup/6589898,https://news.yahoo.co.jp/articles/9241a1d3c5b4c463b5c04bfdc488d214528ad1c2,7/30(–Ø) 15:13
top-picks,Impress Watch,’nk ƒf[ƒ^’ÊM‚È‚ÇŠeĞx‰‡ô,7/30(–Ø) 14:43,https://news.yahoo.co.jp/pickup/6589897,https://news.yahoo.co.jp/articles/eee345767936b5c65cf7918dd294cfd0e9308ce1,7/30(–Ø) 14:43
top-picks,_ŒËV•·NEXT,ŠO‘Š‚È‚Ç—ğ”C ¼–{„–¾‚ª€‹,7/30(–Ø) 14:31,https://news.yahoo.co.jp/pickup/6589896,https://news.yahoo.co.jp/articles/54661b1a867e658ae279241c8c764a6df6f85a89,7/30(–Ø) 14:31
top-picks,“Ç”„V•·ƒIƒ“ƒ‰ƒCƒ“,–hĞ‹’“_‚Å‘¶İŠ´ ƒCƒIƒ“‚ÉÕŒ‚,7/30(–Ø) 14:16,https://news.yahoo.co.jp/pickup/6589894,https://news.yahoo.co.jp/articles/8f948999d36d5c684425be1e9429428c2cc707c4,7/30(–Ø) 14:16
top-picks,TBS NEWS DIG Powered by JNN,ŒF–{’nk ŠÖ˜A’²¸’†ŠÜ‚ß30l€–S,7/30(–Ø) 14:12,https://news.yahoo.co.jp/pickup/6589895,https://news.yahoo.co.jp/articles/31a616a129bff3ad54efa654808927461f04f13b,7/30(–Ø) 14:12
top-picks,TBS NEWS DIG Powered by JNN,DMAT‚Ìˆãt ƒCƒIƒ“‘{õó‹µŒê‚é,7/30(–Ø) 14:08,https://news.yahoo.co.jp/pickup/6589893,https://news.yahoo.co.jp/articles/7f0307d8f4f0faffafcc99600b031f8103ac6612,7/30(–Ø) 14:08
top-picks,“Ç”„V•·ƒIƒ“ƒ‰ƒCƒ“,ƒCƒIƒ“ƒ‚[ƒ‹”š”­ €Ò‚ÍŒv6l‚É,7/30(–Ø) 13:40,https://news.yahoo.co.jp/pickup/6589892,https://news.yahoo.co.jp/articles/ef0722ef67bf11f7550b6be6a5696c291cf47628,7/30(–Ø) 13:40
top-picks,Bloomberg,ƒ\ƒj[G ƒ^ƒ€ƒƒ“‚É”ƒû’ñˆÄ,7/30(–Ø) 13:35,https://news.yahoo.co.jp/pickup/6589891,https://news.yahoo.co.jp/articles/2eab2fa165f9051e604300fb53fca5385e62630f,7/30(–Ø) 13:35
top-picks,ƒƒCƒ^[,BTS ƒOƒ‰ƒ~[Ü‚ÌVİ•”–å‚É”½”­,7/30(–Ø) 13:12,https://news.yahoo.co.jp/pickup/6589890,https://news.yahoo.co.jp/articles/76c8a0b7a6db033078ee77d30cdec40cbce7c14c,7/30(–Ø) 13:12
top-picks,SOCCER DIGEST Web,FIFA ƒAƒ‹ƒ[ƒ“ƒ`ƒ“’¦‰úè‘±‚«ŠJn,7/30(–Ø) 12:54,https://news.yahoo.co.jp/pickup/6589888,https://news.yahoo.co.jp/articles/394af480ca3aaf3a1c00e6f658aa0869bf85d626,7/30(–Ø) 12:54
top-picks,’©“úV•·,‰ÎĞ‚Å4ˆâ‘Ì 2l‚Í€Œã1ƒJŒ’´‚©,7/30(–Ø) 12:54,https://news.yahoo.co.jp/pickup/6589889,https://news.yahoo.co.jp/articles/97dddaf5340d68360c87763603aa5e8b8dad30a7,7/30(–Ø) 12:54
top-picks,Šâè‚ß‚ñ‚±‚¢ƒeƒŒƒr,ƒ_ƒ“ƒvƒJ[‚ªŒŠ‚É“]— ‰^“]è€–S,7/30(–Ø) 12:51,https://news.yahoo.co.jp/pickup/6589887,https://news.yahoo.co.jp/articles/6e94abd018d653935eee3b48299997e6a589b5cb,7/30(–Ø) 12:51
top-picks,TBS NEWS DIG Powered by JNN,–Ò‹‚ÌŒF–{ …‚È‚­Œû‚Ü‚¾ô‚¦‚¸,7/30(–Ø) 12:43,https://news.yahoo.co.jp/pickup/6589884,https://news.yahoo.co.jp/articles/b0a2a67419b162cd6cd02b71ccc104913dcebc45,7/30(–Ø) 12:43
top-picks,ƒƒCƒ^[,•Ä‘å“—Ì ƒCƒ‰ƒ“‚ÉuŒµ‚µ‚¢‘ÅŒ‚v,7/30(–Ø) 12:43,https://news.yahoo.co.jp/pickup/6589885,https://news.yahoo.co.jp/articles/a12439c5c6c93c956691a39f5a1bb43db149b8e9,7/30(–Ø) 12:43
top-picks,AP’ÊM,•ÄƒTƒEƒWŒR eƒCƒ‰ƒ“•‘•‘gD‹ó”š,7/30(–Ø) 12:31,https://news.yahoo.co.jp/pickup/6589879,https://news.yahoo.co.jp/articles/772072c4e148c2c9a2bb1caf9f7f26843131e26e,7/30(–Ø) 12:31
top-picks,“úƒeƒŒNEWS NNN,H—¿•i‚ÌÁ”ïÅ—¦1%•ûj ñ‘Š•\–¾,7/30(–Ø) 12:20,https://news.yahoo.co.jp/pickup/6589883,https://news.yahoo.co.jp/articles/3c9907c93f5bbba0982ec23132a493a921592a85,7/30(–Ø) 12:20
top-picks,ƒXƒ|[ƒc•ñ’m,ƒeƒBƒ‚ƒ“ƒfƒB‚ŠİGs —£¥‚ğ”­•\,7/30(–Ø) 12:20,https://news.yahoo.co.jp/pickup/6589881,https://news.yahoo.co.jp/articles/fc0af299cf5bbb729437108fe9b577a44d25fa23,7/30(–Ø) 12:20
top-picks,Media info not found,ĞŠQ‚Ìƒjƒ…[ƒX ‚Â‚ç‚¢l‚Ö,28“ú‚ÉŒF–{Œ§‚Å”­¶‚µ‚½Å‘åk“x7‚Ì’nkB,https://news.yahoo.co.jp/pickup/6589878,https://news.yahoo.co.jp/articles/e3206e8935b0097edba37bb4a1e47475d81aebed?page=1,7/30(–Ø) 12:09
top-picks,‹¤“¯’ÊM,27”N“xˆÈ~‚Ìà­ûx‚Í•š Z,7/30(–Ø) 12:05,https://news.yahoo.co.jp/pickup/6589880,https://news.yahoo.co.jp/articles/524c501b5bb636d6bfc8e430b83936d8e5b0b506,7/30(–Ø) 12:05
top-picks,–ˆ“úV•·,‰¡•ls’·‚Ìƒpƒƒnƒ‰”F’è ‘æOÒˆÏ,7/30(–Ø) 12:04,https://news.yahoo.co.jp/pickup/6589877,https://news.yahoo.co.jp/articles/6ac57ce2449b1b99136ff726b9c082b8b651ce7b,7/30(–Ø) 12:04
top-picks,ŒF–{“ú“úV•·,ƒGƒRƒmƒ~[ÇŒóŒQ —\–h‚Ìƒ|ƒCƒ“ƒg,7/30(–Ø) 12:01,https://news.yahoo.co.jp/pickup/6589876,https://news.yahoo.co.jp/articles/763dc0899b0e21e31495d55802de606c107085eb,7/30(–Ø) 12:01
top-picks,‹¤“¯’ÊM,ŠØ‘‘‰ï W”t”s‘Ş‚Å‘OŠÄ“Â‚ç’Ç‹y,7/30(–Ø) 11:57,https://news.yahoo.co.jp/pickup/6589873,https://news.yahoo.co.jp/articles/d9484f00c29876ac3af64294455a36ac344c023e,7/30(–Ø) 11:57
top-picks,ƒfƒCƒŠ[ƒXƒ|[ƒc,‘ºã@—²23† ‹N€‰ñ¶‚Ì“¯“_ƒ\ƒ,7/30(–Ø) 11:43,https://news.yahoo.co.jp/pickup/6589875,https://news.yahoo.co.jp/articles/e1739ad89bf8627932dc7e53429d0f957343775f,7/30(–Ø) 11:43
top-picks,RCC’†‘•ú‘—,L“‡GK‘å”— ˆÚĞ€”õ‚Ì‚½‚ß—£’E,7/30(–Ø) 11:30,https://news.yahoo.co.jp/pickup/6589869,https://news.yahoo.co.jp/articles/0399f998cc14242cb6a9d6ac1daca94e6eb978f1,7/30(–Ø) 11:30
top-picks,“Ç”„V•·ƒIƒ“ƒ‰ƒCƒ“,ŒF–{’nk ŠÖ˜A’²¸’†ŠÜ‚ß28l€–S,7/30(–Ø) 11:16,https://news.yahoo.co.jp/pickup/6589870,https://news.yahoo.co.jp/articles/d14ec9932e9cc099ebf7db29c31b72f2f4493e4d,7/30(–Ø) 11:16
top-picks,FNNƒvƒ‰ƒCƒ€ƒIƒ“ƒ‰ƒCƒ“iƒtƒWƒeƒŒƒrŒnj,Œğ’Ê‚âƒ‰ƒCƒtƒ‰ƒCƒ“‰e‹¿‘±‚­ ‹ãB,7/30(–Ø) 10:50,https://news.yahoo.co.jp/pickup/6589868,https://news.yahoo.co.jp/articles/4947e2dfaf7001684f5b8dac1dc836a305cd0544,7/30(–Ø) 10:50
top-picks,’©“úV•·,‘¾—zŒõ‚Å“ª’É ”]U‚Æ‚¤‚Å‘Ièˆø‘Ş,7/30(–Ø) 10:36,https://news.yahoo.co.jp/pickup/6589863,https://news.yahoo.co.jp/articles/84c94c026bcca49beaaee78779f1cd8cc302a36a,7/30(–Ø) 10:36
top-picks,–ˆ“úV•·,kŒ¹‚Ì’f‘w‚É‚Ü‚¾Š„‚êc‚è ’²¸ˆÏ,7/30(–Ø) 10:33,https://news.yahoo.co.jp/pickup/6589865,https://news.yahoo.co.jp/articles/32149277e737ecdcbbd2625fa2efe031ebf2ed39,7/30(–Ø) 10:33
top-picks,‹¤“¯’ÊM,•Ä‚ªƒCƒ‰ƒ“‹ó”š‚ğÄŠJ ‰VÄ”R‚©,7/30(–Ø) 10:28,https://news.yahoo.co.jp/pickup/6589864,https://news.yahoo.co.jp/articles/1b9642fa501c52e129d4b8bace9d494c508ddbf4,7/30(–Ø) 10:28
top-picks,ƒvƒŒƒWƒfƒ“ƒgƒIƒ“ƒ‰ƒCƒ“,ƒn[ƒQƒ“ƒ_ƒbƒc ’è”Ô¤•i‚Í“ú–{”­,7/30(–Ø) 10:19,https://news.yahoo.co.jp/pickup/6589859,https://news.yahoo.co.jp/articles/267a730d56086853b2f4242e5a17b8c3240fd2d2,7/30(–Ø) 10:19
top-picks,“Ç”„V•·ƒIƒ“ƒ‰ƒCƒ“,17l€–S6lS”x’â~ ŒF–{Œ§”­•\,7/30(–Ø) 10:02,https://news.yahoo.co.jp/pickup/6589860,https://news.yahoo.co.jp/articles/2a5071434f7ee3af7b6c13d55efe75e852596f09,7/30(–Ø) 10:02
top-picks,ƒeƒŒƒr’©“úŒniANNj,ƒJƒtƒF‰ÎĞ‚Å1l€–S “Œ‹E–Ú•,7/30(–Ø) 9:12,https://news.yahoo.co.jp/pickup/6589856,https://news.yahoo.co.jp/articles/f13ab810789bb311064f5900d3f3551ff649ae97,7/30(–Ø) 9:12
top-picks,ŒF–{“ú“úV•·,’nk‚Å‰Æ‚Â‚Ô‚ê‰º•~‚«‚É ‹~•“ïq,7/30(–Ø) 9:12,https://news.yahoo.co.jp/pickup/6589855,https://news.yahoo.co.jp/articles/2748966a8a95844bd908ca6602c22466aec00742,7/30(–Ø) 9:12
top-picks,ŠÖ¼ƒeƒŒƒr,ĞŠQŠÖ˜A€‚ğ–h‚®‚½‚ß‚É ¯Òw“E,7/30(–Ø) 8:51,https://news.yahoo.co.jp/pickup/6589854,https://news.yahoo.co.jp/articles/e929c8e87d1371ffefe5e90ae82f4297dcd725fc,7/30(–Ø) 8:51
top-picks,AERA DIGITAL,Œ‹¥‚ªl¶‚Ì•W€Œ`? ’PgÒ‚Ì¡,7/30(–Ø) 8:36,https://news.yahoo.co.jp/pickup/6589853,https://news.yahoo.co.jp/articles/6240cd1b7443305c91d855301b34c22374e1cff4,7/30(–Ø) 8:36
top-picks,Media info not found,ãŒ´ ƒsƒbƒ`ƒNƒƒbƒN“±“ü‚ÉŒ©‰ğ,@ƒvƒ–ì‹…12‹…’c‚ÌƒI[ƒi[‰ï‹c‚Æ‘Iè‰ï‚Ì‘ã•\Ò‚ç‚ª7Œ28“úA“Œ‹“s“à‚Å‰‚ß‚ÄŒö®‚È‰ï’k‚Ìê‚ÅAˆÓŒ©ŒğŠ·‚ğs‚Á‚½B,https://news.yahoo.co.jp/pickup/6589852,https://news.yahoo.co.jp/articles/d023828045ad6cedd0a1ed3c58022b0fef853c9e,7/30(–Ø) 8:28
top-picks,ƒeƒŒƒr’©“úŒniANNj,ŒF–{’nkó‚¯ Še‘ñ”]‚çƒRƒƒ“ƒg,7/30(–Ø) 7:55,https://news.yahoo.co.jp/pickup/6589851,https://news.yahoo.co.jp/articles/14d2a50fc2681e121df194f20ccc008357977104,7/30(–Ø) 7:55
top-picks,TBS NEWS DIG Powered by JNN,ŒF–{’nk3“ú–Ú‚Ì’© ‘±‚­‹~oŠˆ“®,7/30(–Ø) 7:53,https://news.yahoo.co.jp/pickup/6589850,https://news.yahoo.co.jp/articles/9139e1955af1d7d558e3de658823229b8231b79e,7/30(–Ø) 7:53
top-picks,TBS NEWS DIG Powered by JNN,4‹­“ü‚è îà‹´—•u‹ê‚µ‚©‚Á‚½v,7/30(–Ø) 7:31,https://news.yahoo.co.jp/pickup/6589848,https://news.yahoo.co.jp/articles/4cf3acda93cf9b11e39adde97fcd9faed1374b92,7/30(–Ø) 7:31
top-picks,ABCƒjƒ…[ƒX,ƒCƒIƒ“”š”­ ‚È‚º’nk‚Ì1ŠÔ”¼Œã,7/30(–Ø) 7:23,https://news.yahoo.co.jp/pickup/6589846,https://news.yahoo.co.jp/articles/a9281c44344dd949dedaf883f7d42afac5e73e46,7/30(–Ø) 7:23
top-picks,‹¤“¯’ÊM,˜I –k•û—Ì“y‚Ì“‡uƒ]ƒ‹ƒQv–½–¼‚Ö,7/30(–Ø) 7:22,https://news.yahoo.co.jp/pickup/6589847,https://news.yahoo.co.jp/articles/b65489beb756916a4a3dc998d32fb773fdea8183,7/30(–Ø) 7:22
top-picks,‹¤“¯’ÊM,ƒgƒ‰ƒ“ƒv ƒCƒ‰ƒ“‚É•ñ•œ‚ğ—\,7/30(–Ø) 6:54,https://news.yahoo.co.jp/pickup/6589845,https://news.yahoo.co.jp/articles/1b9642fa501c52e129d4b8bace9d494c508ddbf4,7/30(–Ø) 6:54
top-picks,TBS NEWS DIG Powered by JNN,–Ò‹“ú‘±o ŠÖ“Œ‚Í“V‹C‹}•Ï‚Ì‹°‚ê,7/30(–Ø) 6:47,https://news.yahoo.co.jp/pickup/6589844,https://news.yahoo.co.jp/articles/63b1b286713b8a794545df958514b713fd67718e,7/30(–Ø) 6:47
top-picks,–ˆ“úV•·,’×‚ê‚½1ŠK‚©‚çu‚±‚±[v’í‚ğ‹~o,7/30(–Ø) 6:28,https://news.yahoo.co.jp/pickup/6589843,https://news.yahoo.co.jp/articles/a4c51a4247796bc5a73343cea731e47d3cd6e7a2,7/30(–Ø) 6:28
top-picks,–ˆ“úV•·,ƒCƒIƒ“ŒF–{‚ÅÈ•s–¾ ˆÄ‚¸‚é•v‚Æq,7/30(–Ø) 6:19,https://news.yahoo.co.jp/pickup/6589842,https://news.yahoo.co.jp/articles/2a460cb4efdab107d774d3285b1ffb937e340a94,7/30(–Ø) 6:19
top-picks,ƒXƒ|ƒjƒ`ƒAƒlƒbƒNƒX,‰ª–{˜a^‚ª‘å–\‚ê 1‡3ˆÀ‘Å,7/30(–Ø) 6:07,https://news.yahoo.co.jp/pickup/6589841,https://news.yahoo.co.jp/articles/4e8d0c415f5e9e0952e84adc8a5b3569f3a77d1f,7/30(–Ø) 6:07
top-picks,tenki.jp,ŒF–{‚Åk“x4 ’Ã”g‚ÌS”z‚È‚µ,7/30(–Ø) 5:28,https://news.yahoo.co.jp/pickup/6589840,https://news.yahoo.co.jp/articles/3a7700920796c61de85f5c07541272aa19a6a930,7/30(–Ø) 5:28
top-picks,,’nkî•ñ,7/30(–Ø) 5:21,https://news.yahoo.co.jp/pickup/6588273,,7/30(–Ø) 5:21
top-picks,‹¤“¯’ÊM,•ÄFRB ­ô‹à—˜‚Ì˜‚¦’u‚«‚ğŒˆ’è,7/30(–Ø) 3:24,https://news.yahoo.co.jp/pickup/6589839,https://news.yahoo.co.jp/articles/5265f9d16ac18061145ce6d268b7631bcca99d33,7/30(–Ø) 3:24
top-picks,–ˆ“úV•·,”ğ“ïŠ‚Í—â–[‚ ‚é‹³ºŠˆ—p‚ğ ’Ê’m,7/29(…) 23:36,https://news.yahoo.co.jp/pickup/6589837,https://news.yahoo.co.jp/articles/bc2749fc5ca791d0d5da6c3d20a4458e8c8e6587,7/29(…) 23:36
top-picks,’©“úV•·,Œš‚Ä‘Ö‚¦‚½‚Î‚©‚è ”ª‘ãs’¡É‘¹,7/29(…) 23:17,https://news.yahoo.co.jp/pickup/6589835,https://news.yahoo.co.jp/articles/892fa8b29b7e0b1a35c315eac00b6045fbe1a701,7/29(…) 23:17
top-picks,ƒXƒ|ƒjƒ`ƒAƒlƒbƒNƒX,Œã“¡‘ñÀ‚ªŒ‹¥ ‘Š•û‚à’m‚ç‚¸â‹å,7/29(…) 22:41,https://news.yahoo.co.jp/pickup/6589829,https://news.yahoo.co.jp/articles/0c74d3bf11db00b17e11d073e9285ae2d6a87120,7/29(…) 22:41
top-picks,TBS NEWS DIG Powered by JNN,ƒoƒŒ[’jq€ŒˆŸio ’†‘‚ÉŸ—˜,7/29(…) 22:40,https://news.yahoo.co.jp/pickup/6589833,https://news.yahoo.co.jp/articles/8c6e8a8f744d569245a3a0d101209bb15f0e015d,7/29(…) 22:40
top-picks,ŒF–{“ú“úV•·,–Ò‹ ”ğ“ïŠ‚Å‚Í’E…Çó‚Ìl‚à,7/29(…) 22:39,https://news.yahoo.co.jp/pickup/6589828,https://news.yahoo.co.jp/articles/29dab44f450100ed28412fbdfc9814435ec31b44,7/29(…) 22:39
top-picks,TBS NEWS DIG Powered by JNN,ŒF–{Œ§‚Åk“x5ã ’Ã”gS”z‚È‚µ,7/29(…) 22:27,https://news.yahoo.co.jp/pickup/6589831,https://news.yahoo.co.jp/articles/3762161def0df8b3a4b1fe382ca59c96fead2b9c,7/29(…) 22:27
top-picks,,’nkî•ñ,7/29(…) 22:22,https://news.yahoo.co.jp/pickup/6586388,,7/29(…) 22:22
top-picks,“úƒeƒŒNEWS NNN,©“]Ô‚Ì’†Šw¶“]“| ÔÕ“Ë‚µ€–S,7/29(…) 22:00,https://news.yahoo.co.jp/pickup/6589827,https://news.yahoo.co.jp/articles/251214496e8f21c4d4b5ae9c300b73d30f2a6264,7/29(…) 22:00
top-picks,–’ÊM,ƒCƒIƒ“Ğ’·u”š”­‘z’è‚µ‚«‚ê‚¸v,7/29(…) 21:59,https://news.yahoo.co.jp/pickup/6589825,https://news.yahoo.co.jp/articles/fa3ac083326f2554f87fe1f44ee28baa3604d93e,7/29(…) 21:59
top-picks,‹¤“¯’ÊM,FIFA W”t‰^‰c’S‚¤q‰ïĞİ—§Œv‰æ,7/29(…) 21:56,https://news.yahoo.co.jp/pickup/6589826,https://news.yahoo.co.jp/articles/3fc2d49ab82c7e3fbfac8338b25f513a592b61e9,7/29(…) 21:56
top-picks,W‰pĞƒIƒ“ƒ‰ƒCƒ“,ƒNƒ}‚ğ“M€‚³‚¹‹ìœ ’¬‚Ì–î,7/29(…) 21:39,https://news.yahoo.co.jp/pickup/6589824,https://news.yahoo.co.jp/articles/0b374d90dd952816d38e813c5e5f7b2a2f3a6db2,7/29(…) 21:39
top-picks,ƒeƒŒƒr’©“úŒniANNj,ƒCƒIƒ“ƒ‚[ƒ‹”š”­–ŒÌ €Ò5l‚É,7/29(…) 21:15,https://news.yahoo.co.jp/pickup/6589822,https://news.yahoo.co.jp/articles/99dead711477b3f829d16734558899886a3fbdc3,7/29(…) 21:15
top-picks,–ˆ“úV•·,ŒF–{’nk –â‚í‚ê‚½uŠé‹Æ–hĞv,7/29(…) 20:59,https://news.yahoo.co.jp/pickup/6589821,https://news.yahoo.co.jp/articles/26f714a2fdd2c39b71488eeafd96c647f49760db,7/29(…) 20:59
top-picks,FBS•Ÿ‰ª•ú‘—,‹ãBVŠ²ü ”íŠQ‚Ì‘S—e‚Â‚©‚ß‚¸,7/29(…) 20:59,https://news.yahoo.co.jp/pickup/6589820,https://news.yahoo.co.jp/articles/64d69d8997e6242f352121e4878a9e9213a4d4e3,7/29(…) 20:59
top-picks,ƒeƒŒƒr’©“úŒniANNj,ƒCƒIƒ“ƒ‚[ƒ‹”š”­–ŒÌ €Ò4l‚É,7/29(…) 20:45,https://news.yahoo.co.jp/pickup/6589819,https://news.yahoo.co.jp/articles/13ceeadde03b6334e0fbfcd55c6ee89370e70789,7/29(…) 20:45
top-picks,ŒF–{“ú“úV•·,‚ª‚ê‚«‚©‚çu•‚¯‚Äv‹Ù”—‚Ì‹~•,7/29(…) 20:36,https://news.yahoo.co.jp/pickup/6589817,https://news.yahoo.co.jp/articles/3adfb1eac3ae4a8531e749a3bec8996e94d96f29,7/29(…) 20:36
top-picks,“úŠ§ƒXƒ|[ƒc,V¯‚ª“`à‚Ìu–{“vÄŒ» Š½º,7/29(…) 20:32,https://news.yahoo.co.jp/pickup/6589818,https://news.yahoo.co.jp/articles/b364361ea21a1b0063e7e6541a8ac347ff191ee8,7/29(…) 20:32
top-picks,ƒXƒ|[ƒcƒiƒr,‘¬•ñƒoƒŒ[’jq “ú–{vs’†‘,7/29(…) 20:29,https://news.yahoo.co.jp/pickup/6589814,https://news.yahoo.co.jp/articles/a62c2dc3542a045d4bed6bc1bbf185f53b037b63,7/29(…) 20:29
top-picks,TKUƒeƒŒƒrŒF–{,ŒF–{Œ§“à3–œŒË’´‚Å’â“d ’f…‚à,7/29(…) 20:23,https://news.yahoo.co.jp/pickup/6589816,https://news.yahoo.co.jp/articles/746da0d16cf2f4be59e8ab2c24abc454f8e47e58,7/29(…) 20:23
top-picks,ƒIƒŠƒRƒ“,lç“ªgEŒã“¡‘ñÀ‚ªŒ‹¥”­•\,7/29(…) 19:59,https://news.yahoo.co.jp/pickup/6589815,https://news.yahoo.co.jp/articles/19179df15b30c8410dca7444b2aaca19555f8269,7/29(…) 19:59
top-picks,ƒfƒCƒŠ[ƒXƒ|[ƒc,²“¡‹P–¾ HRƒ_[ƒr[‰—DŸ“¦‚·,7/29(…) 19:58,https://news.yahoo.co.jp/pickup/6589813,https://news.yahoo.co.jp/articles/ea58787f2b82dbe33bb76ce6af1ea88282fefe4a,7/29(…) 19:58
top-picks,tenki.jp,T––‚ÌŒF–{‚Í40”—‚é“‹‚© Œx‰ú,7/29(…) 19:44,https://news.yahoo.co.jp/pickup/6589811,https://news.yahoo.co.jp/articles/55f5ecc61273ee8a72a2a9dc68deeec68c93a311,7/29(…) 19:44
top-picks,YŒoV•·,NHK‰ï’· óM—¿‚Ì’lã‚°ŒŸ“¢‚¹‚¸,7/29(…) 19:37,https://news.yahoo.co.jp/pickup/6589810,https://news.yahoo.co.jp/articles/ba8399485f6e3cf8426316aed7e7bcf09fc4f626,7/29(…) 19:37
top-picks,–’ÊM,•ÄƒCƒXƒ‰ƒGƒ‹ñ”] ìí„‚èŒ„ŠÔ•—,7/29(…) 19:16,https://news.yahoo.co.jp/pickup/6589805,https://news.yahoo.co.jp/articles/de804d3cab4beb5d5c89df104b6e268273dd52bb,7/29(…) 19:16
top-picks,‚Ë‚Æ‚ç‚Ú,ƒCƒIƒ“”š”­ ”LƒJƒtƒF‚Ì‘S25•C‹~o,7/29(…) 19:06,https://news.yahoo.co.jp/pickup/6589806,https://news.yahoo.co.jp/articles/8345a492f4eabbee58418a281d65d9e731aba2ee,7/29(…) 19:06
top-picks,CNET Japan,ƒAƒbƒvƒ‹ •Ä‘‚ÅuƒŠ[ƒXv‚ğŠJn,7/29(…) 18:38,https://news.yahoo.co.jp/pickup/6589804,https://news.yahoo.co.jp/articles/af543357713f4464e00647ca4d7ed69d2b022187,7/29(…) 18:38
top-picks,ƒXƒ|[ƒcƒiƒr,‘¬•ñ ƒvƒ–ì‹…ƒI[ƒ‹ƒXƒ^[‘æ2í,7/29(…) 18:28,https://news.yahoo.co.jp/pickup/6589800,https://news.yahoo.co.jp/articles/d61b87d4cf5d4a4bd8438929365f0b80672bdcb4,7/29(…) 18:28
top-picks,’©“úV•·,”M’†Ç‚É’ˆÓ ”ğ“ï¶Šˆ‚Ìƒ|ƒCƒ“ƒg,7/29(…) 18:11,https://news.yahoo.co.jp/pickup/6589803,https://news.yahoo.co.jp/articles/6530691f2cf84dd8b629afe9c208a3195d64aaaf,7/29(…) 18:11
top-picks,ƒfƒCƒŠ[ƒXƒ|[ƒc,’†“úE‘å–ì ã_ƒ†ƒj‚Å‹…ê“ü‚è,7/29(…) 18:01,https://news.yahoo.co.jp/pickup/6589802,https://news.yahoo.co.jp/articles/fe41894545f6ca02f833c2440b52990560de9cef,7/29(…) 18:01
top-picks,ƒIƒŠƒRƒ“,‹âÀŒF–{ŠÙ‚És—ñ ˆÙ—á‚Ì“üê§ŒÀ,7/29(…) 17:44,https://news.yahoo.co.jp/pickup/6589792,https://news.yahoo.co.jp/articles/9ef42955c65a9084bdde2f8dcdbe628911d801aa,7/29(…) 17:44
top-picks,RCC’†‘•ú‘—,25”NL“‡‹­E 17Î‚É’¦–ğ20”N”»Œˆ,7/29(…) 17:41,https://news.yahoo.co.jp/pickup/6589796,https://news.yahoo.co.jp/articles/6396e2097623f39db7b0a0d71d5bd6c501622b57,7/29(…) 17:41
top-picks,’©“úV•·,”š”­ó‚¯ƒCƒIƒ“Ğ’· [‚­‚¨‚í‚Ñ,7/29(…) 17:38,https://news.yahoo.co.jp/pickup/6589795,https://news.yahoo.co.jp/articles/1d43eff23263edefe4a55d8e0167368d59664dd4,7/29(…) 17:38
top-picks,“Ç”„V•·ƒIƒ“ƒ‰ƒCƒ“,“ú–{llŒû1.2‰­lŠ„‚ê 42”N‚Ô‚è,7/29(…) 17:31,https://news.yahoo.co.jp/pickup/6589794,https://news.yahoo.co.jp/articles/cb62c5749ad5671cce8d1b1a7e94f75c90a8c67a,7/29(…) 17:31
top-picks,TBS NEWS DIG Powered by JNN,ƒCƒIƒ“ŒF–{‚Å€–S‚Ì3l‚Í]‹Æˆõ,7/29(…) 17:25,https://news.yahoo.co.jp/pickup/6589793,https://news.yahoo.co.jp/articles/46ce1a125cb8169832f97b9832ac4dbe115258e4,7/29(…) 17:25
top-picks,ŒF–{ƒjƒ…[ƒX KAB ONLINE,12l€–S6lS”x’â~ ŒF–{Œ§”­•\,7/29(…) 16:55,https://news.yahoo.co.jp/pickup/6589791,https://news.yahoo.co.jp/articles/9e6259c255263646d341900edd30429b99d0160a,7/29(…) 16:55
top-picks,FNNƒvƒ‰ƒCƒ€ƒIƒ“ƒ‰ƒCƒ“,’nkŒã ©–¯•Ÿ‰ªŒ§‹c‚çƒp[ƒeƒB[,7/29(…) 16:41,https://news.yahoo.co.jp/pickup/6589789,https://news.yahoo.co.jp/articles/d0aa85bba5a6fcf657f1b60ac15d6a115e51ff36,7/29(…) 16:41
top-picks,ƒXƒ|ƒjƒ`ƒAƒlƒbƒNƒX,ŒF–{’nk Œ|”\ƒCƒxƒ“ƒg‘ŠŸ‚¬’†~,7/29(…) 16:38,https://news.yahoo.co.jp/pickup/6589787,https://news.yahoo.co.jp/articles/76a923e2e0c3f1b466793723af5301441446b563,7/29(…) 16:38
top-picks,,’†Œp ”š”­–ŒÌó‚¯ƒCƒIƒ“Ğ’·‰ïŒ©,7/29(…) 16:32,https://news.yahoo.co.jp/pickup/6589790,,7/29(…) 16:32
top-picks,ƒƒCƒ^[,•Ä‘å“—Ì ƒE‘å“—Ì‚ç‚Æ‚Ì‰ï’k—ÇD,7/29(…) 16:30,https://news.yahoo.co.jp/pickup/6589788,https://news.yahoo.co.jp/articles/0d614fc330a237af4036428879fe7b543d10a94c,7/29(…) 16:30
top-picks,‹¤“¯’ÊM,¶•Û‹¦‰ï 3–œ7çl•ªî•ñ˜R‚¦‚¢‚©,7/29(…) 15:58,https://news.yahoo.co.jp/pickup/6589786,,7/29(…) 15:58
top-picks,NBC’·è•ú‘—,‰_å•Œ«Šx‚Ì—nŠâƒh[ƒ€ ˆê•”•ö—,7/29(…) 15:55,https://news.yahoo.co.jp/pickup/6589785,https://news.yahoo.co.jp/articles/87b7fa7e93737656dc2756e9e3be810d013460d4,7/29(…) 15:55
top-picks,–’ÊM,‘‚Ì–¼Ÿu¼•lŒ¬v’nk‚Å•ö‚ê‚é,7/29(…) 15:48,https://news.yahoo.co.jp/pickup/6589784,https://news.yahoo.co.jp/articles/42c3795fd372754531a8ac3fa535befc42f819ef,7/29(…) 15:48
top-picks,ƒƒCƒ^[,ƒlƒgƒtƒŠ ‰p‚Å‹’®ƒƒfƒBƒA1ˆÊ‚É,7/29(…) 15:40,https://news.yahoo.co.jp/pickup/6589783,https://news.yahoo.co.jp/articles/a3259eb924fb9a866b6bae2f9c0230df48e5c438,7/29(…) 15:40
top-picks,ƒXƒ|[ƒc•ñ’m,ã_‚É‘ÅŒ‚‚© X‰ºãÄ‘¾‚ª‹…‰ƒŒ‡ê,7/29(…) 15:21,https://news.yahoo.co.jp/pickup/6589782,https://news.yahoo.co.jp/articles/121c0fba860430a137e252080e3a04f2a5890bac,7/29(…) 15:21
top-picks,’©“úV•·,’r‘Ü—«hE €–S‚Ì’j‚ğ‘—Ş‘—ŒŸ,7/29(…) 15:02,https://news.yahoo.co.jp/pickup/6589780,https://news.yahoo.co.jp/articles/ccc68bc70a23863ecbae913a30946693844c3282,7/29(…) 15:02
top-picks,TBS NEWS DIG Powered by JNN,ƒCƒIƒ“”­•\ ]‹Æˆõ4l‚ªˆÀ”Û•s–¾,7/29(…) 14:37,https://news.yahoo.co.jp/pickup/6589779,https://news.yahoo.co.jp/articles/696d03dacaa62eecb488e27df77837682f184a56,7/29(…) 14:37
top-picks,TBS NEWS DIG Powered by JNN,ƒCƒIƒ“ƒ‚[ƒ‹ŒF–{‚Å3l€–S ñ‘Š,7/29(…) 14:36,https://news.yahoo.co.jp/pickup/6589778,https://news.yahoo.co.jp/articles/406eeb2172fc8a00b9acedeeb42c014137f94594,7/29(…) 14:36
top-picks,–ˆ“úV•·,•s“KØŠÖŒW‚ÌŒ³“Á‘{ŒŸ– ’¦‰ú–ÆE,7/29(…) 14:27,https://news.yahoo.co.jp/pickup/6589775,https://news.yahoo.co.jp/articles/5721e624a3ef257c3043b5fde7849a970f590750,7/29(…) 14:27
top-picks,–ˆ“úV•·,ŒF–{‚É”ğ“ïŠ465ƒJŠ –ñ1–œl”ğ“ï,7/29(…) 14:27,https://news.yahoo.co.jp/pickup/6589774,https://news.yahoo.co.jp/articles/ba07956bf5e37e24b60e4d11a5bf075dd6e02890,7/29(…) 14:27
top-picks,ƒeƒŒƒr’©“úŒniANNj,ƒCƒIƒ“”š”­ ƒ}ƒbƒn’´‚¦‚éÕŒ‚”g‚©,7/29(…) 14:19,https://news.yahoo.co.jp/pickup/6589772,https://news.yahoo.co.jp/articles/8834b0840c1199e3d1c1dbbad29aec910a0df1ea,7/29(…) 14:19
top-picks,ŒF–{ƒjƒ…[ƒX KAB ONLINE,”íĞ‚Ì•a‰@ [–é‚É127l“]‰@Œˆs,7/29(…) 14:12,https://news.yahoo.co.jp/pickup/6589773,https://news.yahoo.co.jp/articles/6fa711ff43ce2e731c044c5968f545f6e95f04bf,7/29(…) 14:12
top-picks,ŒF–{ƒjƒ…[ƒX KAB ONLINE,”íĞ‚Ì•a‰@ [–é‚ÉŠ³Ò‚Ì“]‰@Œˆs,7/29(…) 13:56,https://news.yahoo.co.jp/pickup/6589769,https://news.yahoo.co.jp/articles/6fa711ff43ce2e731c044c5968f545f6e95f04bf,7/29(…) 13:56
top-picks,ITmedia NEWS,ŒF–{‚Åu’Ê‚ê‚½“¹vƒgƒˆƒ^‚ªŒöŠJ,7/29(…) 13:47,https://news.yahoo.co.jp/pickup/6589770,https://news.yahoo.co.jp/articles/e8f95b4a9f594a349f97dbfe8d23da9e19a37ae6,7/29(…) 13:47
top-picks,‹¤“¯’ÊM,•Ûˆç{İ‚Å‚Ì–ŒÌ‚Í3130Œ 2025”N,7/29(…) 13:43,https://news.yahoo.co.jp/pickup/6589768,,7/29(…) 13:43
top-picks,ƒXƒ|ƒjƒ`ƒAƒlƒbƒNƒX,NHK ’nk•ñ“¹‚Åƒhƒ‰ƒ}‘ŠŸ‚¬‹x~,7/29(…) 13:42,https://news.yahoo.co.jp/pickup/6589771,https://news.yahoo.co.jp/articles/abc638adfac078d312dead331ebecf0786e67cd0,7/29(…) 13:42
top-picks,ƒTƒ“ƒPƒCƒXƒ|[ƒc,‘ºã@—² ŒÌ‹½v‚¢u‚·‚²‚­S”zv,7/29(…) 13:06,https://news.yahoo.co.jp/pickup/6589767,https://news.yahoo.co.jp/articles/22f780cf52550850e219d5d10c0122036358fca8,7/29(…) 13:06
top-picks,ƒXƒ|[ƒc•ñ’m,Gá—ÑŠyl ¼•‚ÉƒgƒŒ[ƒhˆÚĞ,7/29(…) 13:04,https://news.yahoo.co.jp/pickup/6589765,https://news.yahoo.co.jp/articles/3abceb63735210bf3e36efc177e36d2e888aad2f,7/29(…) 13:04
top-picks,’©“úV•·,ƒCƒIƒ“o‚½Œã‚É”š”­ ‹ŠE^‚Á”’,7/29(…) 12:58,https://news.yahoo.co.jp/pickup/6589764,https://news.yahoo.co.jp/articles/76e699eaca9926a7b358744428caadbd3722d15a,7/29(…) 12:58
top-picks,tenki.jp,‹ãBŠëŒ¯‚È‹‚³ …•ª‚â‰–•ª•â‹‹‚ğ,7/29(…) 12:56,https://news.yahoo.co.jp/pickup/6589766,https://news.yahoo.co.jp/articles/05d783633c948a17580d7ecd54ab2964d588c654,7/29(…) 12:56
top-picks,Media info not found,ĞŠQ‚ÌSNSƒfƒ}“Še Œ©‹É‚ß•û‚Í,ŒF–{’nk‚ÉŠÖ˜A‚µASNS‚Å‚Íƒfƒ}“Še‚ª‘½‚­‚È‚Á‚Ä‚¢‚Ü‚·B,https://news.yahoo.co.jp/pickup/6589762,https://news.yahoo.co.jp/articles/99f32ef6d5e011c9384c5bb3974ef9264f75369c,7/29(…) 12:40
top-picks,–ˆ“úV•·,©‘î‚Ì‰º•~‚«‚É ŒZ–S‚­‚µ’j«”ß’Q,7/29(…) 12:22,https://news.yahoo.co.jp/pickup/6589759,https://news.yahoo.co.jp/articles/56a83a991914f7257c1cdf42eb24b226967d0515,7/29(…) 12:22
top-picks,’©“úV•·,“ú–{—X­Œ³Ğˆõ û˜d‹^‚¢‘—Ş‘—ŒŸ,7/29(…) 12:15,https://news.yahoo.co.jp/pickup/6589757,https://news.yahoo.co.jp/articles/b4914a78ec3c0b8660b1c57d276144931bbe2dc6,7/29(…) 12:15
top-picks,Media info not found,00000JAPAN —˜—p‚Ì’ˆÓ“_,7Œ28“ú‚ÉŒF–{Œ§‚ÅÅ‘åk“x7‚Ì’nk‚ª”­¶‚µAKDDI‚âWi2Aƒ\ƒtƒgƒoƒ“ƒN‚ÍĞŠQ—p“ˆêSSIDu00000JAPANv‚ğ–³—¿ŠJ•ú‚µ‚½B”íĞ’n‚Å‰Æ‘°‚Æ‚Ì˜A—‚âî•ñûW‚ğx‚¦‚éd—v‚Èd‘g‚İ‚¾‚ªA‹Ù‹}‚Ì—˜•Ö«‚ğ—Dæ‚µ‚Ä‚¢‚é‚½‚ßA’Êí‚ÌŒöOWi-Fi‚Æ‚ÍˆÙ‚È‚é’ˆÓ“_‚à‚ ‚éBĞŠQ‚Í•sˆÀ‚âÅ‚è‚©‚ç—âÃ‚È”»’f‚ª“ï‚µ‚­‚È‚èA‚»‚ÌS—‚ğ‘_‚Á‚½ƒTƒCƒo[”Æß‚à‹N‚±‚è“¾‚éB–½‚ğç‚é’ÊMè’i‚¾‚©‚ç‚±‚»A‚»‚Ì“Á’¥‚ÆƒŠƒXƒN‚ğ³‚µ‚­—‰ğ‚µ‚½ã‚Å—˜—p‚·‚é‚±‚Æ‚ªd—v‚Å‚ ‚éB,https://news.yahoo.co.jp/pickup/6589761,https://news.yahoo.co.jp/articles/fa6640b1306ce0ff1da1e5200a5cb7ed37480557,7/29(…) 12:14
top-picks,–ˆ“úV•·,•s“KØŠÖŒW‚ÌŒ³“Á‘{ŒŸ– –ÆE‚Ö,7/29(…) 12:14,https://news.yahoo.co.jp/pickup/6589760,https://news.yahoo.co.jp/articles/62c8983d0362e047d0e6a6ebf31c5685b948900e,7/29(…) 12:14
top-picks,ƒƒCƒ^[,ƒyƒ‹[‘å“—Ì ƒPƒCƒR‚ªA”C,7/29(…) 12:04,https://news.yahoo.co.jp/pickup/6589758,https://news.yahoo.co.jp/articles/fe3ca1d7e9b95cb353d0b34d59abbccc665ac4ef,7/29(…) 12:04
top-picks,Media info not found,”ñíWi-Fi ‹U00000JAPAN’ˆÓ,7Œ28“ú‚ÉŒF–{Œ§‚ÅÅ‘åk“x7‚Ì’nk‚ª”­¶‚µAKDDI‚âWi2Aƒ\ƒtƒgƒoƒ“ƒN‚ÍĞŠQ—p“ˆêSSIDu00000JAPANv‚ğ–³—¿ŠJ•ú‚µ‚½B”íĞ’n‚Å‰Æ‘°‚Æ‚Ì˜A—‚âî•ñûW‚ğx‚¦‚éd—v‚Èd‘g‚İ‚¾‚ªA‹Ù‹}‚Ì—˜•Ö«‚ğ—Dæ‚µ‚Ä‚¢‚é‚½‚ßA’Êí‚ÌŒöOWi-Fi‚Æ‚ÍˆÙ‚È‚é’ˆÓ“_‚à‚ ‚éBĞŠQ‚Í•sˆÀ‚âÅ‚è‚©‚ç—âÃ‚È”»’f‚ª“ï‚µ‚­‚È‚èA‚»‚ÌS—‚ğ‘_‚Á‚½ƒTƒCƒo[”Æß‚à‹N‚±‚è“¾‚éB–½‚ğç‚é’ÊMè’i‚¾‚©‚ç‚±‚»A‚»‚Ì“Á’¥‚ÆƒŠƒXƒN‚ğ³‚µ‚­—‰ğ‚µ‚½ã‚Å—˜—p‚·‚é‚±‚Æ‚ªd—v‚Å‚ ‚éB,https://news.yahoo.co.jp/pickup/6589754,https://news.yahoo.co.jp/articles/fa6640b1306ce0ff1da1e5200a5cb7ed37480557,7/29(…) 11:57
top-picks,ƒeƒŒƒr’©“úŒniANNj,“à•”‰f‘œ ”š”­‚ÌƒCƒIƒ“ƒ‚[ƒ‹ŒF–{,7/29(…) 11:53,https://news.yahoo.co.jp/pickup/6589753,https://news.yahoo.co.jp/articles/7f0e0d6c18549044a54432cdc04d839f4bf49a7b,7/29(…) 11:53
top-picks,’©“úV•·,ŒF–{é‚Í—Õ‹x‰€ ÎŠ_28ƒJŠ•ö—,7/29(…) 11:48,https://news.yahoo.co.jp/pickup/6589747,https://news.yahoo.co.jp/articles/d9f3901595d3d998bb01360a7c343dcfb3d5e33b,7/29(…) 11:48
top-picks,Full-Count,‘å’J‚ª23† æ“ª‘ÅÒƒz[ƒ€ƒ‰ƒ“,7/29(…) 11:37,https://news.yahoo.co.jp/pickup/6589751,https://news.yahoo.co.jp/articles/253a7549c8efb700451f125eae731a0d45eda493,7/29(…) 11:37
top-picks,ƒeƒŒƒr’©“úŒniANNj,ŒF–{‚Å’nk 46‚Ìˆã—Ã‹@ŠÖ‚ª”íĞ,7/29(…) 11:33,https://news.yahoo.co.jp/pickup/6589749,https://news.yahoo.co.jp/articles/2c19a1083dac88f168aac4c0685753cd0bb48c4b,7/29(…) 11:33
top-picks,TBS NEWS DIG Powered by JNN,Å’á’À‹à‚Ì–ÚˆÀ ‹‹1176‰~‚ÉŒˆ’è,7/29(…) 11:26,https://news.yahoo.co.jp/pickup/6589750,https://news.yahoo.co.jp/articles/772fca562a8228cc9e359b1541fd28e9b3c89144,7/29(…) 11:26
top-picks,“Ç”„V•·ƒIƒ“ƒ‰ƒCƒ“,ŒF–{’nk ”¼“±‘Ì¶Y‚É‰e‹¿‹°‚ê‚à,7/29(…) 11:23,https://news.yahoo.co.jp/pickup/6589748,https://news.yahoo.co.jp/articles/46d2564e63e7985450847681e1bd3756a254bb2c,7/29(…) 11:23
top-picks,ƒIƒŠƒRƒ“,YOSHIKI ’nkó‚¯1000–œ‰~‚ğŠñ•t,7/29(…) 11:00,https://news.yahoo.co.jp/pickup/6589746,https://news.yahoo.co.jp/articles/f478eb77afc021bbc9dae64f6b1183e7f5708d6f,7/29(…) 11:00
top-picks,TBS CROSS DIG with Bloomberg,•ÄŒR ƒCƒ‰ƒ“‚Ìƒ~ƒTƒCƒ‹UŒ‚‚ğŒ}Œ‚,7/29(…) 10:55,https://news.yahoo.co.jp/pickup/6589745,https://news.yahoo.co.jp/articles/236117717861cefe30bc2b173a43b11ccb9847d8,7/29(…) 10:55
top-picks,–’ÊM,’â“d‚â”ğ“ïŠ ‘Ì‚ğ—â‚â‚·‚É‚Í,7/29(…) 10:41,https://news.yahoo.co.jp/pickup/6589743,https://news.yahoo.co.jp/articles/41212b0ee8899521275ab1416bae3ea282314876,7/29(…) 10:41
top-picks,FNNƒvƒ‰ƒCƒ€ƒIƒ“ƒ‰ƒCƒ“iƒtƒWƒeƒŒƒrŒnj,ŒF–{‚Å’nk ‚‘¬“¹˜Hã‰º‚É‚¸‚ê‚é,7/29(…) 10:36,https://news.yahoo.co.jp/pickup/6589744,https://news.yahoo.co.jp/articles/ce04ab11408ca6192e802e16acb5ceaea23e7be4,7/29(…) 10:36
top-picks,FNNƒvƒ‰ƒCƒ€ƒIƒ“ƒ‰ƒCƒ“iƒtƒWƒeƒŒƒrŒnj,’nk ñ‘Šu’²¸’†ŠÜ‚ß€Ò13lv,7/29(…) 10:26,https://news.yahoo.co.jp/pickup/6589741,https://news.yahoo.co.jp/articles/43e1976efe7ab99221584d55d0a0c9f66bc2d2f3,7/29(…) 10:26
top-picks,TBS NEWS DIG Powered by JNN,’nkŠÖ˜A’²¸’†ŠÜ‚ß€Ò13l ñ‘Š,7/29(…) 10:12,https://news.yahoo.co.jp/pickup/6589740,https://news.yahoo.co.jp/articles/1509a70766735c0047a9b76b9ed0a23b8d6731bd,7/29(…) 10:12
top-picks,Media info not found,ŒF–{‚ÅŠëŒ¯‚È‹‚³—\‘z ”M’†ÇŒx‰ú,7Œ28“úŒßŒã427•ª‚²‚ëAŒF–{Œ§ŒF–{’n•û‚Ì[‚³16km‚Åƒ}ƒOƒjƒ`ƒ…[ƒh7.1‚Ì’nk‚ª”­¶‚µ(b’è’l)AŒF–{Œ§‰Fés‚Æ•Xì’¬‚Åk“x7‚ğŠÏ‘ª‚µ‚Ü‚µ‚½B,https://news.yahoo.co.jp/pickup/6589736,https://news.yahoo.co.jp/articles/4ad4a274f70e772f67ed70b22aea32ae5219ad97,7/29(…) 9:25
top-picks,“úƒeƒŒNEWS NNN,ƒNƒŒ[ƒ“‰º•~‚«1l€–S Še’n”íŠQ,7/29(…) 9:08,https://news.yahoo.co.jp/pickup/6589735,https://news.yahoo.co.jp/articles/b560ca83efcb0d97f5cea14bedc49052ebb148a5,7/29(…) 9:08
top-picks,“Ç”„V•·ƒIƒ“ƒ‰ƒCƒ“,H•iÁ”ïÅ4Œ‚©‚ç1% ñ‘Šw¦‚Ö,7/29(…) 9:05,https://news.yahoo.co.jp/pickup/6589734,https://news.yahoo.co.jp/articles/87dbbb572b92ebec38fd04dc65637331ed2d1e4d,7/29(…) 9:05
top-picks,‹¤“¯’ÊM,ƒCƒIƒ“”š”­ €–S‚Ì2l‚Í20‘ã—«,7/29(…) 8:08,https://news.yahoo.co.jp/pickup/6589731,https://news.yahoo.co.jp/articles/c450d7e7878e395586c9bce4913e10180fecbb14,7/29(…) 8:08
top-picks,TBS NEWS DIG Powered by JNN,‰f‘œ ƒCƒIƒ“”š”­‚Ìƒhƒ‰ƒŒƒR,7/29(…) 7:37,https://news.yahoo.co.jp/pickup/6589727,https://news.yahoo.co.jp/articles/fa4fe79b5cd8c9bdd033225d2a94934ef8ac6138,7/29(…) 7:37
top-picks,ƒeƒŒƒr’©“úŒniANNj,ŒF–{‚Å’nk Å‘å84cm‚Ì’nŠk•Ï“®,7/29(…) 7:37,https://news.yahoo.co.jp/pickup/6589728,https://news.yahoo.co.jp/articles/e57dce653a6f1876dcebf0e3abdd5b3328a7b6f9,7/29(…) 7:37
top-picks,Yahoo!ƒŠƒAƒ‹ƒ^ƒCƒ€ŒŸõ,ŒF–{k“x7‚©‚çˆê–é Œ»’n‚ÌX“Še,7/29(…) 7:36,https://news.yahoo.co.jp/pickup/6589726,https://news.yahoo.co.jp/articles/c450d7e7878e395586c9bce4913e10180fecbb14,7/29(…) 7:36
top-picks,“Ç”„V•·ƒIƒ“ƒ‰ƒCƒ“,ŒF–{’nk ŠCŠOƒƒfƒBƒA‚ªˆêÄ‘¬•ñ,7/29(…) 7:11,https://news.yahoo.co.jp/pickup/6589725,https://news.yahoo.co.jp/articles/48506ef1555617071aec1deec9f6ab0f77edc122,7/29(…) 7:11
top-picks,–’ÊM,’nk ”ğ“ïÒ‚Í36s’¬‘º‚Å4700l’´,7/29(…) 6:49,https://news.yahoo.co.jp/pickup/6589723,https://news.yahoo.co.jp/articles/3de3804150bfe551c2c0ab0876485c36c35a4a62,7/29(…) 6:49
top-picks,¼“ú–{V•·me,ƒCƒIƒ“•ö— ’“Ôê‚É‚¢‚½‹LÒƒ‹ƒ|,7/29(…) 6:42,https://news.yahoo.co.jp/pickup/6589722,https://news.yahoo.co.jp/articles/5cf589219558e078dd5351ca3fd07baae06a4370,7/29(…) 6:42
top-picks,tenki.jp,ŒF–{Œµ‚µ‚¢‹‚³ ”M’†Ç‚Æ’nkŒx‰ú,7/29(…) 5:56,https://news.yahoo.co.jp/pickup/6589721,https://news.yahoo.co.jp/articles/e55ed44dfc7cdd739b6677dfd9f20c934117b5d0,7/29(…) 5:56
top-picks,“Ç”„V•·ƒIƒ“ƒ‰ƒCƒ“,’nk‚Å­•{ ƒvƒbƒVƒ…Œ^x‰‡“WŠJ‚Ö,7/29(…) 5:29,https://news.yahoo.co.jp/pickup/6589718,https://news.yahoo.co.jp/articles/9e86b57b8585c8d8160f4dd429113953483df59d,7/29(…) 5:29
top-picks,’©“úV•·,ƒCƒIƒ“ƒ‚[ƒ‹ 2l€–S1lS”x’â~,7/29(…) 5:21,https://news.yahoo.co.jp/pickup/6589719,https://news.yahoo.co.jp/articles/73b3ec550ced4d738723db87b4cfe2373b0304f3,7/29(…) 5:21
top-picks,YŒoV•·,ƒCƒIƒ“ƒ‚[ƒ‹ ƒKƒX˜R‚ê‚Ì‰Â”\«,7/29(…) 4:24,https://news.yahoo.co.jp/pickup/6589717,https://news.yahoo.co.jp/articles/0d8b668dadb91c1f3b6aa4f58fa5b64a72e6cd8c,7/29(…) 4:24
top-picks,’©“úV•·,ƒCƒIƒ“ƒ‚[ƒ‹ŒF–{ 2l‚Ì€–SŠm”F,7/29(…) 4:07,https://news.yahoo.co.jp/pickup/6589716,https://news.yahoo.co.jp/articles/73b3ec550ced4d738723db87b4cfe2373b0304f3,7/29(…) 4:07
top-picks,‹¤“¯’ÊM,ŒF–{Œ§17s’¬‘º‚Å–ñ14–œŒË’f…,7/29(…) 3:43,https://news.yahoo.co.jp/pickup/6589715,https://news.yahoo.co.jp/articles/cdabec2123f3a158072331f3051d23f21f2335a1,7/29(…) 3:43
top-picks,Yahoo!˜Hüî•ñ,’nk‰e‹¿ “S“¹‚âƒtƒ‰ƒCƒgî•ñ,7/29(…) 3:27,https://news.yahoo.co.jp/pickup/6589714,,7/29(…) 3:27
top-picks,ƒXƒ|[ƒc•ñ’m,‘ºã@—² ŒÌ‹½‚Ì’nkuS‹ê‚µ‚¢v,7/29(…) 2:52,https://news.yahoo.co.jp/pickup/6589712,https://news.yahoo.co.jp/articles/b15a0cee71a748f8e5525dd30f26f8af3b7a2eac,7/29(…) 2:52
top-picks,Oã—m,“d’r‚â’ÊM ƒXƒ}ƒz‚ÌĞŠQ‚Ì‘Îô,7/29(…) 2:27,https://news.yahoo.co.jp/pickup/6589711,,7/29(…) 2:27
top-picks,–ˆ“úV•·,^‰Ä‚Ì”ğ“ï¶Šˆ ‹C‚ğ‚Â‚¯‚é‚±‚Æ,7/29(…) 1:49,https://news.yahoo.co.jp/pickup/6589708,https://news.yahoo.co.jp/articles/67445b45d94ffa989bfa6a994e9bd4062a4df72a,7/29(…) 1:49
top-picks,–ˆ“úV•·,ƒCƒIƒ“ƒ‚[ƒ‹ŒF–{ 5l‚ğ‹~•,7/29(…) 1:28,https://news.yahoo.co.jp/pickup/6589707,https://news.yahoo.co.jp/articles/fb97049628781aa235558e75ddfe3088f55fa5a0,7/29(…) 1:28
top-picks,YŒoV•·,ƒCƒIƒ“ƒ‚[ƒ‹”š”­ LPƒKƒXŒ´ˆö‚©,7/29(…) 1:03,https://news.yahoo.co.jp/pickup/6589706,https://news.yahoo.co.jp/articles/0d8b668dadb91c1f3b6aa4f58fa5b64a72e6cd8c,7/29(…) 1:03
top-picks,TBS NEWS DIG Powered by JNN,“ú–{»†”ª‘ã 2lS”x’â~9l•s–¾,7/29(…) 0:43,https://news.yahoo.co.jp/pickup/6589705,https://news.yahoo.co.jp/articles/384cca77e5b9e33dc5ecb0e99f65905d88bb5f4e,7/29(…) 0:43
top-picks,“Ç”„V•·ƒIƒ“ƒ‰ƒCƒ“,ƒCƒIƒ“ƒ‚[ƒ‹ŒF–{ 10l˜A—‚Â‚©‚¸,7/29(…) 0:32,https://news.yahoo.co.jp/pickup/6589704,https://news.yahoo.co.jp/articles/db81912eb8af2ed4217002fb2918e5f110c3366c,7/29(…) 0:32
top-picks,TBS NEWS DIG Powered by JNN,‰Fé‘‡•a‰@ ˆêó‚¯“ü‚ê‚ğ’â~,7/28(‰Î) 23:27,https://news.yahoo.co.jp/pickup/6589703,,7/28(‰Î) 23:27
top-picks,“Ç”„V•·ƒIƒ“ƒ‰ƒCƒ“,‹ãB‚ÌŒğ’Ê–Ô‚âƒ‰ƒCƒtƒ‰ƒCƒ“ ‰e‹¿,7/28(‰Î) 22:31,https://news.yahoo.co.jp/pickup/6589702,https://news.yahoo.co.jp/articles/52bc66a9b8e1230d2ca021ceef9a91b52a07ff87,7/28(‰Î) 22:31
top-picks,“úƒeƒŒNEWS NNN,“ú–{»†‚Å—v‹~•u8l’ö“xvŒF–{,7/28(‰Î) 22:22,https://news.yahoo.co.jp/pickup/6589701,https://news.yahoo.co.jp/articles/7b542d7475f704baa9030509d247957145f3353b,7/28(‰Î) 22:22
top-picks,–ˆ“úV•·,“S“¹ŠeĞŒ©‡‚í‚¹ ‹A‘î¢“ïÒ‘±o,7/28(‰Î) 22:15,https://news.yahoo.co.jp/pickup/6589699,https://news.yahoo.co.jp/articles/e391a0f74003d897c34c3b50632aa82f4ece99b2,7/28(‰Î) 22:15
top-picks,“úƒeƒŒNEWS NNN,ƒCƒIƒ“ƒ‚[ƒ‹ŒF–{ 4l‚ğ‹~•,7/28(‰Î) 21:59,https://news.yahoo.co.jp/pickup/6589698,https://news.yahoo.co.jp/articles/e3e7f4ad65d78978ce14ef8f91b811feaf7ccaa6,7/28(‰Î) 21:59
top-picks,“úƒeƒŒNEWS NNN,“ú–{»†‚Å”l‚ªˆÀ”Û•s–¾‚© ŒF–{,7/28(‰Î) 21:54,https://news.yahoo.co.jp/pickup/6589697,https://news.yahoo.co.jp/articles/fccaa8e18330920c4868bc665ef9582c31f1eccd,7/28(‰Î) 21:54
top-picks,“Ç”„V•·ƒIƒ“ƒ‰ƒCƒ“,’nk ƒfƒ}‚â^‹U•s–¾‚Ìî•ñŠgU,7/28(‰Î) 21:41,https://news.yahoo.co.jp/pickup/6589696,https://news.yahoo.co.jp/articles/99f32ef6d5e011c9384c5bb3974ef9264f75369c,7/28(‰Î) 21:41
top-picks,ƒeƒŒƒr’©“úŒniANNj,ƒCƒIƒ“ƒ‚[ƒ‹ŒF–{20-30lˆÀ”Û•s–¾,7/28(‰Î) 21:32,https://news.yahoo.co.jp/pickup/6589695,https://news.yahoo.co.jp/articles/b7ce4bc66d46e80bc7a47d95d9fa94ffb9094861,7/28(‰Î) 21:32
top-picks,FNNƒvƒ‰ƒCƒ€ƒIƒ“ƒ‰ƒCƒ“iƒtƒWƒeƒŒƒrŒnj,’nk‚ÌƒCƒIƒ“ƒ‚[ƒ‹ ]‹ÆˆõŒê‚é,7/28(‰Î) 21:08,https://news.yahoo.co.jp/pickup/6589689,https://news.yahoo.co.jp/articles/2697b636ebe31be884955f0908b1cd94bc1d3d85,7/28(‰Î) 21:08
top-picks,Media info not found,ŒF–{Œ§‚Åk“x7 ÅVî•ñ‚Ü‚Æ‚ß,”íĞ’nA‹L˜^“I‚È“‹Œx‰ú@ƒzƒeƒ‹”ğ“ïAó‚¯•t‚¯ŠJn@‰¼İZ‘îŒšİ‚àEŒF–{’nk7“ú–Ú,https://news.yahoo.co.jp/pickup/6589694,https://news.yahoo.co.jp/articles/f8e2a126c5fbe2ed5367bc2fe153f0f48ccf4336,7/28(‰Î) 21:08
top-picks,FNNƒvƒ‰ƒCƒ€ƒIƒ“ƒ‰ƒCƒ“iƒtƒWƒeƒŒƒrŒnj,ƒCƒIƒ“ƒ‚[ƒ‹ŒF–{ •¡”l‚ª€–S‚©,7/28(‰Î) 21:00,https://news.yahoo.co.jp/pickup/6589690,https://news.yahoo.co.jp/articles/df455fa62cf62ad337c7f8ffae6923f6660d20c7,7/28(‰Î) 21:00
top-picks,–’ÊM,‘±‚­’nku•|‚¢v•sˆÀ•ø‚¦‚éZ–¯,7/28(‰Î) 20:58,https://news.yahoo.co.jp/pickup/6589691,https://news.yahoo.co.jp/articles/5b72e79483d70da44462a5a47e973b016e34bde9,7/28(‰Î) 20:58
top-picks,“úƒeƒŒNEWS NNN,‰Æ‰®ˆê•”“|‰ó‚µ—«•Â‚¶‚ß ŒF–{,7/28(‰Î) 20:45,https://news.yahoo.co.jp/pickup/6589688,,7/28(‰Î) 20:45
top-picks,Media info not found,’†ŒpE‹CÛ’¡‰ïŒ© ŒF–{‚Å’nk‘±‚­,”íĞ’nA‹L˜^“I‚È“‹Œx‰ú@ƒzƒeƒ‹”ğ“ïAó‚¯•t‚¯ŠJn@‰¼İZ‘îŒšİ‚àEŒF–{’nk7“ú–Ú,https://news.yahoo.co.jp/pickup/6589686,https://news.yahoo.co.jp/articles/f8e2a126c5fbe2ed5367bc2fe153f0f48ccf4336,7/28(‰Î) 20:29
top-picks,RKKŒF–{•ú‘—,ƒCƒIƒ“ƒ‚[ƒ‹ŒF–{•ö‰ó €Ò‘½”‚©,7/28(‰Î) 20:21,https://news.yahoo.co.jp/pickup/6589685,https://news.yahoo.co.jp/articles/61f8a862d14c9d1856a664b36427e0fe156c2a0e,7/28(‰Î) 20:21
top-picks,RKKŒF–{•ú‘—,•a‰@‰^‚Î‚ê‚½1l€–S ŒF–{‚Åk“x7,7/28(‰Î) 20:18,https://news.yahoo.co.jp/pickup/6589684,,7/28(‰Î) 20:18
top-picks,,“d‹CƒKƒX’â~ ˆÀ‘S—Dæ‚Å‚Ç‚¤‘Î‰,7/28(‰Î) 20:09,https://news.yahoo.co.jp/pickup/6583459,,7/28(‰Î) 20:09
top-picks,YŒoV•·,ŒF–{é‚ÅÎŠ_‚Ìˆê•”•ö— •œ‹ŒŒœ”O,7/28(‰Î) 20:01,https://news.yahoo.co.jp/pickup/6589680,https://news.yahoo.co.jp/articles/1cd9190c5850aad2d7fae1102d064208eca0797d,7/28(‰Î) 20:01
top-picks,RKKŒF–{•ú‘—,ƒCƒIƒ“ƒ‚[ƒ‹ŒF–{‚Å€Ò‘½” Œ§Œx,7/28(‰Î) 19:59,https://news.yahoo.co.jp/pickup/6589681,https://news.yahoo.co.jp/articles/61f8a862d14c9d1856a664b36427e0fe156c2a0e,7/28(‰Î) 19:59
top-picks,“úƒeƒŒNEWS NNN,‹CÛ’¡u—ß˜a8”NŒF–{’nkv‚Æ–½–¼,7/28(‰Î) 19:35,https://news.yahoo.co.jp/pickup/6589678,https://news.yahoo.co.jp/articles/ba5c347c46de9395404687cf149f7e67816e8adb,7/28(‰Î) 19:35
top-picks,NBC’·è•ú‘—,“‡Œ´s‚Ì”ûR‚ÅÎ–Ê•ö— ’nk‰e‹¿,7/28(‰Î) 19:22,https://news.yahoo.co.jp/pickup/6589677,https://news.yahoo.co.jp/articles/ce4976810aa22e7a52f18eb86a28555a4d8f9812,7/28(‰Î) 19:22
top-picks,TBS NEWS DIG Powered by JNN,ŒF–{•Xì’¬‚Ì•a‰@ 50lˆÈã‚¯‚ª,7/28(‰Î) 19:20,https://news.yahoo.co.jp/pickup/6589675,,7/28(‰Î) 19:20
top-picks,TBS NEWS DIG Powered by JNN,k“x7‚ÍŒF–{’nkŠ„‚êc‚è‚© ¯Ò,7/28(‰Î) 19:20,https://news.yahoo.co.jp/pickup/6589672,https://news.yahoo.co.jp/articles/31774f02ba10fb232908f1fc7148817fec5b3d45,7/28(‰Î) 19:20
top-picks,TBS NEWS DIG Powered by JNN,ƒCƒIƒ“ƒ‚[ƒ‹ŒF–{”š”­ •Â‚¶‚ß‚©,7/28(‰Î) 19:09,https://news.yahoo.co.jp/pickup/6589674,https://news.yahoo.co.jp/articles/769213095321e4c410ff05de84d47a691228144f,7/28(‰Î) 19:09
top-picks,ƒeƒŒƒr’©“úŒniANNj,ƒCƒIƒ“ƒ‚[ƒ‹ŒF–{‚Å”š”­‰¹ ’Ê•ñ,7/28(‰Î) 18:58,https://news.yahoo.co.jp/pickup/6589671,,7/28(‰Î) 18:58
top-picks,tenki.jp,”ğ“ï’†‚Ì”M’†ÇŒx‰ú ö‚µ‹‚³‘±‚­,7/28(‰Î) 18:51,https://news.yahoo.co.jp/pickup/6589666,https://news.yahoo.co.jp/articles/4b63c5519dd8cfe19d340d8c8e70aa00be4152ad,7/28(‰Î) 18:51
top-picks,‹¤“¯’ÊM,ŒF–{•Xì’¬‚Ì•a‰@ ‚¯‚ªl40lˆÈã,7/28(‰Î) 18:49,https://news.yahoo.co.jp/pickup/6589668,,7/28(‰Î) 18:49
top-picks,“Ç”„V•·ƒIƒ“ƒ‰ƒCƒ“,‚sñ‘Šug‚ğç‚és“®‚ğv,7/28(‰Î) 18:37,https://news.yahoo.co.jp/pickup/6589664,https://news.yahoo.co.jp/articles/82a40279f18cc58250e5fc39bd8eb5dd35cade6d,7/28(‰Î) 18:37
top-picks,YŒoV•·,‰Æ‰®“|‰ó12ŒE•Â‚¶‚ß4Œ ŒF–{,7/28(‰Î) 18:32,https://news.yahoo.co.jp/pickup/6589665,https://news.yahoo.co.jp/articles/5a3ec73f0e6c4e9c69ed8bc91b8b6484397f3938,7/28(‰Î) 18:32
top-picks,YŒoV•·,10”N‚Ô‚è‚Ì‹°•| ŒF–{P‚Á‚½k“x7,7/28(‰Î) 18:18,https://news.yahoo.co.jp/pickup/6589661,https://news.yahoo.co.jp/articles/32a3f848b03186f16d889b5034d82ec929dee580,7/28(‰Î) 18:18
top-picks,FNNƒvƒ‰ƒCƒ€ƒIƒ“ƒ‰ƒCƒ“iƒtƒWƒeƒŒƒrŒnj,’Ã”g’ˆÓ•ñ‚ğ‘S‚Ä‰ğœ ‹CÛ’¡,7/28(‰Î) 18:15,https://news.yahoo.co.jp/pickup/6589663,https://news.yahoo.co.jp/articles/fe4f2f21d283183221ab615014ca4160a8be7532,7/28(‰Î) 18:15
top-picks,FNNƒvƒ‰ƒCƒ€ƒIƒ“ƒ‰ƒCƒ“iƒtƒWƒeƒŒƒrŒnj,1TŠÔ’ö“x‚Ík“x7’ö“x‚Ì’nk’ˆÓ,7/28(‰Î) 18:11,https://news.yahoo.co.jp/pickup/6589662,https://news.yahoo.co.jp/articles/1f0b6dd0b8f8884ddea7f0d25b2e3c63c792846b,7/28(‰Î) 18:11
top-picks,Media info not found,ŒF–{Œ§‚Åk“x7 ÅVî•ñ‚Ü‚Æ‚ß,”íĞ’nA‹L˜^“I‚È“‹Œx‰ú@ƒzƒeƒ‹”ğ“ïAó‚¯•t‚¯ŠJn@‰¼İZ‘îŒšİ‚àEŒF–{’nk7“ú–Ú,https://news.yahoo.co.jp/pickup/6589656,https://news.yahoo.co.jp/articles/f8e2a126c5fbe2ed5367bc2fe153f0f48ccf4336,7/28(‰Î) 18:08
top-picks,“Ç”„V•·ƒIƒ“ƒ‰ƒCƒ“,ŒF–{é ÎŠ_‚ª•¡”‚ÌêŠ‚Å•ö‚ê‚é,7/28(‰Î) 18:00,https://news.yahoo.co.jp/pickup/6589659,https://news.yahoo.co.jp/articles/d33b96406c345148ee428cd99e8811a812fabcaa,7/28(‰Î) 18:00
top-picks,TBS NEWS DIG Powered by JNN,ŒF–{Œ§ ˆê•”ƒGƒŠƒA‚Å’ÊM‚Å‚«‚¸,7/28(‰Î) 17:56,https://news.yahoo.co.jp/pickup/6589657,,7/28(‰Î) 17:56
top-picks,–ˆ“úV•·,’Ã”g‚·‚Å‚É“’B‚© Å‘å1m—\‘z,7/28(‰Î) 17:44,https://news.yahoo.co.jp/pickup/6589655,https://news.yahoo.co.jp/articles/15d245a53fcfa706fc234344b315733b7509b96e,7/28(‰Î) 17:44
top-picks,FNNƒvƒ‰ƒCƒ€ƒIƒ“ƒ‰ƒCƒ“iƒtƒWƒeƒŒƒrŒnj,ŒF–{‚Åk“x7 ‰Fés“à2ƒJŠ‚Å‰ÎĞ,7/28(‰Î) 17:41,https://news.yahoo.co.jp/pickup/6589652,https://news.yahoo.co.jp/articles/4c45c6e8661e5b3d89b04f0a4fed411e15a31ff3,7/28(‰Î) 17:41
top-picks,–ˆ“úV•·,k“x7‚Ì40•ªŒã‚É5ã ’nk‚ª‘ŠŸ‚®,7/28(‰Î) 17:36,https://news.yahoo.co.jp/pickup/6589651,https://news.yahoo.co.jp/articles/35027d6cde88f314daf0ca1b703d83b55e4737e6,7/28(‰Î) 17:36
top-picks,’©“úV•·,ì“àEŒºŠCEˆÉ•û‚Ì3Œ´”­ˆÙí‚È‚µ,7/28(‰Î) 17:29,https://news.yahoo.co.jp/pickup/6589650,https://news.yahoo.co.jp/articles/32aec4a614acc8752ebf8f05d3d84d25f1721562,7/28(‰Î) 17:29
top-picks,Media info not found,’†ŒpE‹CÛ’¡‰ïŒ© ŒF–{Œ§‚Åk“x7,”íĞ’nA‹L˜^“I‚È“‹Œx‰ú@ƒzƒeƒ‹”ğ“ïAó‚¯•t‚¯ŠJn@‰¼İZ‘îŒšİ‚àEŒF–{’nk7“ú–Ú,https://news.yahoo.co.jp/pickup/6589649,https://news.yahoo.co.jp/articles/f8e2a126c5fbe2ed5367bc2fe153f0f48ccf4336,7/28(‰Î) 17:28
top-picks,‹¤“¯’ÊM,ŒF–{Œ§‚Åk“x7 ‚¯‚ªl•¡”‚©,7/28(‰Î) 17:28,https://news.yahoo.co.jp/pickup/6589648,https://news.yahoo.co.jp/articles/54beec78c6bd3cd6ba75974f17edf3aeac000e73,7/28(‰Î) 17:28
top-picks,,ĞŠQ SNSã‚Å‚Ìƒfƒ}‚È‚Ç‚É’ˆÓ,7/28(‰Î) 17:20,https://news.yahoo.co.jp/pickup/6589647,,7/28(‰Î) 17:20
top-picks,Yahoo!“V‹CEĞŠQ,ŒF–{‚È‚Ç‚Å’â“d ÅVî•ñ‚ğ’n}‚Å,7/28(‰Î) 17:18,https://news.yahoo.co.jp/pickup/6589646,,7/28(‰Î) 17:18
top-picks,Yahoo!˜Hüî•ñ,ŒF–{‚Åk“x7 “S“¹‚È‚Ç‚Ì‰^sî•ñ,7/28(‰Î) 17:14,https://news.yahoo.co.jp/pickup/6589642,,7/28(‰Î) 17:14
top-picks,“Ç”„V•·ƒIƒ“ƒ‰ƒCƒ“,—L–¾E”ª‘ãŠC‚ÉÅ‘å1m‚Ì’Ã”g—\‘z,7/28(‰Î) 17:10,https://news.yahoo.co.jp/pickup/6589643,https://news.yahoo.co.jp/articles/f8ed2bf3bbd3f48a2f4dc6a6d8e8122c00730e99,7/28(‰Î) 17:10
top-picks,TBS NEWS DIG Powered by JNN,l“I”íŠQî•ñ‚ÍŠm”F‚³‚ê‚¸ ŒF–{Œ§,7/28(‰Î) 17:10,https://news.yahoo.co.jp/pickup/6589645,,7/28(‰Î) 17:10
top-picks,Media info not found,ŒF–{Œ§‚Åk“x7 ÅVî•ñ‚Ü‚Æ‚ß,”íĞ’nA‹L˜^“I‚È“‹Œx‰ú@ƒzƒeƒ‹”ğ“ïAó‚¯•t‚¯ŠJn@‰¼İZ‘îŒšİ‚àEŒF–{’nk7“ú–Ú,https://news.yahoo.co.jp/pickup/6589641,https://news.yahoo.co.jp/articles/f8e2a126c5fbe2ed5367bc2fe153f0f48ccf4336,7/28(‰Î) 17:03
top-picks,“úƒeƒŒNEWS NNN,—L–¾E”ª‘ãŠC‚Ì’Ã”g“’B—\‘z,7/28(‰Î) 16:58,https://news.yahoo.co.jp/pickup/6589639,https://news.yahoo.co.jp/articles/5cd169b2d0ff05a0e6fa4c69ddcadc6e567843e8,7/28(‰Î) 16:58
top-picks,Yahoo!ƒŠƒAƒ‹ƒ^ƒCƒ€ŒŸõ,ŒF–{Œ§‚Åk“x7 Œ»’n‚ÌSNS“Še,7/28(‰Î) 16:54,https://news.yahoo.co.jp/pickup/6589640,https://news.yahoo.co.jp/articles/665f82e7d5b775fe4a99d7c9e8ccbdd6d3498579,7/28(‰Î) 16:54
top-picks,TBS NEWS DIG Powered by JNN,ŒF–{Œ§‚ÅÅ‘åk“x7 M7.1‚Æ„’è,7/28(‰Î) 16:44,https://news.yahoo.co.jp/pickup/6589637,https://news.yahoo.co.jp/articles/9895a50d04810ddbdce3f63b13af4efee50e510b,7/28(‰Î) 16:44
top-picks,RKKŒF–{•ú‘—,—L–¾E”ª‘ãŠC‚É’Ã”g’ˆÓ•ñ,7/28(‰Î) 16:40,https://news.yahoo.co.jp/pickup/6589636,https://news.yahoo.co.jp/articles/2ce0c6d7b2629eb5592a0426d805eb7e50f7e4e9,7/28(‰Î) 16:40
top-picks,FNNƒvƒ‰ƒCƒ€ƒIƒ“ƒ‰ƒCƒ“iƒtƒWƒeƒŒƒrŒnj,ŒF–{Œ§‚ÅÅ‘åk“x7‚Ì’nk,7/28(‰Î) 16:35,https://news.yahoo.co.jp/pickup/6589635,https://news.yahoo.co.jp/articles/96b98fc35c445ba178d1bb127c35d948d1fb1549,7/28(‰Î) 16:35
top-picks,,ˆÀ‘SŠm•Û‚ğ ’nk”­¶‚ÌNGs“®,7/28(‰Î) 16:34,https://news.yahoo.co.jp/pickup/6585808,,7/28(‰Î) 16:34
top-picks,FNNƒvƒ‰ƒCƒ€ƒIƒ“ƒ‰ƒCƒ“iƒtƒWƒeƒŒƒrŒnj,’Ã”g’ˆÓ•ñ ‚·‚®ŠCŠİ‚©‚ç—£‚ê‚Ä,7/28(‰Î) 16:30,https://news.yahoo.co.jp/pickup/6583388,,7/28(‰Î) 16:30
top-picks,,’nkî•ñ,7/28(‰Î) 16:29,https://news.yahoo.co.jp/pickup/6585940,,7/28(‰Î) 16:29
top-picks,“Ç”„V•·ƒIƒ“ƒ‰ƒCƒ“,Apple‰¿‘Šz ¢ŠEñˆÊ•Ô‚èç‚«,7/28(‰Î) 16:14,https://news.yahoo.co.jp/pickup/6589632,https://news.yahoo.co.jp/articles/5dc729dd81890f9d572b6b8b765eacdd277cd745,7/28(‰Î) 16:14
top-picks,‹¤“¯’ÊM,“ŒØ‘å•”½— I’l‚Í6–œ2364‰~,7/28(‰Î) 15:52,https://news.yahoo.co.jp/pickup/6589631,https://news.yahoo.co.jp/articles/790a05f3915aac746099639b5e8e1693b462f3b3,7/28(‰Î) 15:52
top-picks,ƒXƒ|[ƒc•ñ’m,‰Ä‚Ìbq‰€ 49‘ã•\Z‚ªo‚»‚ë‚¤,7/28(‰Î) 15:48,https://news.yahoo.co.jp/pickup/6589630,https://news.yahoo.co.jp/articles/feaf19e4bf2fe581486e458713a127f537f1054f,7/28(‰Î) 15:48
top-picks,CBCƒeƒŒƒr,‹‹H‚É‚Ë‚¶ •Ûˆçm‚ª“f‚«o‚³‚¹‚é,7/28(‰Î) 15:27,https://news.yahoo.co.jp/pickup/6589629,https://news.yahoo.co.jp/articles/728abfafec81ca4fb3c5fdfd3ddc3d24a8120e4c,7/28(‰Î) 15:27
top-picks,ƒeƒŒƒr’©“úŒniANNj,R‰Î–‚â‘ä•— ¢ŠE‚ÅˆÙí‹CÛ‚È‚º,7/28(‰Î) 15:13,https://news.yahoo.co.jp/pickup/6589628,https://news.yahoo.co.jp/articles/f63dad01ec0132d9b121cfbd3f8d4ea848a582f9,7/28(‰Î) 15:13
top-picks,Media info not found,’n•û‚ÌuŒğ’Ê‹ó”’v‚Ç‚¤‰ğÁ‚·‚é,@ƒoƒX‚â“S“¹‚ÌŒ¸•ÖAƒ^ƒNƒV[•s‘«‚ª‘±‚­uŒğ’Ê‹ó”’v‚ÍA’n•û‚Ì•é‚ç‚µ‚ğ•s•Ö‚É‚·‚é‚¾‚¯‚Ì–â‘è‚Å‚Í‚È‚¢B‘“yŒğ’ÊÈ‚ÌŒŸ“¢‚Å¦‚³‚ê‚½Z‚Å‚ÍA‚»‚ÌŒoÏEĞ‰ï“I‘¹¸‚Í”NŠÔ–ñ10’›‰~‚É‹y‚Ô‰Â”\«‚ª‚ ‚é‚Æ‚¢‚¤B“­‚«·‚è¢‘ã‚ª‰Æ‘°‚Ì‘—Œ}‚ÉŠÔ‚ğæ‚ç‚êA”ƒ‚¢•¨‚âŠÏŒõ‚Ì‹@‰ï‚à¸‚í‚ê‚éBlŒûŒ¸­‚ªi‚Ş“ú–{‚Å‚ÍAŒğ’Ê­ô‚Í‚à‚Í‚âƒCƒ“ƒtƒ‰®”õ‚Å‚Í‚È‚­A’nˆæŒoÏ‚ğx‚¦‚éY‹Æ­ô‚Æ‚µ‚Äl‚¦‚é‘ã‚É“ü‚Á‚½B,https://news.yahoo.co.jp/pickup/6589617,https://news.yahoo.co.jp/articles/c22a0146e0beb75ee4f22c38a649702118cbf136,7/28(‰Î) 14:53
top-picks,Media info not found,¼•‚ªˆóog“Šè‚Æˆç¬Œ_–ñ ‚È‚º,@–ì‹…“rã‘‚Ì‘IèŠl“¾í—ª‚Éğ”N‚©‚çæ‚èo‚µ‚Ä‚¢‚é¼•‚ÍA27“úANPB‰‚Æ‚È‚éƒCƒ“ƒhog‘Iè‚Æˆç¬Œ_–ñ‚ğŒğ‚í‚µ‚½‚±‚Æ‚ğ”­•\‚µ‚½B22Î‚ÌƒAƒNƒVƒƒƒCEƒ‚[ƒŒ“Šè‚Í194ƒZƒ“ƒ`A88ƒLƒ‚Ì‘åŒ^‰E˜rB_“¹‚ÌƒCƒ“ƒh‘S‘‘å‰ï‚Å€—DŸ‚·‚é‚È‚ÇˆÙF‚ÌŒo—ğ‚ğ‚ÂB,https://news.yahoo.co.jp/pickup/6589625,https://news.yahoo.co.jp/articles/b0ebc58d45989b5e346a72b1a70f830a75f777ea,7/28(‰Î) 14:44
top-picks,Yahoo!ƒŠƒAƒ‹ƒ^ƒCƒ€ŒŸõ,”Â“Œ‰p“ñ‚³‚ñ€‹ SNS‚Ì”½‰,7/28(‰Î) 14:37,https://news.yahoo.co.jp/pickup/6589627,https://news.yahoo.co.jp/articles/d220a2a52460848c3a8436a8ecdb65d536abee4f,7/28(‰Î) 14:37
top-picks,“Ç”„V•·ƒIƒ“ƒ‰ƒCƒ“,q‚ÌSNS—˜—p‚É”N—î§ŒÀ ‹c˜_‚Ö,7/28(‰Î) 14:27,https://news.yahoo.co.jp/pickup/6589626,https://news.yahoo.co.jp/articles/ceabd5f7cc5f3f8dc27187c297c27fb5442dfaf1,7/28(‰Î) 14:27
top-picks,ƒXƒ|ƒjƒ`ƒAƒlƒbƒNƒX,”Â“Œ‰p“ñ‚³‚ñ€‹ ƒNƒCƒY”Ô‘gl‹C,7/28(‰Î) 14:12,https://news.yahoo.co.jp/pickup/6589624,https://news.yahoo.co.jp/articles/104d34cbde931ff3e2a3ad2f66979be137df38a6,7/28(‰Î) 14:12
top-picks,ƒXƒ|ƒjƒ`ƒAƒlƒbƒNƒX,”Â“Œ‚³‚ñ€‹ bq‰€‚Å”X‚Ì‹L˜^,7/28(‰Î) 14:08,https://news.yahoo.co.jp/pickup/6589623,https://news.yahoo.co.jp/articles/cd729793e52cff37f72155eeab219f23528d32e2,7/28(‰Î) 14:08
top-picks,–ˆ“úV•·,“ŒŠC‚Å‚àƒ}ƒ“ƒVƒ‡ƒ“C‘U’k‡‹^‚¢,7/28(‰Î) 13:46,https://news.yahoo.co.jp/pickup/6589620,https://news.yahoo.co.jp/articles/db7ebe498670693f86c9b80a86b27d7709cfe04d,7/28(‰Î) 13:46
top-picks,‹¤“¯’ÊM,—L‚ÅtˆÚA‚ ‚Á‚¹‚ñ‹^‚¢ Ä‘ß•ß,7/28(‰Î) 13:44,https://news.yahoo.co.jp/pickup/6589615,,7/28(‰Î) 13:44
top-picks,ƒeƒŒƒr’©“úŒniANNj,”Â“Œ‰p“ñ‚³‚ñ€‹ 86Î,7/28(‰Î) 13:16,https://news.yahoo.co.jp/pickup/6589619,https://news.yahoo.co.jp/articles/60b7042d93abff279e7a483df469c29edf12865d,7/28(‰Î) 13:16
top-picks,ƒXƒ|[ƒc•ñ’m,—š³Ğ16“¾“_‚Åˆ³“|V 7í66“¾“_,7/28(‰Î) 13:04,https://news.yahoo.co.jp/pickup/6589618,https://news.yahoo.co.jp/articles/20f7b461e9abceeb005ab8b603cea6fc6316fc2c,7/28(‰Î) 13:04
top-picks,ƒIƒŠƒRƒ“,MR‹v”üq ƒVƒ“ƒKƒ|[ƒ‹ˆÚZ•ñ,7/28(‰Î) 12:35,https://news.yahoo.co.jp/pickup/6589612,https://news.yahoo.co.jp/articles/c553ac2d3e56f9223d1a10161aa75886553afe13,7/28(‰Î) 12:35
top-picks,ŒF–{“ú“úV•·,˜VŒã‚ÉÅ‚èu‚¨‚Ğ‚Æ‚è‚³‚Üv–{‰¹,7/28(‰Î) 12:28,https://news.yahoo.co.jp/pickup/6589611,https://news.yahoo.co.jp/articles/afc421e1b642c0774666dea859871b469fd56289,7/28(‰Î) 12:28
top-picks,ƒXƒ|[ƒcƒiƒr,‘¬•ñE‚Z–ì‹… –¥–ÊŠw‰€vs—š³Ğ,7/28(‰Î) 12:09,https://news.yahoo.co.jp/pickup/6589610,https://news.yahoo.co.jp/articles/4a1b05ec8aed11bd1d3f3bf789e1ff2595a0c979,7/28(‰Î) 12:09
top-picks,ƒ_ƒCƒ„ƒ‚ƒ“ƒhEƒIƒ“ƒ‰ƒCƒ“,BYD‚ª“ú–{‚ÅŒyEV À¿100–œ‰~‘ä,7/28(‰Î) 12:04,https://news.yahoo.co.jp/pickup/6589608,https://news.yahoo.co.jp/articles/86451bc3daffdf5d9c4f73e0f125ec71dbd83858,7/28(‰Î) 12:04
top-picks,TBS NEWS DIG Powered by JNN,VIVANTu•Ê”ÇvÀİ‚¹‚¸‚Æ¬ò,7/28(‰Î) 12:02,https://news.yahoo.co.jp/pickup/6589609,https://news.yahoo.co.jp/articles/a03d33429093e7e278e75d0c846120f73f210ad6,7/28(‰Î) 12:02
top-picks,“Ç”„V•·ƒIƒ“ƒ‰ƒCƒ“,‰ÎĞ‚Åˆê‰Æ4l€–S ”ß‚µ‚Ş“¯‹‰¶,7/28(‰Î) 11:59,https://news.yahoo.co.jp/pickup/6589607,https://news.yahoo.co.jp/articles/23252d48e55e093220452e34b379c0814e64e7e7,7/28(‰Î) 11:59
top-picks,ƒƒCƒ^[,‘˜A‚Å•§”­Œ¾’† •Ä‘ã•\’c‚ª‘ŞÈ,7/28(‰Î) 11:46,https://news.yahoo.co.jp/pickup/6589606,https://news.yahoo.co.jp/articles/8d710b1eb0320c906a78df2094e536721e718089,7/28(‰Î) 11:46
top-picks,“úƒeƒŒNEWS NNN,n•¨‚Å—«3l‚ªP‚í‚ê‚é ƒpƒŠ,7/28(‰Î) 11:33,https://news.yahoo.co.jp/pickup/6589602,https://news.yahoo.co.jp/articles/c0ac4190c25e845f0c06ea8502f8f40571921945,7/28(‰Î) 11:33
top-picks,ƒ`ƒeƒŒi–¼ŒÃ‰®ƒeƒŒƒrj,“¥Ø‚ÅƒVƒjƒAƒJ[‚Æ—ñÔÕ“Ë d‘Ì,7/28(‰Î) 11:26,https://news.yahoo.co.jp/pickup/6589603,https://news.yahoo.co.jp/articles/9eadde7fc57f9844346054e24feee57c404679e0,7/28(‰Î) 11:26
top-picks,TBS NEWS DIG Powered by JNN,“úŒo•½‹Ï ˆê3000‰~ˆÈã’l‰º‚ª‚è,7/28(‰Î) 11:25,https://news.yahoo.co.jp/pickup/6589604,https://news.yahoo.co.jp/articles/c3fe95c05da6cb38c9da4f1c849cd38fdbe06b72,7/28(‰Î) 11:25
top-picks,•Ÿ“‡’†‰›ƒeƒŒƒr,‘ŠŸ‚®•v‚Ì“]‹Î ’Ç‚¢‹l‚ß‚ç‚ê‚½È,7/28(‰Î) 11:22,https://news.yahoo.co.jp/pickup/6589599,https://news.yahoo.co.jp/articles/06b2131677d76ac53c8da4606d4d3e6939dea145,7/28(‰Î) 11:22
top-picks,ƒEƒFƒU[ƒ}ƒbƒv,“Œ“ú–{E“Œ–k Œƒ‚µ‚¢—‹‰J‚Ì‚¨‚»‚ê,7/28(‰Î) 11:22,https://news.yahoo.co.jp/pickup/6589600,https://news.yahoo.co.jp/articles/652d0333dfd97d52b8ade25159001a9567557ffd,7/28(‰Î) 11:22
top-picks,FNNƒvƒ‰ƒCƒ€ƒIƒ“ƒ‰ƒCƒ“iƒtƒWƒeƒŒƒrŒnj,‚–Ø”ü”¿‚É‘–¯‰h—_Ü ³®Œˆ’è,7/28(‰Î) 11:21,https://news.yahoo.co.jp/pickup/6589605,https://news.yahoo.co.jp/articles/cc5b18c1e98734fb4322616842a88dd2da148427,7/28(‰Î) 11:21
top-picks,FNNƒvƒ‰ƒCƒ€ƒIƒ“ƒ‰ƒCƒ“iƒtƒWƒeƒŒƒrŒnj,‚–Ø”ü”¿‚É‘–¯‰h—_Ü8/4•\²®,7/28(‰Î) 11:02,https://news.yahoo.co.jp/pickup/6589597,https://news.yahoo.co.jp/articles/cc5b18c1e98734fb4322616842a88dd2da148427,7/28(‰Î) 11:02
top-picks,ENCOUNT,NiziUERIOŠˆ“®‹x~ “––Ê8l‘Ì§,7/28(‰Î) 10:58,https://news.yahoo.co.jp/pickup/6589596,https://news.yahoo.co.jp/articles/ecce070d9f9aed668351af361e5e9da881e2f66a,7/28(‰Î) 10:58
top-picks,–’ÊM,‘Y•Äù—v‚ª‰ß‹Å’á —A“ü‚ª‹}‘,7/28(‰Î) 10:51,https://news.yahoo.co.jp/pickup/6589595,,7/28(‰Î) 10:51
top-picks,“Œ—mŒoÏƒIƒ“ƒ‰ƒCƒ“,4‹Ê‚Ü‚Å“¯ˆê‰¿Ši ‚¤‚Ç‚ñ“X‚Ìí—ª,7/28(‰Î) 10:18,https://news.yahoo.co.jp/pickup/6589593,https://news.yahoo.co.jp/articles/2cbc455a8c8f89b478aabb5d90ad5b62a1f1f676,7/28(‰Î) 10:18
top-picks,“ú–{”_‹ÆV•·,‘Š ‚èuƒGƒ“ƒ^ƒ‰»v‚ÅlŞŠm•Û,7/28(‰Î) 10:17,https://news.yahoo.co.jp/pickup/6589594,https://news.yahoo.co.jp/articles/059bfe83cc3274b33f3061717b3f9dbee7b916fe,7/28(‰Î) 10:17
top-picks,TBS NEWS DIG Powered by JNN,•§‚ÌR‰Î– Á–hm‘«‚è‚¸Z–¯Á‰Î,7/28(‰Î) 10:17,https://news.yahoo.co.jp/pickup/6589591,https://news.yahoo.co.jp/articles/d7ee3368c766b013652ba78f69906ebb3b4b7e18,7/28(‰Î) 10:17
top-picks,ƒXƒ|[ƒc•ñ’m,ˆø‘ŞŒˆˆÓ‚Ì‹ÑD Œ¨‚à˜‚à•G‚à’É‚¢,7/28(‰Î) 10:04,https://news.yahoo.co.jp/pickup/6589592,https://news.yahoo.co.jp/articles/e684d08a4238c9b6ad186487b84526c57a16c986,7/28(‰Î) 10:04
top-picks,FOOTBALL ZONE,W”tÅ—DG’e‚ÍƒJ[ƒ{ƒxƒ‹ƒfDF,7/28(‰Î) 9:47,https://news.yahoo.co.jp/pickup/6589587,https://news.yahoo.co.jp/articles/30bc8f654ad1b9cacd3f3dc246ef8f8555e47d2e,7/28(‰Î) 9:47
top-picks,TBS NEWS DIG Powered by JNN,“úŒo•½‹Ï ˆê2500‰~ˆÈã’l‰º‚ª‚è,7/28(‰Î) 9:38,https://news.yahoo.co.jp/pickup/6589590,https://news.yahoo.co.jp/articles/c3fe95c05da6cb38c9da4f1c849cd38fdbe06b72,7/28(‰Î) 9:38
top-picks,—®‹…V•ñ,‰Ä‚Ìg—t? ‰«“ê‚ÌR‚ªÔ‚­õ‚Ü‚é,7/28(‰Î) 9:38,https://news.yahoo.co.jp/pickup/6589585,https://news.yahoo.co.jp/articles/625889e061987f8202425d4b68dd48ef14edfd78,7/28(‰Î) 9:38
top-picks,YŒoV•·,•Ä‘å“—Ì Œˆ—ô‚È‚çÄ‚ÑƒCƒ‰ƒ“UŒ‚,7/28(‰Î) 9:37,https://news.yahoo.co.jp/pickup/6589586,https://news.yahoo.co.jp/articles/53f37bac3dcad5767d8125af1941b15f5d1e4a65,7/28(‰Î) 9:37
top-picks,“úƒeƒŒNEWS NNN,“¡Œ´—³–çuŠçƒŒƒ^ƒXv’S“–Òv‚¢,7/28(‰Î) 9:34,https://news.yahoo.co.jp/pickup/6589588,https://news.yahoo.co.jp/articles/d2b839e5cf1575149f30124cc3ba7a5e6914ba87,7/28(‰Î) 9:34
top-picks,TBS NEWS DIG Powered by JNN,“úŒo•½‹Ï ˆê2000‰~ˆÈã’l‰º‚ª‚è,7/28(‰Î) 9:22,https://news.yahoo.co.jp/pickup/6589589,https://news.yahoo.co.jp/articles/c3fe95c05da6cb38c9da4f1c849cd38fdbe06b72,7/28(‰Î) 9:22
top-picks,STVƒjƒ…[ƒX–kŠC“¹,’†Šw¶‚© ©“]Ô‚Í‚Ë‚ç‚êˆÓ¯•s–¾,7/28(‰Î) 8:54,https://news.yahoo.co.jp/pickup/6589584,https://news.yahoo.co.jp/articles/fffea98dcdb58931c28d102cf3ea1d67e012d213,7/28(‰Î) 8:54
top-picks,“Ç”„ƒeƒŒƒr,‹“s•{u‘•óvƒƒP’nw“ü‚Ö ^”Û,7/28(‰Î) 8:47,https://news.yahoo.co.jp/pickup/6589581,https://news.yahoo.co.jp/articles/392a8e655823ccc0dfb20f543c64dbcdfa5dfe5e,7/28(‰Î) 8:47
top-picks,“Ç”„V•·ƒIƒ“ƒ‰ƒCƒ“,H•iÁ”ïÅ1% ‰Û‘è‚Ìæ‘—‚è–Ú—§‚Â,7/28(‰Î) 8:45,https://news.yahoo.co.jp/pickup/6589583,https://news.yahoo.co.jp/articles/cb68716bcf91f685d655d53c5694daf86a7be943,7/28(‰Î) 8:45
top-picks,NEWSƒ|ƒXƒgƒZƒuƒ“,5Îˆâ‘Ì ‹q‘«–ß‚ç‚ÊŒ»ê‰·ò{İ,7/28(‰Î) 8:44,https://news.yahoo.co.jp/pickup/6589582,https://news.yahoo.co.jp/articles/50053797d892f9fda579e2b71d66e9f6a4e1aff8,7/28(‰Î) 8:44
top-picks,“úŠ§ƒXƒ|[ƒc,ƒJƒ‰ƒeƒJ–î•”Œ´ì‰f‰æ‚ÉŸNˆäãÄ‚ç,7/28(‰Î) 8:35,https://news.yahoo.co.jp/pickup/6589580,https://news.yahoo.co.jp/articles/73634d8f8d4940e3dab479d150c252d1de3e43d9,7/28(‰Î) 8:35
top-picks,‹¤“¯’ÊM,•Ä‚Ìu–ƒ–ò‘DvUŒ‚ Œø‰ÊŒÀ’è“I‚©,7/28(‰Î) 8:33,https://news.yahoo.co.jp/pickup/6589578,,7/28(‰Î) 8:33
top-picks,–’ÊM,uƒZƒNƒXƒg[ƒVƒ‡ƒ“v‘Š’k‚ª‹}‘,7/28(‰Î) 8:20,https://news.yahoo.co.jp/pickup/6589577,,7/28(‰Î) 8:20
top-picks,tenki.jp,¼“ú–{‚Å–Ò—ó‚È‹‚³ ”M’†Ç‚ÉŒx‰ú,7/28(‰Î) 8:12,https://news.yahoo.co.jp/pickup/6589573,https://news.yahoo.co.jp/articles/d359a3f76bea68f86820b6ffe7e835689571ed62,7/28(‰Î) 8:12
top-picks,’©“úV•·,ˆÀ•Û–Ú“I‚Ì’ÊM–Tó ©–¯‚ª’ñŒ¾‚Ö,7/28(‰Î) 7:57,https://news.yahoo.co.jp/pickup/6589575,https://news.yahoo.co.jp/articles/f2429bd5eaa3400fc0c1552a2270b1f2fa02eb8b,7/28(‰Î) 7:57
top-picks,FNNƒvƒ‰ƒCƒ€ƒIƒ“ƒ‰ƒCƒ“,‰®ª‚Él ‘åãE“V_Õ‚Å–À˜fsˆ×,7/28(‰Î) 7:52,https://news.yahoo.co.jp/pickup/6589571,https://news.yahoo.co.jp/articles/bc12796bc39f2c55e47f0ff6689151c13e63bb8f,7/28(‰Î) 7:52
top-picks,‹¤“¯’ÊM,W”t‰^‰c‚ğ©^ FIFA‰ï’·‚ªº–¾,7/28(‰Î) 7:51,https://news.yahoo.co.jp/pickup/6589574,https://news.yahoo.co.jp/articles/bada62d84f1ac186c045d41b509d37030c2f546c,7/28(‰Î) 7:51
top-picks,–ˆ“úV•·,ƒvƒ‹ƒfƒ“ƒVƒƒƒ‹ ¬‰Êå‹`Œ©’¼‚µ‚Ö,7/28(‰Î) 7:42,https://news.yahoo.co.jp/pickup/6589569,https://news.yahoo.co.jp/articles/f2093eb5f74650cb1642b159770dcbea3b99ef94,7/28(‰Î) 7:42
top-picks,“úŠ§ƒXƒ|[ƒc,“Œ–ìŒ\Œá‚³‚ñ ””N‘O‚©‚ç‘Ì’²•ö‚·,7/28(‰Î) 7:36,https://news.yahoo.co.jp/pickup/6589572,https://news.yahoo.co.jp/articles/84253b5661ffdb8d10571a9feb1965a574ad59e6,7/28(‰Î) 7:36
top-picks,Media info not found,‰f‰æ‚¿‚¢‚©‚íu•|‚³v‰‰o‚É–‚«,w‰f‰æ‚¿‚¢‚©‚í l‹›‚Ì“‡‚Ì‚Ğ‚İ‚Âx‚ªŒöŠJ3“úŠÔ‚Å‹»sû“ü22.4‰­‰~‚ğ“Ë”jA“®ˆõ150–œl’´‚Æ‚¢‚¤DƒXƒ^[ƒg‚ğØ‚è‚Ü‚µ‚½Bã‰f‰ñ”‚à“s“àå—vŠÙ‚Å‚Íg•\h‚ÆŒÄ‚Î‚ê‚é‚Ù‚Ç‘½‚­AŒ€ê‘¤‚ÌŠú‘Ò‚Ì‘å‚«‚³‚ª‚¤‚©‚ª‚¦‚Ü‚·B‚»‚ÌŒ©‚İ‚Ç‚¨‚èA–È‚Ì‰ñ‚à–Ú—§‚Â‚Æ‚Ì•ñ‚à‚ ‚è‚Ü‚·B,https://news.yahoo.co.jp/pickup/6589570,https://news.yahoo.co.jp/articles/a8536cf1cfbae5b74fb59818d017c903254f10c4,7/28(‰Î) 7:33
top-picks,ƒXƒ|[ƒc•ñ’m,â–{—El ‹…‰ƒ‚Åu‘IèŒ“wŠöŠ¯v,7/28(‰Î) 7:24,https://news.yahoo.co.jp/pickup/6589568,https://news.yahoo.co.jp/articles/d861ab36409175c29d1593ac8c235cbaae794125,7/28(‰Î) 7:24
top-picks,ƒXƒ|[ƒc•ñ’m,‹ÑD ‘åâ‚Æ‘S•Ä¬‡ƒ_ƒuƒ‹ƒXoê,7/28(‰Î) 7:22,https://news.yahoo.co.jp/pickup/6589567,https://news.yahoo.co.jp/articles/a17aec350928ddbde84863acebaa8b1a6f09d46b,7/28(‰Î) 7:22
top-picks,“úŠ§ƒXƒ|[ƒc,“Œ–ìŒ\Œá‚³‚ñ ¡”N‰‚ß‚É‚ÍÔ‚¢‚·,7/28(‰Î) 7:19,https://news.yahoo.co.jp/pickup/6589566,https://news.yahoo.co.jp/articles/84253b5661ffdb8d10571a9feb1965a574ad59e6,7/28(‰Î) 7:19
top-picks,ƒƒCƒ^[,ƒgƒ‰ƒ“ƒv FRB‚É—˜‰º‚°‚ğ—v‹,7/28(‰Î) 6:51,https://news.yahoo.co.jp/pickup/6589565,https://news.yahoo.co.jp/articles/52105d3f5753dd1341cb88520ef98b21826e56de,7/28(‰Î) 6:51
top-picks,ŠÖ¼ƒeƒŒƒr,Ô‚ÆÕ“Ë ƒ~ƒjƒoƒCƒN‚Ì‚Z¶€–S,7/28(‰Î) 6:34,https://news.yahoo.co.jp/pickup/6589564,https://news.yahoo.co.jp/articles/b50a191f20fa9f9e640c08c42882e853e8c82336,7/28(‰Î) 6:34
top-picks,ƒXƒ|ƒjƒ`ƒAƒlƒbƒNƒX,“Œ–ìŒ\Œá‚³‚ñ€‹ 41”N‚Å106û,7/28(‰Î) 6:10,https://news.yahoo.co.jp/pickup/6589562,https://news.yahoo.co.jp/articles/bc69807cd5fa273d4d0c031e12fac33ddbcb71c4,7/28(‰Î) 6:10
top-picks,ƒIƒŠƒRƒ“,Ô¯Œ›L50Î‚Åƒpƒp‚É È‚ÉŠ´Ó,7/28(‰Î) 0:01,https://news.yahoo.co.jp/pickup/6589561,https://news.yahoo.co.jp/articles/1c86892aef3397b82b9496bd07d17fc95af9c2cd,7/28(‰Î) 0:01
