ctgry,media_jp,title_pickup,title_articles,link_pickup,link_articles,date_original
top-picks,読売新聞オンライン,篠山輝信さん 事務所との裁判語る,8/17(月) 11:03,https://news.yahoo.co.jp/pickup/6592036,https://news.yahoo.co.jp/articles/0815c7af7c31cbc0d1d3a9ff22a15a3baa1cbedd,8/17(月) 11:03
top-picks,中国新聞デジタル,岩国のシロヘビ 1年間で281匹死ぬ,8/17(月) 10:13,https://news.yahoo.co.jp/pickup/6592033,https://news.yahoo.co.jp/articles/d3a3dd27d5e98d9b566c9d090b627324f49d5705,8/17(月) 10:13
top-picks,朝日新聞,トミー・ジョン氏死去 手術の由来,8/17(月) 10:03,https://news.yahoo.co.jp/pickup/6592031,https://news.yahoo.co.jp/articles/dfa7886b2a4eed4f61e3afcb20ce69a97a979b7d,8/17(月) 10:03
top-picks,共同通信,米韓が軍事演習開始 北朝鮮は反発,8/17(月) 10:00,https://news.yahoo.co.jp/pickup/6592032,https://news.yahoo.co.jp/articles/7e1c32ab622dce02c02f3bdcd7f7258412538cbd,8/17(月) 10:00
top-picks,デイリースポーツ,大谷悔しさあらわ 好機で痛恨併殺,8/17(月) 9:34,https://news.yahoo.co.jp/pickup/6592029,https://news.yahoo.co.jp/articles/742e89d87f2829aa3412355b6ecd868d7511f8f4,8/17(月) 9:34
top-picks,TBS NEWS DIG Powered by JNN,4-6月期の実質GDP 3期連続プラス,8/17(月) 9:15,https://news.yahoo.co.jp/pickup/6592026,,8/17(月) 9:15
top-picks,tenki.jp,各地で厳しい残暑 熱中症に注意,8/17(月) 9:15,https://news.yahoo.co.jp/pickup/6592027,https://news.yahoo.co.jp/articles/4142106406c9c339e2c003d8336084fc571a0fa2,8/17(月) 9:15
top-picks,TNCテレビ西日本,マンホールの蓋複数飛ぶ 民家破損,8/17(月) 8:59,https://news.yahoo.co.jp/pickup/6592025,https://news.yahoo.co.jp/articles/88e4443a9a032d3bea6275c333905a688f542845,8/17(月) 8:59
top-picks,デイリースポーツ,大谷が好機で痛恨併殺 天を仰ぐ,8/17(月) 8:52,https://news.yahoo.co.jp/pickup/6592024,https://news.yahoo.co.jp/articles/742e89d87f2829aa3412355b6ecd868d7511f8f4,8/17(月) 8:52
top-picks,オリコン,永野芽郁 元キャバ嬢役で主演,8/17(月) 8:34,https://news.yahoo.co.jp/pickup/6592022,https://news.yahoo.co.jp/articles/a36783b29f6ada9da5b93d5d1fa24090247b0891,8/17(月) 8:34
top-picks,FNNプライムオンライン（フジテレビ系）,豪雨で放置車両 撤去見通し立たず,8/17(月) 8:29,https://news.yahoo.co.jp/pickup/6592023,,8/17(月) 8:29
top-picks,時事通信,大戸屋HD社長 海外出店を加速,8/17(月) 8:14,https://news.yahoo.co.jp/pickup/6592019,https://news.yahoo.co.jp/articles/a15db407ed957240596f82d4ec363a324b3731a7,8/17(月) 8:14
top-picks,MBSニュース,遊泳区域外で泳ぎ練習中 溺れ死亡,8/17(月) 7:59,https://news.yahoo.co.jp/pickup/6592020,https://news.yahoo.co.jp/articles/eb44a8054bbf448b757792ad41d07270737023dd,8/17(月) 7:59
top-picks,読売新聞オンライン,介護保険証とマイナ 一体化を促進,8/17(月) 7:39,https://news.yahoo.co.jp/pickup/6592015,https://news.yahoo.co.jp/articles/83719095eb312643fda5855681fd0652012b680b,8/17(月) 7:39
top-picks,スポーツ報知,剛力彩芽 事務所名イジりに笑顔,8/17(月) 7:38,https://news.yahoo.co.jp/pickup/6592016,https://news.yahoo.co.jp/articles/0083aff5534980ee421d6ef62d12b2967def73d1,8/17(月) 7:38
top-picks,毎日新聞,石綿除去に免許制 日本は未導入,8/17(月) 7:29,https://news.yahoo.co.jp/pickup/6592013,https://news.yahoo.co.jp/articles/b1e6a9fa0eaa02c041daf5af20faf0d1d9dcb6ef,8/17(月) 7:29
top-picks,朝日新聞,福岡県議長 自民会派相談役外れる,8/17(月) 7:26,https://news.yahoo.co.jp/pickup/6592014,https://news.yahoo.co.jp/articles/2762bc7c0a790a4ab2c7386cf939ffe1212fab81,8/17(月) 7:26
top-picks,テレビ朝日系（ANN）,トランプ氏 米韓軍事演習縮小指示,8/17(月) 7:20,https://news.yahoo.co.jp/pickup/6592012,,8/17(月) 7:20
top-picks,スポーツ報知,トミー・ジョン氏死去 MLB発表,8/17(月) 6:58,https://news.yahoo.co.jp/pickup/6592011,https://news.yahoo.co.jp/articles/d257b7447ef6055ecb3f5cd8cb90abcae9b7e225,8/17(月) 6:58
top-picks,FNNプライムオンライン（フジテレビ系）,福岡県で震度4 津波の心配なし,8/17(月) 6:43,https://news.yahoo.co.jp/pickup/6592009,https://news.yahoo.co.jp/articles/ca0abc6a8f9eeae95522cb522c89ab62621c14a0,8/17(月) 6:43
top-picks,,地震情報,8/17(月) 6:40,https://news.yahoo.co.jp/pickup/6591051,,8/17(月) 6:40
top-picks,SOCCER DIGEST Web,Cロナウド 今季終了後の引退示唆,8/17(月) 6:24,https://news.yahoo.co.jp/pickup/6592008,https://news.yahoo.co.jp/articles/4849902c62911720e7144c5b71ee74ddaffcebd7,8/17(月) 6:24
top-picks,スポニチアネックス,村上宗隆が28号2ラン 快進撃主役,8/17(月) 6:09,https://news.yahoo.co.jp/pickup/6592007,https://news.yahoo.co.jp/articles/39d717252384991f3e3fd207d9d89d225227d173,8/17(月) 6:09
top-picks,読売新聞オンライン,オープンAI 経営幹部が相次ぎ退社,8/17(月) 0:00,https://news.yahoo.co.jp/pickup/6592006,https://news.yahoo.co.jp/articles/b12c70eea1870fe6d19b036884a06ae0c00729ef,8/17(月) 0:00
top-picks,KBC九州朝日放送,マンホールの蓋飛ぶ 虫駆除原因か,8/16(日) 23:47,https://news.yahoo.co.jp/pickup/6592005,https://news.yahoo.co.jp/articles/c66390e7c11a07dc11c613192c925781afacca30,8/16(日) 23:47
top-picks,毎日新聞,霞ケ浦選手へ横浜選手水渡す 拍手,8/16(日) 23:18,https://news.yahoo.co.jp/pickup/6592004,https://news.yahoo.co.jp/articles/2e4a09691a3a02f3b540708c4d89429ad4c2611a,8/16(日) 23:18
top-picks,スポニチアネックス,韓国に2連勝 河村勇輝が大暴れ,8/16(日) 23:06,https://news.yahoo.co.jp/pickup/6592003,https://news.yahoo.co.jp/articles/e66851e975bc23cb1be99c8e202b614178707162,8/16(日) 23:06
top-picks,ＡＦＰ＝時事,ドローン600機 露首都に向け飛行,8/16(日) 23:01,https://news.yahoo.co.jp/pickup/6592002,https://news.yahoo.co.jp/articles/bb82f19defbe48306cc86e958e40685353d3e6b8,8/16(日) 23:01
top-picks,共同通信,米イラン覚書期限 海峡開放見えず,8/16(日) 22:44,https://news.yahoo.co.jp/pickup/6592001,https://news.yahoo.co.jp/articles/c180d898d2b9321ba1560f65adc67dd5b988c589,8/16(日) 22:44
top-picks,テレビ朝日系（ANN）,BBQ中に川に流され 20代女性重体,8/16(日) 22:37,https://news.yahoo.co.jp/pickup/6592000,,8/16(日) 22:37
top-picks,スポーツ報知,広島・小園が懲罰交代 ミス連発,8/16(日) 22:27,https://news.yahoo.co.jp/pickup/6591997,https://news.yahoo.co.jp/articles/54bc462bc8559863b8f7dd170b253f95f4e9680c,8/16(日) 22:27
top-picks,スポーツ報知,カンヌ女優賞 岡本多緒が出産,8/16(日) 22:25,https://news.yahoo.co.jp/pickup/6591999,https://news.yahoo.co.jp/articles/30028d2dd85b79141b5e7cdcf7af497da4eeee29,8/16(日) 22:25
top-picks,読売新聞オンライン,千葉市の川沿いに遺体 豪雨関連か,8/16(日) 22:00,https://news.yahoo.co.jp/pickup/6591994,,8/16(日) 22:00
top-picks,TBS NEWS DIG Powered by JNN,逆走台風と千葉豪雨 なぜ起きた,8/16(日) 22:00,https://news.yahoo.co.jp/pickup/6591993,,8/16(日) 22:00
top-picks,AERA DIGITAL,京急上大岡駅 液晶の「パタパタ」,8/16(日) 21:38,https://news.yahoo.co.jp/pickup/6591992,https://news.yahoo.co.jp/articles/37bd14b0a224b8839d788b2c2aa6d4f27ea7c480,8/16(日) 21:38
top-picks,共同通信,千葉豪雨 放置車両2700台を確認,8/16(日) 21:36,https://news.yahoo.co.jp/pickup/6591991,https://news.yahoo.co.jp/articles/5b5764d0194f386111b1bb5852c95a0a35a6c0d7,8/16(日) 21:36
top-picks,スポーツ報知,KISSベース始球式で4球投げる 米,8/16(日) 21:12,https://news.yahoo.co.jp/pickup/6591990,https://news.yahoo.co.jp/articles/6322d508fa50aa58984d271dfb71243690064621,8/16(日) 21:12
top-picks,デイリースポーツ,横浜・織田 登板するだけで大歓声,8/16(日) 21:08,https://news.yahoo.co.jp/pickup/6591989,https://news.yahoo.co.jp/articles/7a3fdd0926abbd897c00acf7187e5abcf91ea951,8/16(日) 21:08
top-picks,TBS NEWS DIG Powered by JNN,辞職勧告受け 福岡県議長続投考え,8/16(日) 21:07,https://news.yahoo.co.jp/pickup/6591987,https://news.yahoo.co.jp/articles/faa59f9486af3dcaf1becff7daaaa57d70bda37a,8/16(日) 21:07
top-picks,読売新聞オンライン,知人助けようとして行方不明 千葉,8/16(日) 20:16,https://news.yahoo.co.jp/pickup/6591985,https://news.yahoo.co.jp/articles/37d713fd0213f9ac9d8a7596a8414f67dbe9b83f,8/16(日) 20:16
top-picks,千葉日報オンライン,「迷子です」と女児 高校生ら保護,8/16(日) 20:16,https://news.yahoo.co.jp/pickup/6591984,https://news.yahoo.co.jp/articles/ccb46a6ede3a0e3256d2410dfcf4e439584e08a7,8/16(日) 20:16
top-picks,共同通信,内閣改造と自民役員人事 注目点は,8/16(日) 20:11,https://news.yahoo.co.jp/pickup/6591986,,8/16(日) 20:11
top-picks,スポニチアネックス,激震 有明ダブルエースの1人骨折,8/16(日) 20:11,https://news.yahoo.co.jp/pickup/6591983,https://news.yahoo.co.jp/articles/0dc70522ed99e283627ac00acad11660ebb9f494,8/16(日) 20:11
top-picks,日刊スポーツ,中日8回に10失点 ファン続々帰路,8/16(日) 19:33,https://news.yahoo.co.jp/pickup/6591979,https://news.yahoo.co.jp/articles/44be8480048514fac3a5f2af49e173329c952ce1,8/16(日) 19:33
top-picks,ABEMA TIMES,早期退職 第二の人生は甘くない?,8/16(日) 19:26,https://news.yahoo.co.jp/pickup/6591977,https://news.yahoo.co.jp/articles/0b3e41e85226058b5492d34ed3bde15eed4d7eab,8/16(日) 19:26
top-picks,HOME広島ホームテレビ,元サッカー監督 下村幸男さん死去,8/16(日) 19:18,https://news.yahoo.co.jp/pickup/6591978,https://news.yahoo.co.jp/articles/1b83d4342ff13fec490676513ffca018752450b1,8/16(日) 19:18
top-picks,47NEWS,ゆりかご初日に預けられ 今は22歳,8/16(日) 18:50,https://news.yahoo.co.jp/pickup/6591975,https://news.yahoo.co.jp/articles/84eb733ae6467df8d7fbed96c360ef249d4860cc,8/16(日) 18:50
top-picks,FNNプライムオンライン（フジテレビ系）,インドネシアの地震 死者50人超に,8/16(日) 18:48,https://news.yahoo.co.jp/pickup/6591974,https://news.yahoo.co.jp/articles/522104588f9eb52d52a77881d82fed350143b6c3,8/16(日) 18:48
top-picks,tenki.jp,千葉など17日から厳しい暑さ 注意,8/16(日) 18:41,https://news.yahoo.co.jp/pickup/6591973,https://news.yahoo.co.jp/articles/133187bee5f14dc813d2d75d87e4f047b5c4a0d4,8/16(日) 18:41
top-picks,読売新聞オンライン,千葉の車両撤去 JAFに要請が殺到,8/16(日) 18:37,https://news.yahoo.co.jp/pickup/6591972,https://news.yahoo.co.jp/articles/b63d07298132440c75017f973950c674449933b0,8/16(日) 18:37
top-picks,magacol,木村多江 結婚は流れに乗った感じ,8/16(日) 18:35,https://news.yahoo.co.jp/pickup/6591971,https://news.yahoo.co.jp/articles/34cab6700eb690ae215a156c2d6d20b34c62ff4d,8/16(日) 18:35
top-picks,共同通信,地震で停電 教室育ちサーモン全滅,8/16(日) 18:11,https://news.yahoo.co.jp/pickup/6591970,https://news.yahoo.co.jp/articles/12bf00fb5363a123ab63b864d1354b84c18a0e3f,8/16(日) 18:11
top-picks,日テレNEWS NNN,溺れ死んじゃう 浸水の車内で恐怖,8/16(日) 18:04,https://news.yahoo.co.jp/pickup/6591969,https://news.yahoo.co.jp/articles/19ddd053029a830ce45c91837d72d40de0e73e0f,8/16(日) 18:04
top-picks,日刊スポーツ,G小笠原に8秒間の大ブーイング,8/16(日) 18:00,https://news.yahoo.co.jp/pickup/6591968,https://news.yahoo.co.jp/articles/b11560cc1df1c6b7db9334fed52278b1ae16c84e,8/16(日) 18:00
top-picks,時事通信,豪で「ワーホリ」受け入れ抑制へ,8/16(日) 17:57,https://news.yahoo.co.jp/pickup/6591966,https://news.yahoo.co.jp/articles/1cb6edc9f45b14a1f31de57fd25469e6a26ce447,8/16(日) 17:57
top-picks,読売新聞オンライン,衆議院本館の女性トイレ 増設へ,8/16(日) 17:55,https://news.yahoo.co.jp/pickup/6591967,https://news.yahoo.co.jp/articles/afc0970a993e62c4a61cd678d1149b95ad808ac2,8/16(日) 17:55
top-picks,週刊女性PRIME,生まれた子に重い障害 8年間自責,8/16(日) 17:30,https://news.yahoo.co.jp/pickup/6591962,https://news.yahoo.co.jp/articles/9fde2ba7f3490dbdb7b43384bd6b4378d40ecce0,8/16(日) 17:30
top-picks,テレビ朝日系（ANN）,千葉豪雨の死者10人 1人行方不明,8/16(日) 17:27,https://news.yahoo.co.jp/pickup/6591964,https://news.yahoo.co.jp/articles/fe2b62d900ff12b105ee6437667c1c80164495ed,8/16(日) 17:27
top-picks,女性自身,モナキの快進撃 支えた純烈・酒井,8/16(日) 17:22,https://news.yahoo.co.jp/pickup/6591965,https://news.yahoo.co.jp/articles/c7ab795c49354a0f4437ba18b41bbc8393660cd3,8/16(日) 17:22
top-picks,TBS NEWS DIG Powered by JNN,横浜が8強進出 霞ケ浦に逆転勝利,8/16(日) 17:16,https://news.yahoo.co.jp/pickup/6591963,https://news.yahoo.co.jp/articles/86b455af17f5936d503f6bcf8612b71e6cf98b33,8/16(日) 17:16
top-picks,女性自身,モナキが明かす 純烈・酒井の金言,8/16(日) 17:13,https://news.yahoo.co.jp/pickup/6591957,https://news.yahoo.co.jp/articles/c7ab795c49354a0f4437ba18b41bbc8393660cd3,8/16(日) 17:13
top-picks,MBSニュース,地震で実家崩れ「助けて」父の声,8/16(日) 16:59,https://news.yahoo.co.jp/pickup/6591961,https://news.yahoo.co.jp/articles/1dc442e817126acdc341569791753718ab70fe40,8/16(日) 16:59
top-picks,MBSニュース,両親いた家崩れる 地震時の絶望感,8/16(日) 16:53,https://news.yahoo.co.jp/pickup/6591958,https://news.yahoo.co.jp/articles/1dc442e817126acdc341569791753718ab70fe40,8/16(日) 16:53
top-picks,スポーツナビ,速報甲子園 横浜が霞ケ浦を逆転,8/16(日) 16:41,https://news.yahoo.co.jp/pickup/6591959,https://news.yahoo.co.jp/articles/66bb5d1d7537163ad60ba6bc9e0ec94456f03028,8/16(日) 16:41
top-picks,日テレNEWS NNN,西武 ドミニカ出身17歳と育成契約,8/16(日) 16:38,https://news.yahoo.co.jp/pickup/6591955,https://news.yahoo.co.jp/articles/1d238a417c31be7a9df95b65aeb97e00be4187fc,8/16(日) 16:38
top-picks,日テレNEWS NNN,防空壕で生まれた自民森山氏 思い,8/16(日) 16:24,https://news.yahoo.co.jp/pickup/6591954,https://news.yahoo.co.jp/articles/b8163e070978628e2d47ddf30f874ea12f71fd6d,8/16(日) 16:24
top-picks,よろず～ニュース,子ども用ハーネス賛否 識者の見解,8/16(日) 16:23,https://news.yahoo.co.jp/pickup/6591953,https://news.yahoo.co.jp/articles/0c9028cacd6d9782df732cb90a100ebfae45cce9,8/16(日) 16:23
top-picks,ニュースイッチ,脱「絶叫遊園地」富士急G転換点,8/16(日) 16:03,https://news.yahoo.co.jp/pickup/6591952,https://news.yahoo.co.jp/articles/592f5061374857001c70854cd2efd4a006c4dc80,8/16(日) 16:03
top-picks,毎日新聞,高専「ネーミングライツ」広がる,8/16(日) 15:46,https://news.yahoo.co.jp/pickup/6591951,https://news.yahoo.co.jp/articles/ebbb4259e0140b8ff2b203137759f3c648fb929b,8/16(日) 15:46
top-picks,朝日新聞,3試合連続逆転勝ち 有明なぜ強い,8/16(日) 15:36,https://news.yahoo.co.jp/pickup/6591950,https://news.yahoo.co.jp/articles/d9d5f84d964a00662ff71f388e3b1eb5de14c1e6,8/16(日) 15:36
top-picks,毎日新聞,世界でブームのスクイーズ 事故も,8/16(日) 15:28,https://news.yahoo.co.jp/pickup/6591949,https://news.yahoo.co.jp/articles/7a417b24a965b9eb28b301e788948c7209b9dc5a,8/16(日) 15:28
top-picks,スポーツナビ,速報甲子園 霞ケ浦vs.横浜,8/16(日) 15:11,https://news.yahoo.co.jp/pickup/6591948,https://news.yahoo.co.jp/articles/66bb5d1d7537163ad60ba6bc9e0ec94456f03028,8/16(日) 15:11
top-picks,TBS NEWS DIG Powered by JNN,花巻東が3年ぶり8強 英明を破る,8/16(日) 14:51,https://news.yahoo.co.jp/pickup/6591947,https://news.yahoo.co.jp/articles/30eb8bfdc56e25a99a52d31c311b799263b840a7,8/16(日) 14:51
top-picks,NBS長野放送,釣り竿取りに池泳ぎ溺れたか 死亡,8/16(日) 14:41,https://news.yahoo.co.jp/pickup/6591945,https://news.yahoo.co.jp/articles/52f8b54f888e38e1cdbdb6c60cf5fe816f87e015,8/16(日) 14:41
top-picks,スポーツ報知,今福和志 1500m自由形で日本新,8/16(日) 14:39,https://news.yahoo.co.jp/pickup/6591946,https://news.yahoo.co.jp/articles/e91313d46b5c18ec50a672788ecff0af8277c3fc,8/16(日) 14:39
top-picks,TBS NEWS DIG Powered by JNN,ベルギーで過去最大規模の山火事,8/16(日) 14:38,https://news.yahoo.co.jp/pickup/6591943,,8/16(日) 14:38
top-picks,スポーツ報知,元近鉄の左腕・神部年男さん死去,8/16(日) 14:33,https://news.yahoo.co.jp/pickup/6591944,https://news.yahoo.co.jp/articles/87e9f49a5f435c3cc9907aacd26d4cc4767abe5e,8/16(日) 14:33
top-picks,SPA!,前田敦子 子どもは完全に生きがい,8/16(日) 13:56,https://news.yahoo.co.jp/pickup/6591938,https://news.yahoo.co.jp/articles/7acf1de93b12c8eafe0aded4206ecc0e0c347335,8/16(日) 13:56
top-picks,スポーツ報知,緊急先発の有明・斉藤 109球完投,8/16(日) 13:36,https://news.yahoo.co.jp/pickup/6591936,https://news.yahoo.co.jp/articles/e29319999e3f25bd104f74059a40995084b887da,8/16(日) 13:36
top-picks,毎日新聞,多摩川で中学生が溺れる 意識不明,8/16(日) 13:14,https://news.yahoo.co.jp/pickup/6591935,https://news.yahoo.co.jp/articles/e3b16ff2c754c527601c734a6606ea316675287b,8/16(日) 13:14
top-picks,スポーツナビ,速報甲子園 花巻東vs.英明,8/16(日) 12:47,https://news.yahoo.co.jp/pickup/6591934,https://news.yahoo.co.jp/articles/a7b411b57ab67e4d64406887fb0f6af4e72089f8,8/16(日) 12:47
top-picks,たまひよONLINE,生後4カ月でがん 眼球摘出を決断,8/16(日) 12:44,https://news.yahoo.co.jp/pickup/6591932,https://news.yahoo.co.jp/articles/36cf4dfc769abd3c71acebd0c3eaec5ea709bb2d,8/16(日) 12:44
top-picks,FNNプライムオンライン（フジテレビ系）,お盆休み最終日 交通混雑がピーク,8/16(日) 12:22,https://news.yahoo.co.jp/pickup/6591931,https://news.yahoo.co.jp/articles/37a905cb662a9ee78aee51e298c6a6cc323dfb6b,8/16(日) 12:22
top-picks,スポニチアネックス,有明が一挙4点の逆転劇 快進撃8強,8/16(日) 12:19,https://news.yahoo.co.jp/pickup/6591933,https://news.yahoo.co.jp/articles/ee8bb045d44d79f0a5449224f026919a98cc5df9,8/16(日) 12:19
top-picks,朝日新聞,軍人に殴られた痛み 少年の記憶,8/16(日) 12:06,https://news.yahoo.co.jp/pickup/6591928,https://news.yahoo.co.jp/articles/d7fd6dc36ded4ace359af60118a93ea03bb811f1,8/16(日) 12:06
top-picks,スポーツナビ,速報 有明が東日大昌平を逆転,8/16(日) 12:00,https://news.yahoo.co.jp/pickup/6591930,,8/16(日) 12:00
top-picks,朝日新聞,プロテイン 価格の高騰止まらず,8/16(日) 11:55,https://news.yahoo.co.jp/pickup/6591929,https://news.yahoo.co.jp/articles/ada1400a54e416f36a1ccd33294366c0b0387bb1,8/16(日) 11:55
top-picks,毎日新聞,有明 バットを丁寧に置く決まり事,8/16(日) 11:51,https://news.yahoo.co.jp/pickup/6591927,https://news.yahoo.co.jp/articles/4c2bffb9235bd728d350d62199a76957d2fdc045,8/16(日) 11:51
top-picks,時事通信,首相異例の遥拝 保守層離反を警戒,8/16(日) 11:39,https://news.yahoo.co.jp/pickup/6591925,https://news.yahoo.co.jp/articles/1668abba0b8b54d8a11adeed6b2154e42ccb97c8,8/16(日) 11:39
top-picks,朝日新聞,プロテイン高騰 2年で価格倍増も,8/16(日) 11:38,https://news.yahoo.co.jp/pickup/6591926,https://news.yahoo.co.jp/articles/ada1400a54e416f36a1ccd33294366c0b0387bb1,8/16(日) 11:38
top-picks,読売新聞オンライン,米金融 新顔「ヨール街」に存在感,8/16(日) 11:14,https://news.yahoo.co.jp/pickup/6591924,https://news.yahoo.co.jp/articles/ceedc2b2f2fce2a5c82f44135e536ae0c2f2ce50,8/16(日) 11:14
top-picks,Full-Count,ド軍敗戦 大谷翔平は適時三塁打,8/16(日) 11:10,https://news.yahoo.co.jp/pickup/6591922,https://news.yahoo.co.jp/articles/a444233c84ba0e3ed550f293b2f67f79fdc0d707,8/16(日) 11:10
top-picks,弁護士ドットコムニュース,飼い犬殺害 裁判官が証言に苦言,8/16(日) 11:08,https://news.yahoo.co.jp/pickup/6591923,https://news.yahoo.co.jp/articles/a17e4679a39f292a76102d29c16119eca423edde,8/16(日) 11:08
top-picks,TBS NEWS DIG Powered by JNN,健大高崎が8強「北関東対決」制す,8/16(日) 10:46,https://news.yahoo.co.jp/pickup/6591919,https://news.yahoo.co.jp/articles/fbf4c2998053f6d372c742e0dd0eea75253b35ef,8/16(日) 10:46
top-picks,聯合ニュース,韓国「親日派財産」没収 本格化へ,8/16(日) 10:40,https://news.yahoo.co.jp/pickup/6591916,https://news.yahoo.co.jp/articles/c3aa914125dec7c304af0d3cd20f432ef22dd26c,8/16(日) 10:40
top-picks,週プレNEWS,命の危険に直面 炎天下で働く人々,8/16(日) 10:38,https://news.yahoo.co.jp/pickup/6591917,https://news.yahoo.co.jp/articles/ea04efa2e0216b58ba5234796e667aa16838a345,8/16(日) 10:38
top-picks,スポーツナビ,速報甲子園 東日大昌平vs.有明,8/16(日) 10:33,https://news.yahoo.co.jp/pickup/6591918,,8/16(日) 10:33
top-picks,朝日新聞,日本初確認の虫 SNS動画きっかけ,8/16(日) 10:19,https://news.yahoo.co.jp/pickup/6591912,,8/16(日) 10:19
top-picks,テレビ朝日系（ANN）,千葉豪雨で露呈 都市型水害の課題,8/16(日) 10:17,https://news.yahoo.co.jp/pickup/6591914,https://news.yahoo.co.jp/articles/549745473c1b8fa3a47acf4c05bc0b2a8f9e431f,8/16(日) 10:17
top-picks,AERA DIGITAL,露がウクライナの子連れ去り 実態,8/16(日) 10:13,https://news.yahoo.co.jp/pickup/6591913,https://news.yahoo.co.jp/articles/d13daaea6a5d9089dccfa87893094e43a3475e70,8/16(日) 10:13
top-picks,共同通信,新体操団体 ロス五輪へ日本勢1号,8/16(日) 9:43,https://news.yahoo.co.jp/pickup/6591910,https://news.yahoo.co.jp/articles/7b060335c3fc783497fd079c716d84f46ad55853,8/16(日) 9:43
top-picks,Hint-Pot,子の水難 助けに飛び込むのはNG,8/16(日) 9:38,https://news.yahoo.co.jp/pickup/6591904,https://news.yahoo.co.jp/articles/ae23b843bba0495174ae7bad2e7cb788c55a7302,8/16(日) 9:38
top-picks,FNNプライムオンライン（フジテレビ系）,お盆休み最終日 Uターン混雑予想,8/16(日) 9:16,https://news.yahoo.co.jp/pickup/6591906,https://news.yahoo.co.jp/articles/a2d742772a7e0afa76c0e7c6ca4ea7aeb436dff6,8/16(日) 9:16
top-picks,CBCテレビ,粗悪なモバイル電池 会社の闇追跡,8/16(日) 9:02,https://news.yahoo.co.jp/pickup/6591902,https://news.yahoo.co.jp/articles/b1df5de694ce3cdde1bd1a0771ad228b2a4a2d2e,8/16(日) 9:02
top-picks,ピンズバNEWS,長州小力 無免許運転を巡り胸中,8/16(日) 8:55,https://news.yahoo.co.jp/pickup/6591903,https://news.yahoo.co.jp/articles/5f7fd417cbdce18f5fc0989591366d0fc12deb10,8/16(日) 8:55
top-picks,スポニチアネックス,MLB初 デビュー戦で3打席連続HR,8/16(日) 8:54,https://news.yahoo.co.jp/pickup/6591901,https://news.yahoo.co.jp/articles/ec6b47ac3f80a188a52cf38744dca03471161f41,8/16(日) 8:54
top-picks,ピンズバNEWS,長州小力 騒動巡り長州力に救われ,8/16(日) 8:42,https://news.yahoo.co.jp/pickup/6591900,https://news.yahoo.co.jp/articles/5f7fd417cbdce18f5fc0989591366d0fc12deb10,8/16(日) 8:42
top-picks,ABEMA TIMES,プーチン氏の北方領土初訪問 狙い,8/16(日) 8:31,https://news.yahoo.co.jp/pickup/6591899,https://news.yahoo.co.jp/articles/ec607e962a7846cfd9e51dc1482b0cff436d6a2d,8/16(日) 8:31
top-picks,tenki.jp,お盆休み後は熱中症リスク高 警戒,8/16(日) 8:10,https://news.yahoo.co.jp/pickup/6591898,https://news.yahoo.co.jp/articles/c2e18b8e8663d27077dd376d771aa4f119ac87b0,8/16(日) 8:10
top-picks,読売新聞オンライン,首相の靖国参拝見送り 外交考慮か,8/16(日) 8:06,https://news.yahoo.co.jp/pickup/6591897,https://news.yahoo.co.jp/articles/a0332d079997313c18b24f3c924e786d491f7df0,8/16(日) 8:06
top-picks,共同通信,中国船 尖閣周辺EEZで海洋調査か,8/16(日) 7:54,https://news.yahoo.co.jp/pickup/6591895,,8/16(日) 7:54
top-picks,BSS山陰放送,SAトイレに急病人 対応に反響,8/16(日) 7:52,https://news.yahoo.co.jp/pickup/6591896,https://news.yahoo.co.jp/articles/9128a7f1882527515967357761a52c3a683dd370,8/16(日) 7:52
top-picks,読売新聞オンライン,熊本地震 なお3205人が避難所に,8/16(日) 7:42,https://news.yahoo.co.jp/pickup/6591894,https://news.yahoo.co.jp/articles/571515fddaa8e93738cb582903bc1ef8e6cbb5e3,8/16(日) 7:42
top-picks,Media info not found,ラヴ上等と法務省コラボ なぜ物議,Netflixの恋愛リアリティ番組『ラヴ上等』と法務省保護局がコラボレーションしたポスターに対する物議が広がっている。,https://news.yahoo.co.jp/pickup/6591893,https://ddnavi.com/article/1430932/a/,8/16(日) 7:42
top-picks,SOCCER DIGEST Web,鈴木彩艶のPSG移籍は破談か 報道,8/16(日) 7:20,https://news.yahoo.co.jp/pickup/6591890,https://news.yahoo.co.jp/articles/78c3d700f62162c1acbbd788482f82db763d9d62,8/16(日) 7:20
top-picks,スポーツ報知,J1町田 FW小川航基の獲得に動く,8/16(日) 7:20,https://news.yahoo.co.jp/pickup/6591891,https://news.yahoo.co.jp/articles/fc6d02e9e13c411389fb314be01fc150bd301ab4,8/16(日) 7:20
top-picks,FNNプライムオンライン（フジテレビ系）,行方不明の英国籍12歳少女 保護,8/16(日) 7:14,https://news.yahoo.co.jp/pickup/6591888,https://news.yahoo.co.jp/articles/2130c2e607f575ca0ae6dea21dc1b5923d1ba1ae,8/16(日) 7:14
top-picks,テレビユー山形,花火が地上付近で爆発 3人けが,8/16(日) 0:08,https://news.yahoo.co.jp/pickup/6591887,,8/16(日) 0:08
top-picks,テレビユー山形,花火が地上付近で爆発 3人軽傷か,8/15(土) 23:52,https://news.yahoo.co.jp/pickup/6591886,,8/15(土) 23:52
top-picks,読売新聞オンライン,インドネシアの地震 40人超が死亡,8/15(土) 23:41,https://news.yahoo.co.jp/pickup/6591885,https://news.yahoo.co.jp/articles/852354235bee6885fac8cb8825ddf414c471be4a,8/15(土) 23:41
top-picks,TBS NEWS DIG Powered by JNN,米軍AIシステム「メイブン」とは,8/15(土) 23:22,https://news.yahoo.co.jp/pickup/6591883,https://news.yahoo.co.jp/articles/ab48c8ccfb810d1f09c47031cc2a0d28ff8972a6,8/15(土) 23:22
top-picks,スポーツ報知,中村七之助 第1子誕生を発表,8/15(土) 23:21,https://news.yahoo.co.jp/pickup/6591884,https://news.yahoo.co.jp/articles/cc075e423057c8af3899b6694e51c24c7d4bdd19,8/15(土) 23:21
top-picks,Media info not found,インド なぜ若者1000万人にAI研修,インドのモディ首相は８月15日の独立記念日演説で、今後1年間に若者1000万人へAI技術の習得研修を実施すると表明しました。,https://news.yahoo.co.jp/pickup/6591881,https://news.yahoo.co.jp/articles/899abb60fe021715bb27219d5cc6df5bee92f6b0,8/15(土) 23:09
top-picks,テレビ静岡NEWS,溺れ心肺停止 心肺蘇生で呼吸戻る,8/15(土) 23:04,https://news.yahoo.co.jp/pickup/6591880,https://news.yahoo.co.jp/articles/f198203433ad0d79d91ea1f1ece4525ef848064b,8/15(土) 23:04
top-picks,朝日新聞,放置車両レッカー追いつかず 千葉,8/15(土) 23:04,https://news.yahoo.co.jp/pickup/6591879,https://news.yahoo.co.jp/articles/8532ade782d9c512842bd0c0f863f373f9004e86,8/15(土) 23:04
top-picks,テレビ静岡NEWS,溺れ心肺停止 心肺蘇生で呼吸戻る,8/15(土) 23:04,https://news.yahoo.co.jp/pickup/6591880,https://news.yahoo.co.jp/articles/f198203433ad0d79d91ea1f1ece4525ef848064b,8/15(土) 23:04
top-picks,朝日新聞,放置車両レッカー追いつかず 千葉,8/15(土) 23:04,https://news.yahoo.co.jp/pickup/6591879,https://news.yahoo.co.jp/articles/8532ade782d9c512842bd0c0f863f373f9004e86,8/15(土) 23:04
top-picks,サンケイスポーツ,天山広吉が引退 蝶野が惜別ビンタ,8/15(土) 22:34,https://news.yahoo.co.jp/pickup/6591877,https://news.yahoo.co.jp/articles/718e42ecb139a7714176d1706a90a5c185225394,8/15(土) 22:34
top-picks,朝日新聞,熊本地震の住家被害 3万棟超え,8/15(土) 22:28,https://news.yahoo.co.jp/pickup/6591876,https://news.yahoo.co.jp/articles/f99606ad9d72916c7417640a4c4cdb943babfb9b,8/15(土) 22:28
top-picks,時事通信,豪で521kgの金塊鋳造 ギネス認定,8/15(土) 22:26,https://news.yahoo.co.jp/pickup/6591875,https://news.yahoo.co.jp/articles/58891a803cdc54bfe3a0a63dda1e8912aec174c5,8/15(土) 22:26
top-picks,時事通信,物価高 具材ない麺商品の投入加速,8/15(土) 22:06,https://news.yahoo.co.jp/pickup/6591874,https://news.yahoo.co.jp/articles/6801083a4604c56c78a0ae90b54a7634fd179227,8/15(土) 22:06
top-picks,読売新聞オンライン,戦地へ向かった父 1度の抱っこ,8/15(土) 21:53,https://news.yahoo.co.jp/pickup/6591872,https://news.yahoo.co.jp/articles/124c34996192419bc0a200bcb6e53a90e24945d2,8/15(土) 21:53
top-picks,スポニチアネックス,八村22得点大暴れ 2年ぶり代表戦,8/15(土) 21:47,https://news.yahoo.co.jp/pickup/6591873,https://news.yahoo.co.jp/articles/87db4181d7ae624f532c1d40d3bc0a328be4d731,8/15(土) 21:47
top-picks,読売テレビ,子と川遊びしようと 男性溺れ死亡,8/15(土) 21:36,https://news.yahoo.co.jp/pickup/6591869,https://news.yahoo.co.jp/articles/1f17f575c0aed76423ef35530883de70841720cb,8/15(土) 21:36
top-picks,共同通信,択捉島 ロシア大統領は軍艦で訪問,8/15(土) 21:27,https://news.yahoo.co.jp/pickup/6591871,https://news.yahoo.co.jp/articles/8a7152403c660825638b3f55630556086fb5e7c8,8/15(土) 21:27
top-picks,中日スポーツ,死球受けた中日・村松 肩甲骨骨折,8/15(土) 21:21,https://news.yahoo.co.jp/pickup/6591870,https://news.yahoo.co.jp/articles/562aab10d0e38da6901f7ba284c84871f3fd3185,8/15(土) 21:21
top-picks,TBS NEWS DIG Powered by JNN,甲子園 仙台育英が3年ぶり8強進出,8/15(土) 20:58,https://news.yahoo.co.jp/pickup/6591867,https://news.yahoo.co.jp/articles/8bf4f8459555a3aeb8863e11d237a86682cc3f86,8/15(土) 20:58
top-picks,京都新聞,京都市内の道に直径80cmの穴 調査,8/15(土) 20:48,https://news.yahoo.co.jp/pickup/6591865,https://news.yahoo.co.jp/articles/15fa96854b51733a354fae6c45db4ff4f13fb13a,8/15(土) 20:48
top-picks,テレビ朝日系（ANN）,千葉豪雨の死者は9人に 県が発表,8/15(土) 20:42,https://news.yahoo.co.jp/pickup/6591863,https://news.yahoo.co.jp/articles/073553137dbcd19a6e7c804af0dffe377cb4f926,8/15(土) 20:42
top-picks,デイリースポーツ,100m障害・中島ひとみ また日本新,8/15(土) 20:35,https://news.yahoo.co.jp/pickup/6591862,https://news.yahoo.co.jp/articles/363158bf581ede9497426aeb4f4c834345759d5e,8/15(土) 20:35
top-picks,週刊女性PRIME,3児の母 突然「余命2カ月」の宣告,8/15(土) 19:56,https://news.yahoo.co.jp/pickup/6591861,https://news.yahoo.co.jp/articles/05e3081eda68df76012b6b30489743d8e9c6260c,8/15(土) 19:56
top-picks,共同通信,米大統領 ガソリン高「謝らない」,8/15(土) 19:46,https://news.yahoo.co.jp/pickup/6591860,https://news.yahoo.co.jp/articles/71e8208ce7540b517adce90478753a95b1bd7252,8/15(土) 19:46
top-picks,スポニチアネックス,八村塁が得点 有明アリーナ大歓声,8/15(土) 19:30,https://news.yahoo.co.jp/pickup/6591859,https://news.yahoo.co.jp/articles/a6a68ca1254daa50c4d26d3db15593de54739bf8,8/15(土) 19:30
top-picks,共同通信,SUVの国内販売競争 激しさ増す,8/15(土) 19:18,https://news.yahoo.co.jp/pickup/6591858,https://news.yahoo.co.jp/articles/fc0de9b9594efaf3f9528100a3f897fb1bb87dae,8/15(土) 19:18
top-picks,テレビ新広島,被爆で顔に傷 思春期耐えられず,8/15(土) 19:05,https://news.yahoo.co.jp/pickup/6591857,https://news.yahoo.co.jp/articles/0e3238423a063c243ccc607e5cf515198bfceb7f,8/15(土) 19:05
top-picks,共同通信,盗難のセザンヌ絵画など奪還 伊,8/15(土) 18:59,https://news.yahoo.co.jp/pickup/6591856,https://news.yahoo.co.jp/articles/1ef8a5b8b75192671b8b0d87fdc02e626842e32c,8/15(土) 18:59
top-picks,JRT四国放送,車で撮り鉄殺そうとした疑い 逮捕,8/15(土) 18:38,https://news.yahoo.co.jp/pickup/6591852,https://news.yahoo.co.jp/articles/429839ccf82caf9eaa5f00bd3bd3baa14a8f0e0a,8/15(土) 18:38
top-picks,オリコン,映画「ズートピア3」制作決定,8/15(土) 18:35,https://news.yahoo.co.jp/pickup/6591853,https://news.yahoo.co.jp/articles/9d7dec8a48eaa989b21b24a93b0e03a22f0cfb22,8/15(土) 18:35
top-picks,THE ANSWER,陸上100mで珍事 10秒097で同着,8/15(土) 18:30,https://news.yahoo.co.jp/pickup/6591854,https://news.yahoo.co.jp/articles/27c1fbd802b1d0b0d0305271623121611dbefedb,8/15(土) 18:30
top-picks,共同通信,「ゲーム行動症」若年層10% 調査,8/15(土) 18:27,https://news.yahoo.co.jp/pickup/6591851,,8/15(土) 18:27
top-picks,読売新聞オンライン,立憲が財政難 頭痛める党執行部,8/15(土) 18:08,https://news.yahoo.co.jp/pickup/6591850,https://news.yahoo.co.jp/articles/584838e0fc93daa537df04f594474efe71758fdb,8/15(土) 18:08
top-picks,TBS NEWS DIG Powered by JNN,首相 離れた場所から靖国「遥拝」,8/15(土) 18:00,https://news.yahoo.co.jp/pickup/6591846,https://news.yahoo.co.jp/articles/9ab57e4fc4c1c92c12bbd3b41d2365469d652147,8/15(土) 18:00
top-picks,スポーツ報知,天山広吉の引退試合 観衆は7777人,8/15(土) 17:56,https://news.yahoo.co.jp/pickup/6591848,https://news.yahoo.co.jp/articles/02c50da5a7b577ccd69843c2ebdb9ae36c84cb69,8/15(土) 17:56
top-picks,テレビ新広島,友の犠牲で助かった 81年思い続け,8/15(土) 17:52,https://news.yahoo.co.jp/pickup/6591842,https://news.yahoo.co.jp/articles/0e3238423a063c243ccc607e5cf515198bfceb7f,8/15(土) 17:52
top-picks,AERA DIGITAL,学歴からかう動画 批判した教授,8/15(土) 17:39,https://news.yahoo.co.jp/pickup/6591847,https://news.yahoo.co.jp/articles/461538cfac6ab5f8ec11d0a30aac4fbfd6b07682,8/15(土) 17:39
top-picks,TBS NEWS DIG Powered by JNN,豪雨で放置車両 追突事故も発生,8/15(土) 17:30,https://news.yahoo.co.jp/pickup/6591845,https://news.yahoo.co.jp/articles/e74e0024a9ae1d3c2dcc26e757a10d1b319c1d53,8/15(土) 17:30
top-picks,テレビ朝日系（ANN）,英2階建てバス 暑すぎ運転手スト,8/15(土) 17:17,https://news.yahoo.co.jp/pickup/6591839,https://news.yahoo.co.jp/articles/be56e67641e3c222c1c2431460729d5778c3a546,8/15(土) 17:17
top-picks,小田大河,この学校に爆弾落ちた 17歳の葛藤,8/15(土) 17:03,https://news.yahoo.co.jp/pickup/6591840,,8/15(土) 17:03
top-picks,デイリースポーツ,ジュノンボーイ ベスト30に東大生,8/15(土) 16:56,https://news.yahoo.co.jp/pickup/6591831,https://news.yahoo.co.jp/articles/a12fd4f5e8c35a0fda3843bd588dfbcb7e59dd3a,8/15(土) 16:56
top-picks,Full-Count,履正社が涙の敗退 守備ミス目立つ,8/15(土) 16:52,https://news.yahoo.co.jp/pickup/6591838,https://news.yahoo.co.jp/articles/43a627dca86f0ba3bff4c7ae497e771f2ac59bfc,8/15(土) 16:52
top-picks,スポーツナビ,速報甲子園 拓大紅陵vs.仙台育英,8/15(土) 16:46,https://news.yahoo.co.jp/pickup/6591825,https://news.yahoo.co.jp/articles/5642533d425e7cc3a3b9f3c7ff658feb6369d511,8/15(土) 16:46
top-picks,オリコン,コミケ近くのベローチェ 高速提供,8/15(土) 16:34,https://news.yahoo.co.jp/pickup/6591836,https://news.yahoo.co.jp/articles/ce32838f698c40c1bbd93e4119868c65e7cfb8dd,8/15(土) 16:34
top-picks,ベースボールチャンネル,甲子園 三重が履正社に勝ち8強,8/15(土) 16:27,https://news.yahoo.co.jp/pickup/6591835,https://news.yahoo.co.jp/articles/8d6b341667661c4e6a19386295a8bd20d8c6a68b,8/15(土) 16:27
top-picks,日テレNEWS NNN,マンション爆発事故 住人が死亡,8/15(土) 16:25,https://news.yahoo.co.jp/pickup/6591834,https://news.yahoo.co.jp/articles/26140bef86a875b77c4fe24132774fc5318e5d41,8/15(土) 16:25
top-picks,スポニチアネックス,大谷の投手復帰プラン 監督明かす,8/15(土) 16:25,https://news.yahoo.co.jp/pickup/6591830,https://news.yahoo.co.jp/articles/91bb01f94f75e2026f36297d743fcf36a21dac17,8/15(土) 16:25
top-picks,毎日新聞,戦没者追悼式 式辞に高市カラー,8/15(土) 16:07,https://news.yahoo.co.jp/pickup/6591828,https://news.yahoo.co.jp/articles/1a95442d42f8dddd525b66756b42f0de6238676b,8/15(土) 16:07
top-picks,SPA!,人生に挫折した元東大生たち 実態,8/15(土) 15:59,https://news.yahoo.co.jp/pickup/6591829,https://news.yahoo.co.jp/articles/71d8ebbd02f7c13956b86bca3c047c932d34f0fc,8/15(土) 15:59
top-picks,ロイター,インドネシア東部で地震 20人死亡,8/15(土) 15:50,https://news.yahoo.co.jp/pickup/6591827,https://news.yahoo.co.jp/articles/11a4eb53e0a41bb8b125a8e59b3425e5b507bfff,8/15(土) 15:50
top-picks,HTB北海道ニュース,海に流された子2人助けに 父死亡,8/15(土) 15:42,https://news.yahoo.co.jp/pickup/6591826,https://news.yahoo.co.jp/articles/2049bea35992a25b1d06e863afe8c5cfd40a8dea,8/15(土) 15:42
top-picks,FITNESS LOVE,寺田心 ボディビル大会終え寝たい,8/15(土) 15:33,https://news.yahoo.co.jp/pickup/6591824,https://news.yahoo.co.jp/articles/3f83e72a6f5dd6028aaadca88b1826c2aa3cbb6a,8/15(土) 15:33
top-picks,読売新聞オンライン,戦死の兄のため 追悼式参列の98歳,8/15(土) 15:26,https://news.yahoo.co.jp/pickup/6591823,https://news.yahoo.co.jp/articles/5436a02880ccaccf721717fe772d9b10f77b6b6c,8/15(土) 15:26
top-picks,SPA!,自分やゆする元東大生 人生の誤算,8/15(土) 15:12,https://news.yahoo.co.jp/pickup/6591822,https://news.yahoo.co.jp/articles/71d8ebbd02f7c13956b86bca3c047c932d34f0fc,8/15(土) 15:12
top-picks,読売新聞オンライン,減税と給付 法案一本化へ政府調整,8/15(土) 14:56,https://news.yahoo.co.jp/pickup/6591819,https://news.yahoo.co.jp/articles/5b14a85094fc48acb215624749b7d9f1ee5d655f,8/15(土) 14:56
top-picks,Full-Count,西武 ウィンゲンターらと契約延長,8/15(土) 14:51,https://news.yahoo.co.jp/pickup/6591817,https://news.yahoo.co.jp/articles/bfffb19ede4641c99c892746bb5139e29e1c7707,8/15(土) 14:51
top-picks,tenki.jp,関東-近畿で局地的に雨雲 警戒を,8/15(土) 14:49,https://news.yahoo.co.jp/pickup/6591818,https://news.yahoo.co.jp/articles/d26209134a7eb30fb0527e123b162449488dc92e,8/15(土) 14:49
top-picks,共同通信,ウ和平仲介 米大統領は二転三転,8/15(土) 14:35,https://news.yahoo.co.jp/pickup/6591816,https://news.yahoo.co.jp/articles/477d6ca6a9faf5c4e0a2b6c879338cf0b74dfe92,8/15(土) 14:35
top-picks,デイリースポーツ,由伸が12勝目 チームの連敗を阻止,8/15(土) 14:23,https://news.yahoo.co.jp/pickup/6591815,https://news.yahoo.co.jp/articles/24aba8bdb3239e1a4bc4c8e14edc3018ed81f6ec,8/15(土) 14:23
top-picks,共同通信,閣僚の靖国参拝 中国が強烈な抗議,8/15(土) 14:19,https://news.yahoo.co.jp/pickup/6591814,,8/15(土) 14:19
top-picks,ロイター,インドネシア地震 5人死亡と発表,8/15(土) 14:15,https://news.yahoo.co.jp/pickup/6591813,https://news.yahoo.co.jp/articles/3f7d24f89ba7fd07a35ea2ed5002ea62a46b8ec2,8/15(土) 14:15
top-picks,弁護士ドットコムニュース,車水没 保険適用のためすべきこと,8/15(土) 14:06,https://news.yahoo.co.jp/pickup/6591810,https://news.yahoo.co.jp/articles/c3cd109cd647fab53bfdef1e61af8442306c75c7,8/15(土) 14:06
top-picks,デイリースポーツ,由伸が快投 6回9K1失点で12勝目,8/15(土) 14:04,https://news.yahoo.co.jp/pickup/6591812,https://news.yahoo.co.jp/articles/24aba8bdb3239e1a4bc4c8e14edc3018ed81f6ec,8/15(土) 14:04
top-picks,スポーツ報知,智弁和歌山 11回の激闘を制し8強,8/15(土) 13:58,https://news.yahoo.co.jp/pickup/6591811,https://news.yahoo.co.jp/articles/bf0ba920a5263923e229f677e2aac582ec8f6d83,8/15(土) 13:58
top-picks,くるまのニュース,外国人の重大事故が増加傾向 背景,8/15(土) 13:45,https://news.yahoo.co.jp/pickup/6591807,https://news.yahoo.co.jp/articles/6a83016cd8d1395d563262c4d61c650301cd88ed,8/15(土) 13:45
top-picks,共同通信,千葉豪雨 路上放置の車撤去続く,8/15(土) 13:27,https://news.yahoo.co.jp/pickup/6591808,,8/15(土) 13:27
top-picks,スポーツナビ,速報 ドジャースvs.ブリュワーズ,8/15(土) 13:00,https://news.yahoo.co.jp/pickup/6591805,https://news.yahoo.co.jp/articles/55dfa07d7c4ff62e3d26689351d894d40635e3a5,8/15(土) 13:00
top-picks,シネマトゥデイ,「キングダム ハーツ」アニメ化へ,8/15(土) 12:58,https://news.yahoo.co.jp/pickup/6591804,https://news.yahoo.co.jp/articles/d4359cb3def13e38ae6f5d866c67bcb1453e35b2,8/15(土) 12:58
top-picks,BBC News,壁から大量の金貨や金塊 ベルギー,8/15(土) 12:50,https://news.yahoo.co.jp/pickup/6591802,https://news.yahoo.co.jp/articles/b4f5fa6a474e1841acdce988bd9d1ec48ef12bc7,8/15(土) 12:50
top-picks,朝日新聞,首相「反省」触れず 戦没者追悼式,8/15(土) 12:48,https://news.yahoo.co.jp/pickup/6591801,https://news.yahoo.co.jp/articles/d0e636868e411a9a66160125834283943a75a2af,8/15(土) 12:48
top-picks,共同通信,李大統領 日韓協力の拡大を表明,8/15(土) 12:38,https://news.yahoo.co.jp/pickup/6591800,https://news.yahoo.co.jp/articles/1b4e4d2bceb7ec97a9d17141fa54de792951a3d1,8/15(土) 12:38
top-picks,デイリースポーツ,ボディビル大会に寺田心 どよめき,8/15(土) 12:14,https://news.yahoo.co.jp/pickup/6591799,https://news.yahoo.co.jp/articles/99240ab895de2e94e504431105b02ed1cd47ba27,8/15(土) 12:14
top-picks,読売新聞オンライン,インドネシアM7.7倒壊で2人死亡,8/15(土) 11:52,https://news.yahoo.co.jp/pickup/6591798,https://news.yahoo.co.jp/articles/574b8a48f07b146cf097a5ac4437fcf0f470728c,8/15(土) 11:52
top-picks,Yahoo!ニュース,中継 終戦81年の全国戦没者追悼式,8/15(土) 11:40,https://news.yahoo.co.jp/pickup/6591791,,8/15(土) 11:40
top-picks,読売新聞オンライン,「死にに帰った」同級生 空襲犠牲,8/15(土) 11:35,https://news.yahoo.co.jp/pickup/6591797,https://news.yahoo.co.jp/articles/6b0ab1830d3aa35c0be7bc610fc1f5c236401a4b,8/15(土) 11:35
top-picks,読売新聞オンライン,疎開先から帰京 生死を分けたもの,8/15(土) 11:26,https://news.yahoo.co.jp/pickup/6591796,https://news.yahoo.co.jp/articles/6b0ab1830d3aa35c0be7bc610fc1f5c236401a4b,8/15(土) 11:26
top-picks,ロイター,インドネシアM7.7現地で津波観測,8/15(土) 11:11,https://news.yahoo.co.jp/pickup/6591795,https://news.yahoo.co.jp/articles/3f7d24f89ba7fd07a35ea2ed5002ea62a46b8ec2,8/15(土) 11:11
top-picks,スポーツナビ,速報ドジャース 山本由伸が先発,8/15(土) 11:08,https://news.yahoo.co.jp/pickup/6591789,https://news.yahoo.co.jp/articles/55dfa07d7c4ff62e3d26689351d894d40635e3a5,8/15(土) 11:08
top-picks,スポーツナビ,速報 敦賀気比vs.智弁和歌山,8/15(土) 11:03,https://news.yahoo.co.jp/pickup/6591786,https://news.yahoo.co.jp/articles/ce0182fb720f8e7c03f5fa44812c8c9fe7ee03bc,8/15(土) 11:03
top-picks,スポーツ報知,大橋未歩アナ 不妊治療と流産告白,8/15(土) 10:39,https://news.yahoo.co.jp/pickup/6591790,https://news.yahoo.co.jp/articles/a83c96bb971a58fa9da8449937000544eb103041,8/15(土) 10:39
top-picks,弁護士ドットコムニュース,一緒にいたくて 冷凍庫に子を遺棄,8/15(土) 9:58,https://news.yahoo.co.jp/pickup/6591788,https://news.yahoo.co.jp/articles/91ea0421d5d9824ad564eb7bd4f109fa225ea5be,8/15(土) 9:58
top-picks,ＡＦＰ＝時事,インドネシアM7.7現地は津波警戒,8/15(土) 9:53,https://news.yahoo.co.jp/pickup/6591784,https://news.yahoo.co.jp/articles/fe2bc5d37b9d4257547f96fa94a2b50f25b59ea8,8/15(土) 9:53
top-picks,TBS NEWS DIG Powered by JNN,米治安当局が訓練にAI 実戦を再現,8/15(土) 9:44,https://news.yahoo.co.jp/pickup/6591781,https://news.yahoo.co.jp/articles/ecbacb11bc04a334d06a4a11d3dfff322e6aa376,8/15(土) 9:44
top-picks,デイリースポーツ,村上27号 大谷と並び日本勢トップ,8/15(土) 9:28,https://news.yahoo.co.jp/pickup/6591783,https://news.yahoo.co.jp/articles/b374a15eef86cdb8f33c28c877b8a2f336c0911a,8/15(土) 9:28
top-picks,TBS NEWS DIG Powered by JNN,自民幹部ら相次ぎ靖国神社を参拝,8/15(土) 9:08,https://news.yahoo.co.jp/pickup/6591779,https://news.yahoo.co.jp/articles/1feae511184b738d64b1258a13c095e630d09742,8/15(土) 9:08
top-picks,デイリースポーツ,村上宗隆が27号 日本勢トップタイ,8/15(土) 9:07,https://news.yahoo.co.jp/pickup/6591775,https://news.yahoo.co.jp/articles/b374a15eef86cdb8f33c28c877b8a2f336c0911a,8/15(土) 9:07
top-picks,メ～テレ（名古屋テレビ）,病院敷地に遺体遺棄疑い 3人逮捕,8/15(土) 9:06,https://news.yahoo.co.jp/pickup/6591777,https://news.yahoo.co.jp/articles/6a984159f32951f3e292263dd68f3bef0a655225,8/15(土) 9:06
top-picks,テレビ朝日系（ANN）,日本軍の秘密作戦 石油部隊とは,8/15(土) 8:43,https://news.yahoo.co.jp/pickup/6591772,https://news.yahoo.co.jp/articles/a9190203e860b8999d05fd7564bcf5d84674a5f0,8/15(土) 8:43
top-picks,時事通信,15歳未満SNS禁止に違憲判断 仏,8/15(土) 8:37,https://news.yahoo.co.jp/pickup/6591773,https://news.yahoo.co.jp/articles/5f8e502b93b349a14760e48801c29228881014a3,8/15(土) 8:37
top-picks,読売新聞オンライン,駅長かなわず戦死 父の無念思う娘,8/15(土) 8:31,https://news.yahoo.co.jp/pickup/6591771,,8/15(土) 8:31
top-picks,テレビ朝日系（ANN）,車の中に人が 豪雨で一変した街,8/15(土) 8:16,https://news.yahoo.co.jp/pickup/6591770,https://news.yahoo.co.jp/articles/1c0e7f00bd80b7f5a783f16268386d217876e3da,8/15(土) 8:16
top-picks,オタク総研,ニコニコ動画 有料会員90万人割れ,8/15(土) 8:12,https://news.yahoo.co.jp/pickup/6591769,https://news.yahoo.co.jp/articles/d2e7f2fc72baa1fdba0e5893ec2f6a6b363c7ef2,8/15(土) 8:12
top-picks,FNNプライムオンライン（フジテレビ系）,インドネシア付近でM7.7の地震,8/15(土) 7:59,https://news.yahoo.co.jp/pickup/6591768,,8/15(土) 7:59
top-picks,ロイター,米大統領 海峡巡り強硬姿勢強める,8/15(土) 7:57,https://news.yahoo.co.jp/pickup/6591767,https://news.yahoo.co.jp/articles/14d4ed6d010ec44c74febe5ab354f90a9e8f7cc6,8/15(土) 7:57
top-picks,時事通信,自民幹部 靖国に集団参拝で調整,8/15(土) 7:50,https://news.yahoo.co.jp/pickup/6591765,https://news.yahoo.co.jp/articles/e97f412c8e6c76821931a13f8ecda33b00e5e48e,8/15(土) 7:50
top-picks,熊本ニュース KAB ONLINE,映像 防犯カメラに断層出現の瞬間,8/15(土) 7:43,https://news.yahoo.co.jp/pickup/6591766,https://news.yahoo.co.jp/articles/f6ffdc86c6c7df8925210514286d402561c9065d,8/15(土) 7:43
top-picks,共同通信,7道府県が副首都申請を検討 共同,8/15(土) 7:40,https://news.yahoo.co.jp/pickup/6591762,,8/15(土) 7:40
top-picks,スポニチアネックス,鈴木誠也が21号 値千金の3ラン,8/15(土) 7:36,https://news.yahoo.co.jp/pickup/6591761,https://news.yahoo.co.jp/articles/2482a308bb3e347a3355a4e6b81f5b546a012a41,8/15(土) 7:36
top-picks,tenki.jp,15日 九州-東北で急な雷雨の恐れ,8/15(土) 7:34,https://news.yahoo.co.jp/pickup/6591764,https://news.yahoo.co.jp/articles/8b3e843f0d0644d6c183604c45fe0e35d2ab648a,8/15(土) 7:34
top-picks,共同通信,衆院区割り改定 12道府県が対象か,8/15(土) 7:33,https://news.yahoo.co.jp/pickup/6591763,https://news.yahoo.co.jp/articles/5b3259326bc91a834611c4ca1c170f18c82a4ebb,8/15(土) 7:33
top-picks,スポニチアネックス,村上宗隆 熊本に1千万円を寄付へ,8/15(土) 7:20,https://news.yahoo.co.jp/pickup/6591759,https://news.yahoo.co.jp/articles/0d1e0e685810b66143466b40504404a5eea08053,8/15(土) 7:20
top-picks,日刊スポーツ,はたらく細胞を歌舞伎化 愛之助ら,8/15(土) 7:19,https://news.yahoo.co.jp/pickup/6591760,https://news.yahoo.co.jp/articles/6c6a9561bb17ccc4695e36109bf1e5ffa6ad65df,8/15(土) 7:19
top-picks,メディカルドック,余命数週間と突然告知され 男性涙,8/15(土) 0:07,https://news.yahoo.co.jp/pickup/6591758,https://news.yahoo.co.jp/articles/72437d219a4948a292c6a5075ac4f8695c250b9d,8/15(土) 0:07
top-picks,時事通信,択捉島 露大統領は人気回復狙いか,8/15(土) 0:02,https://news.yahoo.co.jp/pickup/6591757,https://news.yahoo.co.jp/articles/82808bef16f657bee7c190916d6c359ba67c514f,8/15(土) 0:02
top-picks,読売新聞オンライン,千葉豪雨 住民も加わり懸命な救助,8/15(土) 0:00,https://news.yahoo.co.jp/pickup/6591756,https://news.yahoo.co.jp/articles/cf0ea617e65bc58026b407a2a3ca27b8c6f64ddc,8/15(土) 0:00
top-picks,ITmedia Mobile,スマホ水没・水ぬれ時 NGな行為,8/14(金) 23:42,https://news.yahoo.co.jp/pickup/6591755,https://news.yahoo.co.jp/articles/1b1762b8865fb4dc1b9c3ed7679a680d3bbf0bd3,8/14(金) 23:42
top-picks,時事通信,ニチレイ 従業員の個人情報流出か,8/14(金) 23:33,https://news.yahoo.co.jp/pickup/6591754,https://news.yahoo.co.jp/articles/c2956136da3e6fdba1a1d26d4357c33cc43f5000,8/14(金) 23:33
top-picks,共同通信,横浜市長に辞職要求 市議会3会派,8/14(金) 23:26,https://news.yahoo.co.jp/pickup/6591753,https://news.yahoo.co.jp/articles/fef42abca56845992de5def3f4fb6dadd125fa61,8/14(金) 23:26
top-picks,ウェザーマップ,千葉県 明け方まで激しい雷雨恐れ,8/14(金) 23:16,https://news.yahoo.co.jp/pickup/6591752,https://news.yahoo.co.jp/articles/4438d619e358a5bbadff86deb267d7e87de65ef6,8/14(金) 23:16
top-picks,ロイター,エルニーニョ 非常に強くなる恐れ,8/14(金) 23:05,https://news.yahoo.co.jp/pickup/6591750,https://news.yahoo.co.jp/articles/570f7c42df9f32e53b7bca8efdb7cb64a2617105,8/14(金) 23:05
top-picks,日刊スポーツ,横浜・織田の初球 甲子園どよめく,8/14(金) 22:48,https://news.yahoo.co.jp/pickup/6591751,https://news.yahoo.co.jp/articles/95fc7c1b13d984a64f2b8338e835f82c70d11cd7,8/14(金) 22:48
top-picks,日刊スポーツ,横浜・織田の初球153km 捕手驚き,8/14(金) 22:40,https://news.yahoo.co.jp/pickup/6591748,https://news.yahoo.co.jp/articles/95fc7c1b13d984a64f2b8338e835f82c70d11cd7,8/14(金) 22:40
top-picks,ENCOUNT,ハマ・オカモト 脱退も芸名は継続,8/14(金) 21:26,https://news.yahoo.co.jp/pickup/6591745,https://news.yahoo.co.jp/articles/a39c9d5df3c5cce9602531073abf412375674138,8/14(金) 21:26
top-picks,河北新報,バスローブで報道対応 県職員処分,8/14(金) 21:14,https://news.yahoo.co.jp/pickup/6591746,https://news.yahoo.co.jp/articles/a7a2bf39906201fd986b48e961bee8a252c39d21,8/14(金) 21:14
top-picks,TBS NEWS DIG Powered by JNN,横浜が日南学園に10得点快勝,8/14(金) 20:55,https://news.yahoo.co.jp/pickup/6591744,https://news.yahoo.co.jp/articles/921a2fa9a9c3e164fee2c5112133f5f408334cf2,8/14(金) 20:55
top-picks,千葉日報オンライン,アンダーパス 停電で排水できず,8/14(金) 20:38,https://news.yahoo.co.jp/pickup/6591743,https://news.yahoo.co.jp/articles/d32e38d32e3e66aaf146e9e3f78207e768dbbb09,8/14(金) 20:38
top-picks,河北新報,喫煙し報道対応の県職員 懲戒処分,8/14(金) 20:37,https://news.yahoo.co.jp/pickup/6591739,https://news.yahoo.co.jp/articles/a7a2bf39906201fd986b48e961bee8a252c39d21,8/14(金) 20:37
top-picks,音楽ナタリー,ハマ・オカモト OKAMOTO'S脱退,8/14(金) 20:20,https://news.yahoo.co.jp/pickup/6591742,https://news.yahoo.co.jp/articles/ae3f569a57915ed1a438ccdd5106850d7b45caa2,8/14(金) 20:20
top-picks,関西テレビ,深夜の爆音「走り屋」の言い分,8/14(金) 20:15,https://news.yahoo.co.jp/pickup/6591741,https://news.yahoo.co.jp/articles/a9a2d1e7f6de37eb9d05bc7ec8d8665a80d7f3fd,8/14(金) 20:15
top-picks,千葉日報オンライン,冠水した国道 停電で排水できず,8/14(金) 20:14,https://news.yahoo.co.jp/pickup/6591732,https://news.yahoo.co.jp/articles/d32e38d32e3e66aaf146e9e3f78207e768dbbb09,8/14(金) 20:14
top-picks,スポーツナビ,速報 横浜が日南学園をリード,8/14(金) 20:06,https://news.yahoo.co.jp/pickup/6591738,https://news.yahoo.co.jp/articles/54aefa9211d66e899e70837a03ac1574e6e2616c,8/14(金) 20:06
top-picks,ベースボールチャンネル,夏の甲子園 16強を前に公立勢全滅,8/14(金) 19:58,https://news.yahoo.co.jp/pickup/6591733,https://news.yahoo.co.jp/articles/7bc010ffd6768e6d41e15ae7fba92d50f3eba7c7,8/14(金) 19:58
top-picks,千葉日報オンライン,千葉豪雨 放置車両1200台超見通し,8/14(金) 19:53,https://news.yahoo.co.jp/pickup/6591735,https://news.yahoo.co.jp/articles/65ca93a716259139d291d66ecf760835088ff704,8/14(金) 19:53
top-picks,tenki.jp,関東など 15日にかけ激しい雨注意,8/14(金) 19:41,https://news.yahoo.co.jp/pickup/6591730,https://news.yahoo.co.jp/articles/562a67962b59f7022beca5ef9166e74c9698ab67,8/14(金) 19:41
top-picks,J-CASTニュース,高さ日本一 観覧車8カ月以上停止,8/14(金) 19:37,https://news.yahoo.co.jp/pickup/6591731,https://news.yahoo.co.jp/articles/d4a5ce35d4676afbc42446cf45ec2636d7c1081b,8/14(金) 19:37
top-picks,Bloomberg,首相が長文投稿 物価高対策を説明,8/14(金) 19:15,https://news.yahoo.co.jp/pickup/6591728,https://news.yahoo.co.jp/articles/36dfd8212249bb2c466134fa9400213f1bdb4d9b,8/14(金) 19:15
top-picks,オリコン,堺雅人 小野花梨と再会に満面笑み,8/14(金) 19:07,https://news.yahoo.co.jp/pickup/6591727,https://news.yahoo.co.jp/articles/ee143088247aaa9c86b83806cf52b67a2dfa996a,8/14(金) 19:07
top-picks,関西テレビ,深夜の爆音「走り屋の聖地」実態,8/14(金) 18:59,https://news.yahoo.co.jp/pickup/6591724,https://news.yahoo.co.jp/articles/a9a2d1e7f6de37eb9d05bc7ec8d8665a80d7f3fd,8/14(金) 18:59
top-picks,読売新聞オンライン,戦犯として裁かれた父 罪感じる娘,8/14(金) 18:53,https://news.yahoo.co.jp/pickup/6591726,https://news.yahoo.co.jp/articles/4231073f6ce3a0f4a5a032aa19dacb39a7372da4,8/14(金) 18:53
top-picks,西日本新聞me,福岡県議長の辞職勧告決議案 提出,8/14(金) 18:45,https://news.yahoo.co.jp/pickup/6591725,https://news.yahoo.co.jp/articles/aa392672109a998020d1f2da5dd1b3f6da9318b1,8/14(金) 18:45
top-picks,オリコン,宝くじ・ロト7 千葉県で1等12億円,8/14(金) 18:34,https://news.yahoo.co.jp/pickup/6591723,https://news.yahoo.co.jp/articles/e32d5d9504ed8b9254f01b5cccfd8ec75be6f446,8/14(金) 18:34
top-picks,スポーツナビ,速報甲子園 日南学園vs.横浜,8/14(金) 18:32,https://news.yahoo.co.jp/pickup/6591722,https://news.yahoo.co.jp/articles/41092f21bc220dffba214eafa9eea7f8f4774bb0,8/14(金) 18:32
top-picks,千葉日報オンライン,千葉豪雨少なくとも放置車両200台,8/14(金) 18:14,https://news.yahoo.co.jp/pickup/6591720,https://news.yahoo.co.jp/articles/afb1a58f0910fa9bb3ac7c9b8319a70c1c84af12,8/14(金) 18:14
top-picks,THE ANSWER,八村塁 2年ぶり代表復帰の理由,8/14(金) 18:04,https://news.yahoo.co.jp/pickup/6591718,https://news.yahoo.co.jp/articles/6e4ea625cc5ae9d8b544cde9fe2f46a5e4cf1711,8/14(金) 18:04
top-picks,窓の杜,GPT-5.6 Sol「Ultrafast」発表,8/14(金) 18:00,https://news.yahoo.co.jp/pickup/6591717,https://news.yahoo.co.jp/articles/575f825920f1c2cbbd6946c4fb2dab3b759b40c1,8/14(金) 18:00
top-picks,テレビ朝日系（ANN）,初任給100万円の会社 応募1300人,8/14(金) 17:44,https://news.yahoo.co.jp/pickup/6591715,https://news.yahoo.co.jp/articles/aa9f8f6f0c704c19fa264ecf99180a6ef65579ee,8/14(金) 17:44
top-picks,読売新聞オンライン,声届かず沈む車 住民が窓割り救助,8/14(金) 17:34,https://news.yahoo.co.jp/pickup/6591716,https://news.yahoo.co.jp/articles/25c0d78f91d81fce94fc8894df1558dad90fa66a,8/14(金) 17:34
top-picks,読売新聞オンライン,戦後50年に再会「BC級戦犯」の父,8/14(金) 17:29,https://news.yahoo.co.jp/pickup/6591714,https://news.yahoo.co.jp/articles/4231073f6ce3a0f4a5a032aa19dacb39a7372da4,8/14(金) 17:29
top-picks,産経新聞,英国籍の中学生 日本旅行中に不明,8/14(金) 17:27,https://news.yahoo.co.jp/pickup/6591713,https://news.yahoo.co.jp/articles/320cb6512b56a9f66df5f20a0bb53c95166b6ad3,8/14(金) 17:27
top-picks,読売新聞オンライン,水没した車 住民が泳ぎ窓割り救助,8/14(金) 17:13,https://news.yahoo.co.jp/pickup/6591710,https://news.yahoo.co.jp/articles/25c0d78f91d81fce94fc8894df1558dad90fa66a,8/14(金) 17:13
top-picks,HBCニュース北海道,海で流された子助けに 父心肺停止,8/14(金) 17:07,https://news.yahoo.co.jp/pickup/6591712,https://news.yahoo.co.jp/articles/55788f6a5b8a9766dec7ff92c8a87ce831dec747,8/14(金) 17:07
top-picks,高校野球ドットコム,花巻東 3年ぶり2回戦突破で16強,8/14(金) 16:58,https://news.yahoo.co.jp/pickup/6591708,https://news.yahoo.co.jp/articles/cf3668c4a243c404dab7e98b52ec297c24c29ba4,8/14(金) 16:58
top-picks,tenki.jp,関東 局地的に非常に激しい雨恐れ,8/14(金) 16:35,https://news.yahoo.co.jp/pickup/6591705,https://news.yahoo.co.jp/articles/f5ea432a571077a2a67d0df2eb99a94ffd23b75a,8/14(金) 16:35
top-picks,共同通信,政府 択捉島巡り露に対抗措置検討,8/14(金) 16:33,https://news.yahoo.co.jp/pickup/6591704,https://news.yahoo.co.jp/articles/6d020ebb74111e1fd03b045c4e1d50677a907f9f,8/14(金) 16:33
top-picks,RKK熊本放送,阿蘇中岳 噴火警戒レベル3に,8/14(金) 16:10,https://news.yahoo.co.jp/pickup/6591699,https://news.yahoo.co.jp/articles/0eb7f94776ed445d49f688584c46d5b696854347,8/14(金) 16:10
top-picks,Yahoo!天気・災害,火山情報,8/14(金) 15:51,https://news.yahoo.co.jp/pickup/6583464,,8/14(金) 15:51
top-picks,TBS NEWS DIG Powered by JNN,千葉豪雨で8人死亡 約7400人避難,8/14(金) 15:46,https://news.yahoo.co.jp/pickup/6591698,https://news.yahoo.co.jp/articles/31c917a43b9c4a89682b52e13adc2106fcd2c7a6,8/14(金) 15:46
top-picks,FASHIONSNAP,アシックス商事 解散・清算の方針,8/14(金) 15:46,https://news.yahoo.co.jp/pickup/6591697,https://news.yahoo.co.jp/articles/0789f0ed5f93c8bc6a33ed6d34a1093deb105a1c,8/14(金) 15:46
top-picks,THE ANSWER,衝撃 ゴルフ安田祐香が初日で-11,8/14(金) 15:32,https://news.yahoo.co.jp/pickup/6591695,https://news.yahoo.co.jp/articles/789463451b32304d186d9d80d45cd6a0b07aac1f,8/14(金) 15:32
top-picks,読売新聞オンライン,折りたたみスマホの発売続々 狙い,8/14(金) 15:00,https://news.yahoo.co.jp/pickup/6591694,https://news.yahoo.co.jp/articles/c17da4ce73cb5fb2ad78ad5e565378e38ce0cb91,8/14(金) 15:00
top-picks,TBS NEWS DIG Powered by JNN,千葉豪雨7人死亡 1人が行方不明,8/14(金) 14:56,https://news.yahoo.co.jp/pickup/6591693,https://news.yahoo.co.jp/articles/ef224eb95e26b5f43d378cdb5b36f7f1a78b7ee9,8/14(金) 14:56
top-picks,tenki.jp,千葉県 記録的な豪雨となった理由,8/14(金) 14:44,https://news.yahoo.co.jp/pickup/6591692,https://news.yahoo.co.jp/articles/7bf612848bc221ef508850ec4f0dd01e083e4974,8/14(金) 14:44
top-picks,FNNプライムオンライン（フジテレビ系）,気象庁 令和8年8月千葉豪雨と命名,8/14(金) 14:31,https://news.yahoo.co.jp/pickup/6591691,https://news.yahoo.co.jp/articles/10eeb0e55e103237d85c79fa4c3bf943dc629745,8/14(金) 14:31
top-picks,日刊スポーツ,シュワバー トウモロコシ畑へ2HR,8/14(金) 14:17,https://news.yahoo.co.jp/pickup/6591690,https://news.yahoo.co.jp/articles/22128d62f3153ca4cd3c13bb9a91d2d44c02f215,8/14(金) 14:17
top-picks,朝日新聞,帰りたい 豪雨で帰宅困難者が続出,8/14(金) 14:10,https://news.yahoo.co.jp/pickup/6591689,https://news.yahoo.co.jp/articles/271361de107945ffc55864d697b624b04c778357,8/14(金) 14:10
top-picks,AERA DIGITAL,虫歯20本 デンタルネグレクト実態,8/14(金) 13:53,https://news.yahoo.co.jp/pickup/6591688,https://news.yahoo.co.jp/articles/3225e85ad403110c04e79cc27709befb38c15589,8/14(金) 13:53
top-picks,TBS NEWS DIG Powered by JNN,午後も関東は大雨恐れ 厳重警戒を,8/14(金) 13:40,https://news.yahoo.co.jp/pickup/6591687,https://news.yahoo.co.jp/articles/79d8d12416ee09ccea0e8c44bd483229cd043376,8/14(金) 13:40
top-picks,読売テレビ,BBQ客のゴミ深刻化 クマ誘う恐れ,8/14(金) 13:32,https://news.yahoo.co.jp/pickup/6591686,https://news.yahoo.co.jp/articles/7d4222962e17609d5075bef34538b2c929276190,8/14(金) 13:32
top-picks,スポーツ報知,スキージャンプ銅 丸山希が結婚,8/14(金) 13:19,https://news.yahoo.co.jp/pickup/6591685,https://news.yahoo.co.jp/articles/b49009887c9e1475af40c118c0f5efd64af965bd,8/14(金) 13:19
top-picks,読売新聞オンライン,千葉大雨6人死亡 1人が心肺停止,8/14(金) 13:02,https://news.yahoo.co.jp/pickup/6591684,https://news.yahoo.co.jp/articles/045090c3a101df929cb6e41ecafda152c103793b,8/14(金) 13:02
top-picks,Yahoo!天気・災害「防災手帳」,室外機浸水したら まずは使用中止,8/14(金) 13:00,https://news.yahoo.co.jp/pickup/6591683,,8/14(金) 13:00
top-picks,ABEMA TIMES,千葉大雨でガス異常 1万戸超停止,8/14(金) 12:57,https://news.yahoo.co.jp/pickup/6591682,,8/14(金) 12:57
top-picks,Kstyle,TWICEチェヨン 事務所が破局否定,8/14(金) 12:47,https://news.yahoo.co.jp/pickup/6591680,https://news.yahoo.co.jp/articles/303b70fda911f3f12bf8abb935ec7adf23d9e614,8/14(金) 12:47
top-picks,Yahoo!路線情報,大雨から一夜 関東の鉄道運行情報,8/14(金) 12:38,https://news.yahoo.co.jp/pickup/6591678,,8/14(金) 12:38
top-picks,オリコン,「ぽこポケ」世界販売500万本突破,8/14(金) 12:22,https://news.yahoo.co.jp/pickup/6591677,https://news.yahoo.co.jp/articles/a6c735b4da2065b5732a39112e59a642423830c1,8/14(金) 12:22
top-picks,スポーツ報知,北川景子「夫婦共演」で笑い呼ぶ,8/14(金) 12:17,https://news.yahoo.co.jp/pickup/6591679,https://news.yahoo.co.jp/articles/e513dabf8ebddfaa856615a7dfdffcc95b7d17ef,8/14(金) 12:17
top-picks,毎日新聞,千葉市で1人死亡 大雨の死者5人に,8/14(金) 12:04,https://news.yahoo.co.jp/pickup/6591676,https://news.yahoo.co.jp/articles/fd65366a17942cf1f8384003bcbdc92928df2ba9,8/14(金) 12:04
top-picks,スポーツ報知,北川景子が「夫婦共演」DAI語披露,8/14(金) 12:01,https://news.yahoo.co.jp/pickup/6591675,https://news.yahoo.co.jp/articles/e513dabf8ebddfaa856615a7dfdffcc95b7d17ef,8/14(金) 12:01
top-picks,共同通信,北方領土巡る日本の抗議 露が反発,8/14(金) 11:55,https://news.yahoo.co.jp/pickup/6591673,https://news.yahoo.co.jp/articles/3dcaf8f3c988562dbb4a3b63be8db996aa0428ef,8/14(金) 11:55
top-picks,スポニチアネックス,森下 清原氏ペースの通算50死球,8/14(金) 11:42,https://news.yahoo.co.jp/pickup/6591674,https://news.yahoo.co.jp/articles/6373772f0aeef39af6b3ca2c8b3f650d4f79d083,8/14(金) 11:42
top-picks,共同通信,千葉駅 一夜明かした家族連れも,8/14(金) 10:53,https://news.yahoo.co.jp/pickup/6591672,https://news.yahoo.co.jp/articles/aa9f58f295deb3c5817b5a92f6d4ef832f70c7ea,8/14(金) 10:53
top-picks,日テレNEWS NNN,広い範囲で浸水 上空からの映像,8/14(金) 10:35,https://news.yahoo.co.jp/pickup/6591668,https://news.yahoo.co.jp/articles/4fcacdae3b734af363c039f9287f4ea9a78f6c26,8/14(金) 10:35
top-picks,TBS NEWS DIG Powered by JNN,単独では限界 日米協調介入の内幕,8/14(金) 10:26,https://news.yahoo.co.jp/pickup/6591671,https://news.yahoo.co.jp/articles/4eff4e1720d876618ec6d9574098bb2ebc485b14,8/14(金) 10:26
top-picks,毎日新聞,パワハラの横浜市長 市議追及に涙,8/14(金) 10:21,https://news.yahoo.co.jp/pickup/6591670,https://news.yahoo.co.jp/articles/e994082d36423f770ce24f703760130941f7a06c,8/14(金) 10:21
top-picks,共同通信,ガラスのうさぎ 高木敏子さん死去,8/14(金) 10:09,https://news.yahoo.co.jp/pickup/6591669,https://news.yahoo.co.jp/articles/e85ba68f93895c63d829bd4e695e20e8290a9508,8/14(金) 10:09
top-picks,ロイター,マスク氏 スペースX株48.4%保有,8/14(金) 9:52,https://news.yahoo.co.jp/pickup/6591667,https://news.yahoo.co.jp/articles/3c486193a098e6c6c242b758f7d38eaec6642a4c,8/14(金) 9:52
top-picks,テレビ朝日系（ANN）,千葉市など 約2万5300軒が停電,8/14(金) 9:44,https://news.yahoo.co.jp/pickup/6591666,,8/14(金) 9:44
top-picks,tenki.jp,関東・東北 夕方から雨強まる予想,8/14(金) 9:25,https://news.yahoo.co.jp/pickup/6591665,https://news.yahoo.co.jp/articles/522288b52cdb2d24e95c24a847385e8970201da4,8/14(金) 9:25
top-picks,FNNプライムオンライン（フジテレビ系）,帰宅困難の約4千人 自衛隊が輸送,8/14(金) 9:18,https://news.yahoo.co.jp/pickup/6591664,https://news.yahoo.co.jp/articles/2ad8947b275e7d6a5a79f5c28503888f78b15f88,8/14(金) 9:18
top-picks,ENCOUNT,サマソニ東京 予定通り千葉で開催,8/14(金) 9:03,https://news.yahoo.co.jp/pickup/6591662,https://news.yahoo.co.jp/articles/5fb1e61695989cdb2d156c4e0c52b535a3a7ac17,8/14(金) 9:03
top-picks,時事通信,米当局 北方領土は「日本に主権」,8/14(金) 9:00,https://news.yahoo.co.jp/pickup/6591659,,8/14(金) 9:00
top-picks,毎日新聞,千葉大雨の死者4人に 行方不明1人,8/14(金) 8:45,https://news.yahoo.co.jp/pickup/6591663,https://news.yahoo.co.jp/articles/5becafb1eb7c6b8fd82c3e7b697a58a218a7bef7,8/14(金) 8:45
top-picks,日テレNEWS NNN,一夜明けた千葉 上空からの映像,8/14(金) 8:28,https://news.yahoo.co.jp/pickup/6591661,https://news.yahoo.co.jp/articles/e3219d684ec1eda91050208ac0785017fe576561,8/14(金) 8:28
top-picks,朝日新聞,患者のX線画像 9病院で流出疑い,8/14(金) 8:13,https://news.yahoo.co.jp/pickup/6591658,https://news.yahoo.co.jp/articles/a548d2421d81d22446cf713bcc0e8ec2b4f19b2b,8/14(金) 8:13
top-picks,TBS NEWS DIG Powered by JNN,成田空港に7000人が滞留 大雨影響,8/14(金) 8:01,https://news.yahoo.co.jp/pickup/6591657,https://news.yahoo.co.jp/articles/45513709f30f18243cc00b4da2e9e2e95e17672f,8/14(金) 8:01
top-picks,日刊スポーツ,異色のふぉ～ゆ～ CDデビューへ,8/14(金) 7:48,https://news.yahoo.co.jp/pickup/6591655,https://news.yahoo.co.jp/articles/d301f25307a18a78492d2c0b3971d68931538765,8/14(金) 7:48
top-picks,読売新聞オンライン,非上場株の算定ルール 見直し方針,8/14(金) 7:41,https://news.yahoo.co.jp/pickup/6591656,https://news.yahoo.co.jp/articles/f0ae316e025b5148173825ef4d149a4b5ed119fb,8/14(金) 7:41
top-picks,オリコン,千葉にいまして 矢部浩之ANN休演,8/14(金) 7:13,https://news.yahoo.co.jp/pickup/6591654,https://news.yahoo.co.jp/articles/04cad04943ad274131d8b2de633fde7f50c8460b,8/14(金) 7:13
top-picks,FNNプライムオンライン（フジテレビ系）,千葉県内 約1万人の帰宅困難者,8/14(金) 6:40,https://news.yahoo.co.jp/pickup/6591653,https://news.yahoo.co.jp/articles/5c5282bb6c1e3e71577c10eb804296f8c9647de5,8/14(金) 6:40
top-picks,共同通信,千葉県で大雨 3人死亡1人心肺停止,8/14(金) 6:27,https://news.yahoo.co.jp/pickup/6591652,https://news.yahoo.co.jp/articles/c5934af33ea42977b9cb1ebfb3de8246587e91cc,8/14(金) 6:27
top-picks,最高気温29℃,千葉県に大雨 最新情報まとめ,,https://news.yahoo.co.jp/pickup/6591651,https://search.yahoo.co.jp/search?fthmid=0cf6556f84d348be9021&p=%E9%A6%96%E9%83%BD%E5%9C%8F%E3%81%AE%E9%81%8B%E8%A1%8C%E6%83%85%E5%A0%B1&fr=follow_pc_themes&rkf=1&ei=UTF-8,8/14(金) 5:51
top-picks,tenki.jp,千葉県の特別警報 危険警報に切替,8/14(金) 5:42,https://news.yahoo.co.jp/pickup/6591650,https://news.yahoo.co.jp/articles/717c1f94b609c406470e5d0497d320217609687e,8/14(金) 5:42
top-picks,FNNプライムオンライン（フジテレビ系）,危険な雨 土砂災害など終日警戒,8/14(金) 5:29,https://news.yahoo.co.jp/pickup/6591649,https://news.yahoo.co.jp/articles/0a84052dd94bd66bd2ca7e7517079d6717041b94,8/14(金) 5:29
top-picks,TBS NEWS DIG Powered by JNN,午前1時 成田空港に6600人が滞留,8/14(金) 5:00,https://news.yahoo.co.jp/pickup/6591647,https://news.yahoo.co.jp/articles/45513709f30f18243cc00b4da2e9e2e95e17672f,8/14(金) 5:00
top-picks,ABEMA TIMES,千葉県内のJR各線 始発から運休,8/14(金) 4:46,https://news.yahoo.co.jp/pickup/6591646,https://news.yahoo.co.jp/articles/f755653b8a78eb805511c05a8e9d59d401b3d54f,8/14(金) 4:46
top-picks,時事通信,千葉県で大雨 1人死亡1人心肺停止,8/14(金) 2:25,https://news.yahoo.co.jp/pickup/6591645,https://news.yahoo.co.jp/articles/2bd965d0c2d7414277692a32248ccfc54e41481f,8/14(金) 2:25
top-picks,FNNプライムオンライン（フジテレビ系）,千葉県北西部などに線状降水帯,8/14(金) 2:17,https://news.yahoo.co.jp/pickup/6591644,https://news.yahoo.co.jp/articles/32885f739404dd21c034801daf9521a086cf4d55,8/14(金) 2:17
top-picks,FNNプライムオンライン（フジテレビ系）,千葉大雨 帰宅時間の駅前に長い列,8/14(金) 0:49,https://news.yahoo.co.jp/pickup/6591643,https://news.yahoo.co.jp/articles/90cbdc6a76934c4d8cfbe8bf782f4aba9414c4c4,8/14(金) 0:49
top-picks,tenki.jp,千葉県に土砂災害特別警報,8/14(金) 0:07,https://news.yahoo.co.jp/pickup/6591642,https://news.yahoo.co.jp/articles/a75b4909f5f4694fac1e703885df44e18e4ca074,8/14(金) 0:07
top-picks,日テレNEWS NNN,千葉県の大雨特別警報 エリア拡大,8/14(金) 0:00,https://news.yahoo.co.jp/pickup/6591641,,8/14(金) 0:00
top-picks,ABEMA TIMES,大雨で帰宅困難 県庁に200人以上,8/13(木) 23:45,https://news.yahoo.co.jp/pickup/6591640,,8/13(木) 23:45
top-picks,FNNプライムオンライン（フジテレビ系）,冠水道路に浮いた男性 死亡を確認,8/13(木) 22:59,https://news.yahoo.co.jp/pickup/6591638,,8/13(木) 22:59
top-picks,共同通信,車内閉じ込めなど多数の通報 千葉,8/13(木) 22:46,https://news.yahoo.co.jp/pickup/6591636,https://news.yahoo.co.jp/articles/3f407b9a2344bb558e587f1e2308671a804bcc0a,8/13(木) 22:46
top-picks,日テレNEWS NNN,千葉県の大雨特別警報 エリア拡大,8/13(木) 22:29,https://news.yahoo.co.jp/pickup/6591634,https://news.yahoo.co.jp/articles/1046fbd457650339cd93abaddeee5b3a9c4c4bab,8/13(木) 22:29
top-picks,Yahoo!天気・災害,千葉県などで停電発生 最新の状況,8/13(木) 22:17,https://news.yahoo.co.jp/pickup/6591633,,8/13(木) 22:17
top-picks,Yahoo!天気・災害,千葉県で大雨 マップで災害情報,8/13(木) 22:14,https://news.yahoo.co.jp/pickup/6591630,,8/13(木) 22:14
top-picks,共同通信,冠水道路で男性が意識不明 搬送,8/13(木) 22:13,https://news.yahoo.co.jp/pickup/6591629,,8/13(木) 22:13
top-picks,日テレNEWS NNN,千葉市と市原市 土砂災害特別警報,8/13(木) 22:04,https://news.yahoo.co.jp/pickup/6591632,,8/13(木) 22:04
top-picks,TBS NEWS DIG Powered by JNN,船橋市 広範囲の道路で冠水相次ぐ,8/13(木) 21:30,https://news.yahoo.co.jp/pickup/6591628,,8/13(木) 21:30
top-picks,,大雨特別警報 各地の河川水位情報,8/13(木) 21:12,https://news.yahoo.co.jp/pickup/6591627,,8/13(木) 21:12
top-picks,最高気温29℃,千葉県に大雨特別警報 最新情報,,https://news.yahoo.co.jp/pickup/6591623,https://search.yahoo.co.jp/search?fthmid=0cf6556f84d348be9021&p=%E9%A6%96%E9%83%BD%E5%9C%8F%E3%81%AE%E9%81%8B%E8%A1%8C%E6%83%85%E5%A0%B1&fr=follow_pc_themes&rkf=1&ei=UTF-8,8/13(木) 21:12
top-picks,ABEMA TIMES,気象庁「経験のないような大雨」,8/13(木) 21:05,https://news.yahoo.co.jp/pickup/6591626,https://news.yahoo.co.jp/articles/76d93cdc8c3ecc62cfc3aede8569bbaf1b5782f3,8/13(木) 21:05
top-picks,Yahoo!リアルタイム検索,千葉県で大雨 現地のSNS投稿,8/13(木) 21:03,https://news.yahoo.co.jp/pickup/6591625,https://news.yahoo.co.jp/articles/d80fb638b73291e397d6a7c26af42536275e6404,8/13(木) 21:03
top-picks,FNNプライムオンライン（フジテレビ系）,露大統領が択捉島を電撃訪問 波紋,8/13(木) 20:50,https://news.yahoo.co.jp/pickup/6591614,https://news.yahoo.co.jp/articles/36d3ce10e50a9fe0c4f3e7c76b71622ed4828f67,8/13(木) 20:50
top-picks,日テレNEWS NNN,埼玉・茨城で線状降水帯発生恐れ,8/13(木) 20:36,https://news.yahoo.co.jp/pickup/6591622,https://news.yahoo.co.jp/articles/9c381f54db29dcab25efcd0b15c3f15b95476821,8/13(木) 20:36
top-picks,テレビ朝日系（ANN）,大雨で車内閉じ込め 女性心肺停止,8/13(木) 20:30,https://news.yahoo.co.jp/pickup/6591621,https://news.yahoo.co.jp/articles/3de5c355efcba1405f181a96afd5e0da6aaed870,8/13(木) 20:30
top-picks,最高気温29℃,中継・気象庁会見 千葉に特別警報,,https://news.yahoo.co.jp/pickup/6591620,https://search.yahoo.co.jp/search?fthmid=0cf6556f84d348be9021&p=%E9%A6%96%E9%83%BD%E5%9C%8F%E3%81%AE%E9%81%8B%E8%A1%8C%E6%83%85%E5%A0%B1&fr=follow_pc_themes&rkf=1&ei=UTF-8,8/13(木) 20:26
top-picks,tenki.jp,命守る行動を 千葉に大雨特別警報,8/13(木) 20:23,https://news.yahoo.co.jp/pickup/6591619,https://news.yahoo.co.jp/articles/8c4a7d0e56df3d6caa97c753c513cb85ccb57774,8/13(木) 20:23
top-picks,最高気温29℃,千葉県に大雨特別警報 最新情報,,https://news.yahoo.co.jp/pickup/6591617,https://search.yahoo.co.jp/search?fthmid=0cf6556f84d348be9021&p=%E9%A6%96%E9%83%BD%E5%9C%8F%E3%81%AE%E9%81%8B%E8%A1%8C%E6%83%85%E5%A0%B1&fr=follow_pc_themes&rkf=1&ei=UTF-8,8/13(木) 19:59
top-picks,,安全確保を 大雨のときのNG行動,8/13(木) 19:41,https://news.yahoo.co.jp/pickup/6589507,,8/13(木) 19:41
top-picks,日テレNEWS NNN,千葉県北西部に大雨特別警報,8/13(木) 19:40,https://news.yahoo.co.jp/pickup/6591616,,8/13(木) 19:40
top-picks,magacol,長谷川京子 板谷由夏らと集まる訳,8/13(木) 19:19,https://news.yahoo.co.jp/pickup/6591613,https://news.yahoo.co.jp/articles/1ccb62679ef437234e1c2f6d986abcdc97878624,8/13(木) 19:19
top-picks,日テレNEWS NNN,藤川監督怒り 森下に2戦連続死球,8/13(木) 19:14,https://news.yahoo.co.jp/pickup/6591611,https://news.yahoo.co.jp/articles/c0278d93958398b0709a04f5b0ef39cde11b4096,8/13(木) 19:14
top-picks,Yahoo!路線情報,大雨 関東の鉄道の運行情報,8/13(木) 19:11,https://news.yahoo.co.jp/pickup/6591612,,8/13(木) 19:11
top-picks,東洋経済オンライン,「プチプチ」なぜ原油危機に強い,8/13(木) 18:42,https://news.yahoo.co.jp/pickup/6591610,https://news.yahoo.co.jp/articles/385e52b76113875d754ca9f993516e5a60829a5f,8/13(木) 18:42
top-picks,TBS NEWS DIG Powered by JNN,遊泳禁止中に流されたか 男性死亡,8/13(木) 18:35,https://news.yahoo.co.jp/pickup/6591608,https://news.yahoo.co.jp/articles/da31522d2c36bed3a5a4d9277f5d4cc89e22bb42,8/13(木) 18:35
top-picks,毎日新聞,勝利の有明 球審「球持っていて」,8/13(木) 18:32,https://news.yahoo.co.jp/pickup/6591609,https://news.yahoo.co.jp/articles/b1497cbc2284d86b0b340b30a65eec3a1cf36d35,8/13(木) 18:32
top-picks,ENCOUNT,法務省「ラヴ上等」コラボの真意,8/13(木) 18:21,https://news.yahoo.co.jp/pickup/6591605,https://news.yahoo.co.jp/articles/73189431e63df2f67c7583412fc5f92a7448ddd2,8/13(木) 18:21
top-picks,FNNプライムオンライン（フジテレビ系）,千葉県北西部・南部に線状降水帯,8/13(木) 18:20,https://news.yahoo.co.jp/pickup/6591607,https://news.yahoo.co.jp/articles/ba8d68f75f1a932236e24dde17da22e0371e048f,8/13(木) 18:20
top-picks,毎日新聞,有明選手へウイニングボール,8/13(木) 18:17,https://news.yahoo.co.jp/pickup/6591606,https://news.yahoo.co.jp/articles/b1497cbc2284d86b0b340b30a65eec3a1cf36d35,8/13(木) 18:17
top-picks,Yahoo!ニュース オリジナル 特集オリジナル,経営・管理の在留資格 厳格化の訳,8/13(木) 17:50,https://news.yahoo.co.jp/pickup/6591595,https://news.yahoo.co.jp/articles/c86dfd9102523fca6e313b9f37c5670a02bad37a,8/13(木) 17:50
top-picks,日本農業新聞,秋葉原駅に熊本産の牛乳 売上急増,8/13(木) 17:47,https://news.yahoo.co.jp/pickup/6591602,https://news.yahoo.co.jp/articles/1e51fe5853ad99378cb4076ab657effac16ab89a,8/13(木) 17:47
top-picks,福島中央テレビ,髭濃いと言われ メイク続ける19歳,8/13(木) 17:41,https://news.yahoo.co.jp/pickup/6591601,https://news.yahoo.co.jp/articles/c7ec70fe79a8fe44254c5d6759047b6f4b8ba463,8/13(木) 17:41
top-picks,東海テレビ,11歳キノコ博士 夢は「薬の開発」,8/13(木) 17:32,https://news.yahoo.co.jp/pickup/6591600,https://news.yahoo.co.jp/articles/42f5f56736ae5a7acbb470d6553ab3bd653ac222,8/13(木) 17:32
top-picks,TUFテレビユー福島,絶景に異変 ヒマワリまばらな高原,8/13(木) 17:30,https://news.yahoo.co.jp/pickup/6591599,https://news.yahoo.co.jp/articles/d058028a1ae4672f6e0056fbe7502e79209c9865,8/13(木) 17:30
top-picks,朝日新聞,露大統領の択捉島訪問 高市氏抗議,8/13(木) 17:28,https://news.yahoo.co.jp/pickup/6591598,https://news.yahoo.co.jp/articles/5bb78d83ddd900587c3de0c9261948c2a076f240,8/13(木) 17:28
top-picks,Yahoo!リアルタイム検索,関東で激しい雨 現地のSNS投稿,8/13(木) 17:08,https://news.yahoo.co.jp/pickup/6591594,,8/13(木) 17:08
top-picks,共同通信,すかいらーく 宅配専門店を導入へ,8/13(木) 16:51,https://news.yahoo.co.jp/pickup/6591593,https://news.yahoo.co.jp/articles/91d7a9c6995cd162187dcaf3c4cd852e5c35ca29,8/13(木) 16:51
top-picks,スポーツ報知,AKASAKI ワールドツアー公演中止,8/13(木) 16:47,https://news.yahoo.co.jp/pickup/6591592,https://news.yahoo.co.jp/articles/666633e340ef28d8ab58a68c3660e6ab514c8546,8/13(木) 16:47
top-picks,OBS大分放送,無人の農業運搬車にひかれ 死亡,8/13(木) 16:40,https://news.yahoo.co.jp/pickup/6591587,https://news.yahoo.co.jp/articles/6adfb098d74877fbb23bd61fb188f0fbc3149038,8/13(木) 16:40
top-picks,WWDJAPAN.com,そごう 19年ぶり「本店」名称復活,8/13(木) 16:38,https://news.yahoo.co.jp/pickup/6591590,https://news.yahoo.co.jp/articles/0572bd6d7a216666a475f950608094bc5560b135,8/13(木) 16:38
top-picks,読売テレビ,九州自動車道 14日朝に全線復旧,8/13(木) 16:33,https://news.yahoo.co.jp/pickup/6591591,https://news.yahoo.co.jp/articles/eaf36ca2a375419e147a40544e692498d7427904,8/13(木) 16:33
top-picks,読売新聞オンライン,一太郎転落 振り返る当時の担当者,8/13(木) 16:31,https://news.yahoo.co.jp/pickup/6591588,https://news.yahoo.co.jp/articles/0fd0c37b183c38e71ec16545e4f41a7b50893418,8/13(木) 16:31
top-picks,毎日新聞,露大統領の択捉島訪問 元島民動揺,8/13(木) 16:13,https://news.yahoo.co.jp/pickup/6591585,https://news.yahoo.co.jp/articles/b85545b6fa9e8160dbaa48ea8e1c9699e9cda4e2,8/13(木) 16:13
top-picks,時事通信,高市内閣の支持率は横ばい 時事,8/13(木) 15:49,https://news.yahoo.co.jp/pickup/6591584,https://news.yahoo.co.jp/articles/ebbf6ef6c8a78dc58ac2e2a8e3be4ba9f6819236,8/13(木) 15:49
top-picks,Kstyle,TWICE・チェヨン JYPと契約終了,8/13(木) 15:36,https://news.yahoo.co.jp/pickup/6591583,https://news.yahoo.co.jp/articles/c413a0d80c9c34430c945c9198f687931aa744d5,8/13(木) 15:36
top-picks,ABEMA TIMES,ネタバレ許される境界線 識者解説,8/13(木) 15:27,https://news.yahoo.co.jp/pickup/6591582,https://news.yahoo.co.jp/articles/1524884005b2fc38b8cccdac943363d7dd9fa146,8/13(木) 15:27
top-picks,テレビ高知,泳いで母を助けに 18歳遺体で発見,8/13(木) 14:57,https://news.yahoo.co.jp/pickup/6591581,https://news.yahoo.co.jp/articles/6d348d77d9a576259c97eb5ee9ec3e4d2c94eef7,8/13(木) 14:57
top-picks,サンケイスポーツ,大谷が痛恨の走塁死 併殺プレー,8/13(木) 14:47,https://news.yahoo.co.jp/pickup/6591580,https://news.yahoo.co.jp/articles/1a980249694d568fa5e89f6d5233cdb04c0ac00d,8/13(木) 14:47
top-picks,オリコン,トイストーリー5 興収110億円突破,8/13(木) 14:46,https://news.yahoo.co.jp/pickup/6591579,https://news.yahoo.co.jp/articles/82fddcc1ca137f7fe52a8eeb04765b83d5906171,8/13(木) 14:46
top-picks,読売新聞オンライン,闇バイト応募で渡米 邦人男性保護,8/13(木) 13:58,https://news.yahoo.co.jp/pickup/6591577,https://news.yahoo.co.jp/articles/78594f7ce1fbef9a265a3fa2439700b84952fdd2,8/13(木) 13:58
top-picks,Full-Count,大谷が27号逆転2ラン ド軍が3連勝,8/13(木) 13:55,https://news.yahoo.co.jp/pickup/6591576,https://news.yahoo.co.jp/articles/bcccdb29545fdd7854e3a296c4827261543ed8ab,8/13(木) 13:55
top-picks,南日本新聞,韓国岳の火口で男性発見 心肺停止,8/13(木) 13:46,https://news.yahoo.co.jp/pickup/6591574,,8/13(木) 13:46
top-picks,スポーツナビ,速報 有明が長崎日大をリード,8/13(木) 13:44,https://news.yahoo.co.jp/pickup/6591575,https://news.yahoo.co.jp/articles/1d2d4f45ef695ecaa119d7f557f4eee45b32b1e2,8/13(木) 13:44
top-picks,東京商工リサーチ,芸能プロの佐藤企画 破産開始決定,8/13(木) 13:40,https://news.yahoo.co.jp/pickup/6591573,,8/13(木) 13:40
top-picks,テレビ高知,泳いで母助けに 18歳遺体で発見,8/13(木) 13:32,https://news.yahoo.co.jp/pickup/6591571,https://news.yahoo.co.jp/articles/6d348d77d9a576259c97eb5ee9ec3e4d2c94eef7,8/13(木) 13:32
top-picks,TBS NEWS DIG Powered by JNN,露大統領の択捉島訪問 茂木氏抗議,8/13(木) 13:29,https://news.yahoo.co.jp/pickup/6591572,https://news.yahoo.co.jp/articles/facda30b36d9942c6f4ecf8a570feb3f097df6ba,8/13(木) 13:29
top-picks,スポーツナビ,速報甲子園 有明vs.長崎日大,8/13(木) 13:26,https://news.yahoo.co.jp/pickup/6591569,https://news.yahoo.co.jp/articles/1d2d4f45ef695ecaa119d7f557f4eee45b32b1e2,8/13(木) 13:26
top-picks,オリコン,新スペース・マウンテン 名称決定,8/13(木) 13:11,https://news.yahoo.co.jp/pickup/6591568,https://news.yahoo.co.jp/articles/90f680e6e5f69c6287db682c3105b9839fb7805a,8/13(木) 13:11
top-picks,アスキー,米国外初 表参道にグーグル直営店,8/13(木) 13:08,https://news.yahoo.co.jp/pickup/6591566,https://news.yahoo.co.jp/articles/d804e439b840315e0052ad2421e1c427c0b9af1a,8/13(木) 13:08
top-picks,TBS NEWS DIG Powered by JNN,秋篠宮さま 皇室典範巡りコメント,8/13(木) 12:55,https://news.yahoo.co.jp/pickup/6591564,https://news.yahoo.co.jp/articles/52d628ca8f3e7f221f7f7acd3b6c136389a4df52,8/13(木) 12:55
top-picks,ウェザーマップ,大気が不安定 局地的な大雨に警戒,8/13(木) 12:39,https://news.yahoo.co.jp/pickup/6591559,https://news.yahoo.co.jp/articles/bafaae76fbd998d9076136be86ad4429972b89f2,8/13(木) 12:39
top-picks,共同通信,横浜市長 議会でパワハラを謝罪,8/13(木) 12:34,https://news.yahoo.co.jp/pickup/6591563,https://news.yahoo.co.jp/articles/51fc58f0663d1b2c80d636c8c230666a4ddb5ed4,8/13(木) 12:34
top-picks,デイリースポーツ,大谷が27号 逆転2ラン豪快アーチ,8/13(木) 12:24,https://news.yahoo.co.jp/pickup/6591562,https://news.yahoo.co.jp/articles/33f15cfa1f908c13cd1725d85765f22a843b0e13,8/13(木) 12:24
top-picks,スポーツ報知,フジ木村拓也アナ 再婚を発表,8/13(木) 12:21,https://news.yahoo.co.jp/pickup/6591561,https://news.yahoo.co.jp/articles/bac75d5407bb71b0685a690f1641a7d5c7649cc9,8/13(木) 12:21
top-picks,時事通信,プーチン大統領 北方領土を初訪問,8/13(木) 12:13,https://news.yahoo.co.jp/pickup/6591560,https://news.yahoo.co.jp/articles/60456cc807bff14519d7a6c37e500b90c12416d0,8/13(木) 12:13
top-picks,ロイター,ウクライナ 南東部で一部領土奪還,8/13(木) 11:51,https://news.yahoo.co.jp/pickup/6591553,https://news.yahoo.co.jp/articles/38d86442931b9d104c24244179c333d366c26d67,8/13(木) 11:51
top-picks,オリコン,TDLトゥモローランド 27年春進化,8/13(木) 11:50,https://news.yahoo.co.jp/pickup/6591552,https://news.yahoo.co.jp/articles/90f680e6e5f69c6287db682c3105b9839fb7805a,8/13(木) 11:50
top-picks,CBCテレビ,小さくてかわいい警察犬 なぜ増加,8/13(木) 11:50,https://news.yahoo.co.jp/pickup/6591556,https://news.yahoo.co.jp/articles/4b83fec0f114af0252b160dbe0651ca4f0378b9d,8/13(木) 11:50
top-picks,スポニチアネックス,レイカーズ売却報道 ド軍監督驚き,8/13(木) 11:44,https://news.yahoo.co.jp/pickup/6591555,https://news.yahoo.co.jp/articles/7c21c76e5c49103f4e8ffdfbd3cbb899aaf51366,8/13(木) 11:44
top-picks,朝日新聞,被爆した父 体内のガラス時々出た,8/13(木) 11:43,https://news.yahoo.co.jp/pickup/6591548,https://news.yahoo.co.jp/articles/a699f01ff6abc49ef2c5ead21c6cdaa3986dc26a,8/13(木) 11:43
top-picks,サッカーキング,オランダ代表 新監督にシャビ氏,8/13(木) 11:43,https://news.yahoo.co.jp/pickup/6591551,https://news.yahoo.co.jp/articles/9c87648d745f1b25b9891f8a99737470ed597456,8/13(木) 11:43
top-picks,MRT宮崎放送,流星群の観測ツアー参加者 滑落か,8/13(木) 11:41,https://news.yahoo.co.jp/pickup/6591550,https://news.yahoo.co.jp/articles/08ada2410aab06d28a674ce5168c088c42848b75,8/13(木) 11:41
top-picks,共同通信,相互関税還付 米で日本企業を提訴,8/13(木) 11:36,https://news.yahoo.co.jp/pickup/6591541,https://news.yahoo.co.jp/articles/d537bb576c8200f4164e4e0cbb710748047541b7,8/13(木) 11:36
top-picks,読売新聞オンライン,バブル・氷河期・Z 各世代の働く,8/13(木) 11:36,https://news.yahoo.co.jp/pickup/6591554,https://news.yahoo.co.jp/articles/b7a40bd52b51d38bd23b51ea0a315ddc128f5692,8/13(木) 11:36
top-picks,毎日新聞,結婚式に見知らぬ300人参加 中国,8/13(木) 11:33,https://news.yahoo.co.jp/pickup/6591549,https://news.yahoo.co.jp/articles/6016ce519848c131d57fc9196f8dbb92770699ce,8/13(木) 11:33
top-picks,デイリースポーツ,元巨人マイコラス 事実上の戦力外,8/13(木) 11:25,https://news.yahoo.co.jp/pickup/6591547,https://news.yahoo.co.jp/articles/d501fc1626677fadb3685cf1fc2974dfdfed0742,8/13(木) 11:25
top-picks,読売新聞オンライン,かつては猛烈社員 今思う働く意味,8/13(木) 11:24,https://news.yahoo.co.jp/pickup/6591544,https://news.yahoo.co.jp/articles/b7a40bd52b51d38bd23b51ea0a315ddc128f5692,8/13(木) 11:24
top-picks,スポニチアネックス,VIVANTタイ俳優のフォロワー急増,8/13(木) 11:22,https://news.yahoo.co.jp/pickup/6591546,https://news.yahoo.co.jp/articles/3001d41408f463a964db3d264e56fe13d5981a2b,8/13(木) 11:22
top-picks,TBS NEWS DIG Powered by JNN,9億円相当の覚醒剤密輸疑い 逮捕,8/13(木) 11:18,https://news.yahoo.co.jp/pickup/6591543,https://news.yahoo.co.jp/articles/6219bd9acc992c284c18243dc02c03748d0caa80,8/13(木) 11:18
top-picks,読売テレビ,地下街で強盗殺人未遂疑い 逮捕,8/13(木) 11:17,https://news.yahoo.co.jp/pickup/6591545,https://news.yahoo.co.jp/articles/3d7072da9769f93ac85288e42e737f8385bf066e,8/13(木) 11:17
top-picks,RSK山陽放送,16歳で激戦地へ 命救った現地住民,8/13(木) 10:59,https://news.yahoo.co.jp/pickup/6591542,https://news.yahoo.co.jp/articles/b382a815c8135e67ba8e8c6e530d59e80291bc4b,8/13(木) 10:59
top-picks,スポーツナビ,速報 東海大甲府vs.健大高崎,8/13(木) 10:26,https://news.yahoo.co.jp/pickup/6591538,https://news.yahoo.co.jp/articles/d5cc071cdf05e72fe9780fa1ea52b8ea5f5acbc1,8/13(木) 10:26
top-picks,ＡＦＰ＝時事,偽装結婚疑い1千件 米で11人逮捕,8/13(木) 10:04,https://news.yahoo.co.jp/pickup/6591540,,8/13(木) 10:04
top-picks,テレビ朝日系（ANN）,日経平均 一時6万8000円台回復,8/13(木) 9:58,https://news.yahoo.co.jp/pickup/6591539,https://news.yahoo.co.jp/articles/c36aa5088932eb86080b9cefd1901d916cc81c4d,8/13(木) 9:58
top-picks,時事通信,外国人政策の厳格化加速 懸念の声,8/13(木) 9:50,https://news.yahoo.co.jp/pickup/6591536,https://news.yahoo.co.jp/articles/5c2f4b90404b78b6d285722dd4cac3cdcd6742f3,8/13(木) 9:50
top-picks,CNN.co.jp,米軍ヘリ墜落で2人死亡 テキサス,8/13(木) 9:31,https://news.yahoo.co.jp/pickup/6591535,https://news.yahoo.co.jp/articles/4033d5d4af03e700aa68421530629d31b5a27ca9,8/13(木) 9:31
top-picks,tenki.jp,日本海側は猛暑 関東など雷雨注意,8/13(木) 9:25,https://news.yahoo.co.jp/pickup/6591533,https://news.yahoo.co.jp/articles/30912f61b983693d9e712f35dbea20b1c67cb134,8/13(木) 9:25
top-picks,オリコン,King Gnu井口理 2作目の映画主演,8/13(木) 9:17,https://news.yahoo.co.jp/pickup/6591531,https://news.yahoo.co.jp/articles/a9ace57585d62178e4c45cad5dd16f4810106fa4,8/13(木) 9:17
top-picks,朝日新聞,川崎市でニシキヘビ2匹が脱走,8/13(木) 9:04,https://news.yahoo.co.jp/pickup/6591532,,8/13(木) 9:04
top-picks,共同通信,米大統領SNS巡り メディアが提訴,8/13(木) 8:45,https://news.yahoo.co.jp/pickup/6591529,https://news.yahoo.co.jp/articles/63c3c938d670b76407e8b1d2bc1efa6fa5667f61,8/13(木) 8:45
top-picks,日テレNEWS NNN,映像 スペインなどで「皆既日食」,8/13(木) 8:35,https://news.yahoo.co.jp/pickup/6591528,https://news.yahoo.co.jp/articles/978bee1fa3bc0c3f3199f5c1102376a6fcbdc37f,8/13(木) 8:35
top-picks,オリコン,井ノ原快彦 香取慎吾と映画で共演,8/13(木) 8:33,https://news.yahoo.co.jp/pickup/6591526,https://news.yahoo.co.jp/articles/54428363e5b24c268d13840296184c1148247c81,8/13(木) 8:33
top-picks,Media info not found,スシロー&くら寿司 次の成長戦略,回転寿司大手2社が、奇しくも互いが先行する市場へ乗り込もうとしている。,https://news.yahoo.co.jp/pickup/6591525,https://www.dailysunny.com/2026/05/13/nynews20260513-3/,8/13(木) 8:29
top-picks,時事通信,国旗損壊 捜査幹部から懸念の声も,8/13(木) 8:27,https://news.yahoo.co.jp/pickup/6591524,,8/13(木) 8:27
top-picks,毎日新聞,高密度の金含む鉱石 相次ぎ発見,8/13(木) 8:15,https://news.yahoo.co.jp/pickup/6591523,https://news.yahoo.co.jp/articles/63eaccd8536bc3f00824aca71368a4f1c9f23ff8,8/13(木) 8:15
top-picks,アスキー,Google「Pixel11」シリーズ発表,8/13(木) 8:03,https://news.yahoo.co.jp/pickup/6591522,https://news.yahoo.co.jp/articles/a6c57d6a9854e1e3ea3d899bf70c71faeeaf0846,8/13(木) 8:03
top-picks,ロイター,米大統領報道官が今月で辞任 発表,8/13(木) 7:50,https://news.yahoo.co.jp/pickup/6591519,https://news.yahoo.co.jp/articles/893dc553a2b25c2bd4cc62ad6cf8a715bd08c4f2,8/13(木) 7:50
top-picks,Bloomberg,レイカーズ 125億ドル超で売却へ,8/13(木) 7:49,https://news.yahoo.co.jp/pickup/6591520,,8/13(木) 7:49
top-picks,TBS NEWS DIG Powered by JNN,地震被害の熊本城 きょう見学再開,8/13(木) 7:35,https://news.yahoo.co.jp/pickup/6591518,https://news.yahoo.co.jp/articles/5f3e79ba703ab597819cc84ecd6f53072e78e75c,8/13(木) 7:35
top-picks,読売新聞オンライン,猛暑常態化 工事の「夏季休工」増,8/13(木) 7:26,https://news.yahoo.co.jp/pickup/6591517,https://news.yahoo.co.jp/articles/38316b42aaee12b44bd63aad490ab03cefcc193e,8/13(木) 7:26
top-picks,SOCCER DIGEST Web,父死去のメッシ 優勝見せたかった,8/13(木) 7:24,https://news.yahoo.co.jp/pickup/6591516,https://news.yahoo.co.jp/articles/9d1f011aeda399a09c5ca131ed15c3463a9316de,8/13(木) 7:24
top-picks,スポーツ報知,出産の山本舞香 ドラマ続編を辞退,8/13(木) 7:03,https://news.yahoo.co.jp/pickup/6591514,https://news.yahoo.co.jp/articles/ddefc01a5ba2c50096e97198639a247e2f5fe974,8/13(木) 7:03
top-picks,FNNプライムオンライン（フジテレビ系）,阿波おどり「性的」動画 不安の声,8/13(木) 6:54,https://news.yahoo.co.jp/pickup/6591513,https://news.yahoo.co.jp/articles/2ac677ed8473e0aa7151f5eae77d821e535c9f36,8/13(木) 6:54
top-picks,共同通信,日本国旗損壊罪法 きょう施行,8/13(木) 6:43,https://news.yahoo.co.jp/pickup/6591512,https://news.yahoo.co.jp/articles/1bcb001ab52baae23e193abc199fa437f9bec011,8/13(木) 6:43
top-picks,tenki.jp,東北から近畿 急な雨や落雷に注意,8/13(木) 6:34,https://news.yahoo.co.jp/pickup/6591511,https://news.yahoo.co.jp/articles/830655e3fee947d76dfb5f32a30d16e44b89e161,8/13(木) 6:34
top-picks,スポーツ報知,第3次森保J 名波コーチら続投へ,8/13(木) 6:28,https://news.yahoo.co.jp/pickup/6591510,https://news.yahoo.co.jp/articles/e5c96f3def62df65fd4de55f50a071dd75511a6c,8/13(木) 6:28
top-picks,共同通信,公園に身元不明の遺体 名古屋市,8/13(木) 6:21,https://news.yahoo.co.jp/pickup/6591509,https://news.yahoo.co.jp/articles/43cb24f12ea8aa525eab62832d9a4ba2827ef915,8/13(木) 6:21
top-picks,TOSテレビ大分,特急列車 車との衝突気付かず走行,8/13(木) 6:12,https://news.yahoo.co.jp/pickup/6591508,https://news.yahoo.co.jp/articles/0fd4e259c3def1080123ff1791be4aaf8fd75984,8/13(木) 6:12
top-picks,日テレNEWS NNN,Ado23歳 熊本支援で4000万円寄付,8/13(木) 6:07,https://news.yahoo.co.jp/pickup/6591507,https://news.yahoo.co.jp/articles/ef610ec589fc83a9049274e03c1e162ba0085a5e,8/13(木) 6:07
top-picks,時事通信,首相 イラン大統領と電話会談,8/12(水) 23:24,https://news.yahoo.co.jp/pickup/6591505,https://news.yahoo.co.jp/articles/7a2cfb06c9ca649d9c97e02252a005d374f954b3,8/12(水) 23:24
top-picks,新潟ニュースNST,奇跡に近い 900m流された親子救助,8/12(水) 22:53,https://news.yahoo.co.jp/pickup/6591504,https://news.yahoo.co.jp/articles/0cdd73c304e6015aae84ae79a8eda2ec23f04c4c,8/12(水) 22:53
top-picks,時事通信,「性的侮辱」問題 豪が日本に釈明,8/12(水) 22:43,https://news.yahoo.co.jp/pickup/6591502,https://news.yahoo.co.jp/articles/7ff933ce781bb44b020c2cddeedc487f8b536bab,8/12(水) 22:43
top-picks,スポニチアネックス,橋本環奈が始球式 「河了貂」衣装,8/12(水) 22:38,https://news.yahoo.co.jp/pickup/6591503,https://news.yahoo.co.jp/articles/678200e9065f6a38687def0f4763c352c4a27c94,8/12(水) 22:38
top-picks,UTYテレビ山梨,空襲で姉犠牲 地元高1がアニメに,8/12(水) 22:23,https://news.yahoo.co.jp/pickup/6591500,https://news.yahoo.co.jp/articles/9d1fb5038ace4c71174dc81b087bc720b7a3a29b,8/12(水) 22:23
top-picks,朝日新聞,露大統領 北方領土は「ロシア領」,8/12(水) 22:18,https://news.yahoo.co.jp/pickup/6591499,https://news.yahoo.co.jp/articles/d3c8121f0d2198524ecbdcd90edf5b672cbc24a5,8/12(水) 22:18
top-picks,テレビ朝日系（ANN）,日航機墜落 遺体安置された体育館,8/12(水) 22:04,https://news.yahoo.co.jp/pickup/6591497,https://news.yahoo.co.jp/articles/145a0203d48ce7a3878e72bce3bbfcb45284a392,8/12(水) 22:04
top-picks,スポーツ報知,楽天・前田健太がNPB通算100勝,8/12(水) 21:51,https://news.yahoo.co.jp/pickup/6591496,https://news.yahoo.co.jp/articles/72182cc480162ea55614af192fdc994b0db70b2a,8/12(水) 21:51
top-picks,スポニチアネックス,阪神・佐藤輝明 プロ通算150号HR,8/12(水) 21:34,https://news.yahoo.co.jp/pickup/6591494,https://news.yahoo.co.jp/articles/9913608c099d9385916be4f548b1d9a4b088aa97,8/12(水) 21:34
top-picks,テレビ朝日系（ANN）,夜間の墓参りも 変化する供養の形,8/12(水) 21:22,https://news.yahoo.co.jp/pickup/6591491,https://news.yahoo.co.jp/articles/950b52d479a66cd20e11685595942094ed4e391e,8/12(水) 21:22
top-picks,時事通信,地震で観光業約60億円被害 熊本県,8/12(水) 21:19,https://news.yahoo.co.jp/pickup/6591493,https://news.yahoo.co.jp/articles/e263da8a980f238cc3517cb305c642e4fd40b8e9,8/12(水) 21:19
top-picks,時事通信,首相 15日の靖国参拝を見送る方向,8/12(水) 21:11,https://news.yahoo.co.jp/pickup/6591492,https://news.yahoo.co.jp/articles/dfc7452ef2cfbd10194a2c58c46964a49fc852bf,8/12(水) 21:11
top-picks,スポニチアネックス,アミューズ 誹謗中傷巡り法的措置,8/12(水) 21:01,https://news.yahoo.co.jp/pickup/6591488,https://news.yahoo.co.jp/articles/dbd2b0ea946945c8b52e2c3850f45d807bb838f4,8/12(水) 21:01
top-picks,産経新聞,イオン爆発 ハビタが「補償模索」,8/12(水) 20:37,https://news.yahoo.co.jp/pickup/6591485,https://news.yahoo.co.jp/articles/c80dc0428d04486b1cee42b28ad09a8d9a1d7b61,8/12(水) 20:37
top-picks,CBCテレビ,コメ収穫始まる 倉庫は古米山積み,8/12(水) 20:35,https://news.yahoo.co.jp/pickup/6591486,https://news.yahoo.co.jp/articles/1b606dd5063bf39510dd0a7296a0a1be095ca956,8/12(水) 20:35
top-picks,日刊スポーツ,佐野日大 97年以来29年ぶり夏2勝,8/12(水) 19:59,https://news.yahoo.co.jp/pickup/6591483,https://news.yahoo.co.jp/articles/429e614744851c2624c98b3677cf1944a3dfaf52,8/12(水) 19:59
top-picks,J-CASTニュース,新幹線乗り遅れ緊急停止 動画拡散,8/12(水) 19:53,https://news.yahoo.co.jp/pickup/6591482,https://news.yahoo.co.jp/articles/cd332ee00b7806b465953acd4f1deac286859c1a,8/12(水) 19:53
top-picks,産経新聞,朱鎔基・元中国首相が死去 97歳,8/12(水) 19:42,https://news.yahoo.co.jp/pickup/6591481,https://news.yahoo.co.jp/articles/5404a9c54465cb4c07c3007de70890ded745a7d9,8/12(水) 19:42
top-picks,デイリースポーツ,松坂大輔氏が始球式 日ハムユニ,8/12(水) 19:29,https://news.yahoo.co.jp/pickup/6591480,https://news.yahoo.co.jp/articles/947540a8353949a64f7f424040fa02ed3a7a3851,8/12(水) 19:29
top-picks,ダイヤモンド・オンライン,ハッピーターン50年 売れ続ける訳,8/12(水) 19:07,https://news.yahoo.co.jp/pickup/6591479,https://news.yahoo.co.jp/articles/4a66032d86ff5138955074351e1e71327329bc40,8/12(水) 19:07
top-picks,tbc東北放送,カモシカが住宅街を疾走 住民驚き,8/12(水) 19:03,https://news.yahoo.co.jp/pickup/6591478,https://news.yahoo.co.jp/articles/421ee61bfd2c380b8210318296314e9a7dab4c5b,8/12(水) 19:03
top-picks,スポーツ報知,花咲徳栄監督 遊撃手の次男に涙,8/12(水) 18:48,https://news.yahoo.co.jp/pickup/6591474,https://news.yahoo.co.jp/articles/f311fb27f1f22896a409b2bf66f3ec24b5675973,8/12(水) 18:48
top-picks,共同通信,露大統領 13年ぶりにサハリン入り,8/12(水) 18:41,https://news.yahoo.co.jp/pickup/6591476,https://news.yahoo.co.jp/articles/72c3640f450642d1a29ceb2036bb6ba189034a6b,8/12(水) 18:41
top-picks,TBS NEWS DIG Powered by JNN,墜落 520人の墓標に花生けた遺族,8/12(水) 18:35,https://news.yahoo.co.jp/pickup/6591473,https://news.yahoo.co.jp/articles/c900fa5a24f0a01d4588e4786fd62ff7868cc5d9,8/12(水) 18:35
top-picks,Full-Count,DeNA松尾汐恩が抹消 感染症特例,8/12(水) 18:06,https://news.yahoo.co.jp/pickup/6591472,https://news.yahoo.co.jp/articles/69d0acfe908d40f41ee57d539352b85a43fc3830,8/12(水) 18:06
top-picks,東スポWEB,韓国の性接待疑惑 JFA会長が言及,8/12(水) 17:56,https://news.yahoo.co.jp/pickup/6591469,https://news.yahoo.co.jp/articles/1265570642fb896605ded508e736a39a5c219068,8/12(水) 17:56
top-picks,共同通信,中道の総支部解散が相次ぐ 30超,8/12(水) 17:43,https://news.yahoo.co.jp/pickup/6591468,,8/12(水) 17:43
top-picks,スポニチアネックス,梅津葉子さん死去 漫画連載は終了,8/12(水) 17:35,https://news.yahoo.co.jp/pickup/6591467,https://news.yahoo.co.jp/articles/63a4bdc56d851aa9976a07913caa45e275dd5108,8/12(水) 17:35
top-picks,MBSニュース,砂浜に遺体 不明の22歳男性と判明,8/12(水) 17:27,https://news.yahoo.co.jp/pickup/6591465,https://news.yahoo.co.jp/articles/3851f5a97c8bbff7839d4dff00e66c9c86c6fdf8,8/12(水) 17:27
top-picks,スポニチアネックス,FA人的補償廃止 今オフ見送りへ,8/12(水) 17:27,https://news.yahoo.co.jp/pickup/6591466,https://news.yahoo.co.jp/articles/46abe85b0fdaf7804560b8198affed8fb18c15df,8/12(水) 17:27
top-picks,TBS NEWS DIG Powered by JNN,米大統領 3期目出馬に否定的見解,8/12(水) 17:26,https://news.yahoo.co.jp/pickup/6591459,https://news.yahoo.co.jp/articles/b9c4efd1adffb06eab00ab18493003aa988e9f28,8/12(水) 17:26
top-picks,仙台放送,移住先で夫不貞 離婚し生き方模索,8/12(水) 17:18,https://news.yahoo.co.jp/pickup/6591464,https://news.yahoo.co.jp/articles/a235be9ac4b18e461807ac7c22ac4925d454f811,8/12(水) 17:18
top-picks,時事通信,印の旅客機急降下 機長は大麻陽性,8/12(水) 17:18,https://news.yahoo.co.jp/pickup/6591463,https://news.yahoo.co.jp/articles/75b873d1c15b38add2ec926d21fc6f1e30414d31,8/12(水) 17:18
top-picks,琉球新報,辺野古 運航団体関係先を家宅捜索,8/12(水) 17:12,https://news.yahoo.co.jp/pickup/6591461,https://news.yahoo.co.jp/articles/0562540d1672d82df2ae2a35596e448e5984e610,8/12(水) 17:12
top-picks,産経新聞,ボーイングHP記述巡り日航に謝罪,8/12(水) 16:54,https://news.yahoo.co.jp/pickup/6591457,,8/12(水) 16:54
top-picks,Yahoo!ニュース オリジナル 特集オリジナル,大泉洋30周年 今のテレビを語る,8/12(水) 16:49,https://news.yahoo.co.jp/pickup/6591453,https://news.yahoo.co.jp/articles/3bd7ac78475ed90be9a0568c8fd84a41e40a7f3b,8/12(水) 16:49
top-picks,tenki.jp,ペルセウス座流星群 今夜から見頃,8/12(水) 16:37,https://news.yahoo.co.jp/pickup/6591458,https://news.yahoo.co.jp/articles/c3fb7b38e5ea81121fd4253d2f30bd3f2688c0f4,8/12(水) 16:37
top-picks,ITmedia ビジネスオンライン,人が入る箱型冷房 建設業など注目,8/12(水) 16:30,https://news.yahoo.co.jp/pickup/6591455,https://news.yahoo.co.jp/articles/7df4418876c4b64cda5d8b4cb6f4a6291cd515be,8/12(水) 16:30
top-picks,ウェザーマップ,台風17号 来週関東など近づく恐れ,8/12(水) 16:16,https://news.yahoo.co.jp/pickup/6591452,https://news.yahoo.co.jp/articles/764d13cec1a6598de71eacd9321d7eb5654d0e6f,8/12(水) 16:16
top-picks,オリコン,映画「さとこ」PRを騙る詐欺発生,8/12(水) 16:12,https://news.yahoo.co.jp/pickup/6591448,https://news.yahoo.co.jp/articles/985d77fd930acccd4a522e2f0748e655ce453386,8/12(水) 16:12
top-picks,共同通信,検事総長が退任 不祥事続発を陳謝,8/12(水) 16:02,https://news.yahoo.co.jp/pickup/6591449,https://news.yahoo.co.jp/articles/29aab19a4997db09306b2562bd3404d570b648ad,8/12(水) 16:02
top-picks,ベースボールチャンネル,仙台育英 投手戦制し2年連続16強,8/12(水) 15:59,https://news.yahoo.co.jp/pickup/6591450,https://news.yahoo.co.jp/articles/50d9620e067a01d5b628acefb8ab5a5c8e6b7cb4,8/12(水) 15:59
top-picks,スポニチアネックス,客席に消えた記念球 千賀の手元に,8/12(水) 14:51,https://news.yahoo.co.jp/pickup/6591441,https://news.yahoo.co.jp/articles/f19e0d2b81a2028d9e44e87c9717e63aeae5d267,8/12(水) 14:51
top-picks,Full-Count,ドジャース劇的サヨナラ 接戦制す,8/12(水) 14:31,https://news.yahoo.co.jp/pickup/6591442,https://news.yahoo.co.jp/articles/71af17ca342515b8f102e3f0839a9796222d1dad,8/12(水) 14:31
top-picks,TBS NEWS DIG Powered by JNN,靴下にトカゲ 密輸未遂疑いで逮捕,8/12(水) 14:29,https://news.yahoo.co.jp/pickup/6591439,https://news.yahoo.co.jp/articles/8cb1a0fc3afdce004f54dd2148c8774cbb0e3ef4,8/12(水) 14:29
top-picks,Full-Count,ド軍サヨナラ勝ち 大谷は無安打,8/12(水) 14:20,https://news.yahoo.co.jp/pickup/6591440,https://news.yahoo.co.jp/articles/71af17ca342515b8f102e3f0839a9796222d1dad,8/12(水) 14:20
top-picks,オリコン,漫画家の梅津葉子さん死去,8/12(水) 14:02,https://news.yahoo.co.jp/pickup/6591438,https://news.yahoo.co.jp/articles/b591620513cb5942d7c130c21152c52938078e9f,8/12(水) 14:02
top-picks,朝日新聞,元厚労相・坂口力氏が死去 92歳,8/12(水) 13:57,https://news.yahoo.co.jp/pickup/6591437,https://news.yahoo.co.jp/articles/f0feea52042b4a675c833f2f4b44e934e1afc968,8/12(水) 13:57
top-picks,ロイター,ウ 米側に対露戦争終結の計画案,8/12(水) 13:46,https://news.yahoo.co.jp/pickup/6591430,https://news.yahoo.co.jp/articles/b87079cc11f9f042d03af5f1fc717a72af5739ce,8/12(水) 13:46
top-picks,日テレNEWS NNN,日本の重慶総領事「代行」で就任,8/12(水) 13:46,https://news.yahoo.co.jp/pickup/6591436,https://news.yahoo.co.jp/articles/77cb136cd2d18cde9d8a6aa3e4b9d277e10de942,8/12(水) 13:46
top-picks,東洋経済オンライン,「踊る」スピンオフ中止報道 背景,8/12(水) 13:38,https://news.yahoo.co.jp/pickup/6591428,https://news.yahoo.co.jp/articles/00e8f48e26fdd4e2432009e259fdfe6cbb49932c,8/12(水) 13:38
top-picks,ロイター,米 イラン選択肢は経済破綻か攻撃,8/12(水) 13:33,https://news.yahoo.co.jp/pickup/6591435,https://news.yahoo.co.jp/articles/f87b51f041642821e40d3b7117900effe3dc96e3,8/12(水) 13:33
top-picks,tenki.jp,九州や四国中心に厳しい暑さ 注意,8/12(水) 13:28,https://news.yahoo.co.jp/pickup/6591427,https://news.yahoo.co.jp/articles/974ea97487764c510c0f6bb4f398c576cc6288c6,8/12(水) 13:28
top-picks,スポーツナビ,速報甲子園 仙台育英vs.花咲徳栄,8/12(水) 13:24,https://news.yahoo.co.jp/pickup/6591433,,8/12(水) 13:24
top-picks,TBS NEWS DIG Powered by JNN,熊本・長崎で震度4 津波心配なし,8/12(水) 13:13,https://news.yahoo.co.jp/pickup/6591432,https://news.yahoo.co.jp/articles/47f8f227df1f4056e97edc191b062ddf79836202,8/12(水) 13:13
top-picks,,地震情報,8/12(水) 13:08,https://news.yahoo.co.jp/pickup/6590784,,8/12(水) 13:08
top-picks,ITmedia Mobile,新幹線「独りぼっち席」が話題,8/12(水) 12:51,https://news.yahoo.co.jp/pickup/6591425,https://news.yahoo.co.jp/articles/1274f837b24e58cede9b4b3d76eb03333f07f903,8/12(水) 12:51
top-picks,読売新聞オンライン,日本兵と戦わされた 英植民地男性,8/12(水) 12:47,https://news.yahoo.co.jp/pickup/6591422,https://news.yahoo.co.jp/articles/afe63c230508f57f533f44125aecd0facc574258,8/12(水) 12:47
top-picks,ENCOUNT,キングダム 5作連続興収50億円超,8/12(水) 12:35,https://news.yahoo.co.jp/pickup/6591423,https://news.yahoo.co.jp/articles/9b2be126989e37b93a72012a4e0bb8aab37d897a,8/12(水) 12:35
top-picks,スポニチアネックス,誠也が4年連続20号 日本選手2人目,8/12(水) 12:27,https://news.yahoo.co.jp/pickup/6591421,https://news.yahoo.co.jp/articles/b2817441321a8d50d1c8bca5ad7569929e12ec6c,8/12(水) 12:27
top-picks,Bloomberg,奥田碩さん死去 プリウスに尽力,8/12(水) 12:25,https://news.yahoo.co.jp/pickup/6591420,https://news.yahoo.co.jp/articles/d0dd0b9d87dcdb586dffb988095d969cb0602485,8/12(水) 12:25
top-picks,日テレNEWS NNN,熱帯低気圧 広い範囲で大雨に注意,8/12(水) 12:14,https://news.yahoo.co.jp/pickup/6591417,https://news.yahoo.co.jp/articles/bc4cdd1e36d3df1f6abf4e2cf580312dde5af2d1,8/12(水) 12:14
top-picks,テクノエッジ,Geminiアプリ ユーザー月10億超,8/12(水) 12:04,https://news.yahoo.co.jp/pickup/6591407,https://news.yahoo.co.jp/articles/6a25a091c41ead67086a1bd62c9f4f09f701d4fe,8/12(水) 12:04
top-picks,スポニチアネックス,C・ロナウドが結婚 3文字で報告,8/12(水) 11:57,https://news.yahoo.co.jp/pickup/6591418,https://news.yahoo.co.jp/articles/ac70c2e8233d9ea8928995f07b7479ec36b49134,8/12(水) 11:57
top-picks,ベースボールチャンネル,拓大紅陵 投手戦制し初戦突破,8/12(水) 11:35,https://news.yahoo.co.jp/pickup/6591413,https://news.yahoo.co.jp/articles/ecf4f5eeaf5c7a336a4fdc416df2796ccdcff895,8/12(水) 11:35
top-picks,AERA with Kids＋,子がラジオ体操知らない 親は驚き,8/12(水) 11:35,https://news.yahoo.co.jp/pickup/6591412,https://news.yahoo.co.jp/articles/7bbaefc429e9b57c534a2bbb66406c43fbdd8bf6,8/12(水) 11:35
top-picks,ロイター,スポーツ用品大手オン 株価急落,8/12(水) 11:33,https://news.yahoo.co.jp/pickup/6591414,https://news.yahoo.co.jp/articles/c69f096163b3a8530c4a9721f4ae7bb9416d4892,8/12(水) 11:33
top-picks,Media info not found,VIVANT視聴率なぜ下降続く 考察,鳴り物入りでスタートした2期連続のTBS日曜劇場『VIVANT』の視聴率が、初回から3話目まで下降を続けている。,https://news.yahoo.co.jp/pickup/6591410,https://gendai.media/articles/-/169907,8/12(水) 11:18
top-picks,tenki.jp,台風17号発生 来週以降に影響恐れ,8/12(水) 11:15,https://news.yahoo.co.jp/pickup/6591411,https://news.yahoo.co.jp/articles/b0c2f305c5b3a56b97be7ffd70414bce0d096f3d,8/12(水) 11:15
top-picks,共同通信,墜落41年 悪天候のなか慰霊登山,8/12(水) 11:10,https://news.yahoo.co.jp/pickup/6591408,https://news.yahoo.co.jp/articles/0f269e507abddbb28e644d55fc7c7acdaf9229c7,8/12(水) 11:10
top-picks,共同通信,クラゲ大量発生で原発停止 仏北部,8/12(水) 11:10,https://news.yahoo.co.jp/pickup/6591409,https://news.yahoo.co.jp/articles/712eef3890537465bc2f4e8c87c19502752d0eb3,8/12(水) 11:10
top-picks,ＡＦＰ＝時事,レバノンが死刑廃止 中東で初,8/12(水) 10:41,https://news.yahoo.co.jp/pickup/6591406,https://news.yahoo.co.jp/articles/4a816c0fd27bcafd8afd33ea2a2154771f3d7b9e,8/12(水) 10:41
top-picks,朝日新聞,甲子園 天候不良で第4試合は順延,8/12(水) 10:15,https://news.yahoo.co.jp/pickup/6591405,https://news.yahoo.co.jp/articles/2953809ae08588af79907780fd5a3a348a628616,8/12(水) 10:15
top-picks,読売新聞オンライン,地震で煙突倒壊 国交省が調査開始,8/12(水) 10:07,https://news.yahoo.co.jp/pickup/6591403,https://news.yahoo.co.jp/articles/548720bcd037055cd06e620f9c0f17695d0d48a0,8/12(水) 10:07
top-picks,tenki.jp,台風15号は熱帯低気圧に 大雨注意,8/12(水) 10:03,https://news.yahoo.co.jp/pickup/6591404,https://news.yahoo.co.jp/articles/4927ef186cd1b7d3f719508a0d1aede2f942ca84,8/12(水) 10:03
top-picks,tbc東北放送,終戦3日前の満州 集団自決の証言,8/12(水) 9:53,https://news.yahoo.co.jp/pickup/6591402,https://news.yahoo.co.jp/articles/5f7a17f96193336dd4b86d1d46641f4143c53f0a,8/12(水) 9:53
top-picks,スポニチアネックス,佐野海舟の争奪戦 移籍市場で注目,8/12(水) 9:45,https://news.yahoo.co.jp/pickup/6591400,https://news.yahoo.co.jp/articles/13b60e8c2e59f670fe9460664fa1a4469d7a0ac3,8/12(水) 9:45
top-picks,オトナンサー,冷房で目がかすむ ドライアイ注意,8/12(水) 9:23,https://news.yahoo.co.jp/pickup/6591399,https://news.yahoo.co.jp/articles/8b02d7c20867d346330a8d545311d4b8cd8c0648,8/12(水) 9:23
top-picks,朝日新聞,甲子園 台風接近で第4試合は順延,8/12(水) 9:21,https://news.yahoo.co.jp/pickup/6591401,https://news.yahoo.co.jp/articles/2953809ae08588af79907780fd5a3a348a628616,8/12(水) 9:21
top-picks,Media info not found,辻希美「子2人の病気」公表に賛否,タレントの辻希美が8月9日配信のYouTubeで次男と三男が夜驚症であることを公表し、様々な意見が集まっている。,https://news.yahoo.co.jp/pickup/6591398,https://hochi.news/articles/20260810-OHT1T51210.html,8/12(水) 9:19
top-picks,日テレNEWS NNN,台風 強風で3人けがなど各地被害,8/12(水) 9:07,https://news.yahoo.co.jp/pickup/6591397,https://news.yahoo.co.jp/articles/927829ebad6f0f90f2c831f24e4ea2581c796c18,8/12(水) 9:07
top-picks,朝日新聞,甲子園 台風接近で第4試合は中止,8/12(水) 8:55,https://news.yahoo.co.jp/pickup/6591396,https://news.yahoo.co.jp/articles/2953809ae08588af79907780fd5a3a348a628616,8/12(水) 8:55
top-picks,FNNプライムオンライン（フジテレビ系）,ミサイル発射 北朝鮮に小泉氏抗議,8/12(水) 8:45,https://news.yahoo.co.jp/pickup/6591395,https://news.yahoo.co.jp/articles/d4c298fa837a6c8ca3137f358ba54d4f1778ad30,8/12(水) 8:45
top-picks,サンケイスポーツ,異例 エ軍投手コーチ3人電撃解任,8/12(水) 8:33,https://news.yahoo.co.jp/pickup/6591393,https://news.yahoo.co.jp/articles/6b75e9697e73db7640bacc32c6581120f23e2fe0,8/12(水) 8:33
top-picks,TBS NEWS DIG Powered by JNN,コロンビア地震 行方不明3000人超,8/12(水) 8:22,https://news.yahoo.co.jp/pickup/6591391,https://news.yahoo.co.jp/articles/33b89c9d0949f74a7eefe873c1e19e398246e82a,8/12(水) 8:22
top-picks,STVニュース北海道,オフロード走行中か 車滑落し死亡,8/12(水) 8:19,https://news.yahoo.co.jp/pickup/6591390,https://news.yahoo.co.jp/articles/aefc8b054c8ea1fd0406d84dc87d10aecea1e1f5,8/12(水) 8:19
top-picks,ウェザーマップ,台風は山陰沖へ 本州は大雨警戒,8/12(水) 8:18,https://news.yahoo.co.jp/pickup/6591389,https://news.yahoo.co.jp/articles/5b7566c7a99053e79e6173227815777919c8763d,8/12(水) 8:18
top-picks,乗りものニュース,「四国新幹線」実現なるか 現状は,8/12(水) 8:17,https://news.yahoo.co.jp/pickup/6591392,https://news.yahoo.co.jp/articles/a9d1044cc4ad8c0f34af4e1cac97ca2fc6bc6295,8/12(水) 8:17
top-picks,乗りものニュース,50年以上進展なし 四国新幹線の今,8/12(水) 8:03,https://news.yahoo.co.jp/pickup/6591388,https://news.yahoo.co.jp/articles/a9d1044cc4ad8c0f34af4e1cac97ca2fc6bc6295,8/12(水) 8:03
top-picks,FNNプライムオンライン（フジテレビ系）,日航機墜落事故41年 犠牲者を悼む,8/12(水) 7:51,https://news.yahoo.co.jp/pickup/6591387,https://news.yahoo.co.jp/articles/9e158f60392b670e2c719a49c3cdade5ba2e1ed2,8/12(水) 7:51
top-picks,オリコン,広瀬アリス アクション映画初主演,8/12(水) 7:48,https://news.yahoo.co.jp/pickup/6591385,https://news.yahoo.co.jp/articles/289c17996dd30df9123368436d9ccd26a97e6b7b,8/12(水) 7:48
top-picks,CHANTO WEB,大家志津香 父との最後の家族旅行,8/12(水) 7:42,https://news.yahoo.co.jp/pickup/6591386,https://news.yahoo.co.jp/articles/3554afc0745af4b169fa7cac8e56875c0c1c0173,8/12(水) 7:42
top-picks,FNNプライムオンライン（フジテレビ系）,熊本地震2週間 仮設住宅整備進む,8/12(水) 7:39,https://news.yahoo.co.jp/pickup/6591383,https://news.yahoo.co.jp/articles/33f353bfa8db010ef6263630e973ab7c6041accd,8/12(水) 7:39
top-picks,デイリースポーツ,広島9度目雨天中止 9月過密日程に,8/12(水) 7:32,https://news.yahoo.co.jp/pickup/6591384,https://news.yahoo.co.jp/articles/b9ff9f235a715ed72d931361942ec7dcab29c344,8/12(水) 7:32
top-picks,時事通信,美容医療の低年齢化 親の意向も,8/12(水) 7:30,https://news.yahoo.co.jp/pickup/6591382,https://news.yahoo.co.jp/articles/c28c0ee0693b4f0746f19281202ebcd0c903d191,8/12(水) 7:30
top-picks,CHANTO WEB,元AKB大家 父との別れ発信の背景,8/12(水) 7:13,https://news.yahoo.co.jp/pickup/6591381,https://news.yahoo.co.jp/articles/3554afc0745af4b169fa7cac8e56875c0c1c0173,8/12(水) 7:13
top-picks,スポーツ報知,C・ロナウド ポルトガルで民事婚,8/12(水) 6:58,https://news.yahoo.co.jp/pickup/6591380,https://news.yahoo.co.jp/articles/fbaf77d122bd5a948f6e570de81c06137251c7b1,8/12(水) 6:58
top-picks,スポーツ報知,C・ロナウド ポルトガルで民事婚,8/12(水) 6:58,https://news.yahoo.co.jp/pickup/6591380,https://news.yahoo.co.jp/articles/fbaf77d122bd5a948f6e570de81c06137251c7b1,8/12(水) 6:58
top-picks,共同通信,元・経団連会長 奥田碩さん死去,8/12(水) 6:48,https://news.yahoo.co.jp/pickup/6591379,https://news.yahoo.co.jp/articles/c07f45e4f10ad2279e734c57a20377d00dfd3694,8/12(水) 6:48
top-picks,TBS NEWS DIG Powered by JNN,北発射のミサイル EEZ外に落下か,8/12(水) 6:40,https://news.yahoo.co.jp/pickup/6591378,https://news.yahoo.co.jp/articles/f798106d622c6bc400bb210db7ab12c77979ae10,8/12(水) 6:40
top-picks,日刊スポーツ,あざとくて何が悪いの? 9月終了,8/12(水) 6:33,https://news.yahoo.co.jp/pickup/6591377,https://news.yahoo.co.jp/articles/97f03e40a7acaa64aea351edf97e3bae5360e1d3,8/12(水) 6:33
top-picks,FNNプライムオンライン（フジテレビ系）,北発射のミサイル すでに落下か,8/12(水) 6:21,https://news.yahoo.co.jp/pickup/6591376,,8/12(水) 6:21
top-picks,tenki.jp,台風15号は近畿地方から西へ 警戒,8/12(水) 6:07,https://news.yahoo.co.jp/pickup/6591375,https://news.yahoo.co.jp/articles/372318899f36faa4988ecc4da570ac7476537905,8/12(水) 6:07
top-picks,MBSニュース,砂浜に遺体 近くで22歳男性が不明,8/11(火) 23:43,https://news.yahoo.co.jp/pickup/6591374,https://news.yahoo.co.jp/articles/735b851e9620ad62fca9cb1f8b225866b448d762,8/11(火) 23:43
top-picks,デイリースポーツ,クレベル完敗 20歳新星に判定0-3,8/11(火) 23:15,https://news.yahoo.co.jp/pickup/6591371,https://news.yahoo.co.jp/articles/376580d548833138e67cd40fb130d51b2df5c0d3,8/11(火) 23:15
top-picks,OBS大分放送,猛暑でお盆変化 オンライン参拝も,8/11(火) 22:50,https://news.yahoo.co.jp/pickup/6591368,https://news.yahoo.co.jp/articles/21ca065a869acfff39a74ee079d7fda4111dd9c0,8/11(火) 22:50
top-picks,毎日新聞,イオン 爆発事故で遺族に補償方針,8/11(火) 22:38,https://news.yahoo.co.jp/pickup/6591365,https://news.yahoo.co.jp/articles/fe9c2c45d5b8bfa582d70c291ddc1bf8007bcd3d,8/11(火) 22:38
top-picks,テレビ静岡NEWS,運転手のさじ加減? タイ二重価格,8/11(火) 22:37,https://news.yahoo.co.jp/pickup/6591364,https://news.yahoo.co.jp/articles/758192b3a348d3d828aacafc802e2b238d3fcf65,8/11(火) 22:37
top-picks,静岡放送（SBS）,観覧エリアに花火落下 3人やけど,8/11(火) 22:34,https://news.yahoo.co.jp/pickup/6591366,https://news.yahoo.co.jp/articles/912b9a5dd8266acdfcbfc61d47376558aa880587,8/11(火) 22:34
top-picks,熊本ニュース KAB ONLINE,イオン再入館 証言から浮かぶ混乱,8/11(火) 22:14,https://news.yahoo.co.jp/pickup/6591360,https://news.yahoo.co.jp/articles/77f2a73261d1c3cbf79f5fad10299f785c631b6d,8/11(火) 22:14
top-picks,日テレNEWS NNN,台風上陸 12日も各地で大雨予想,8/11(火) 22:12,https://news.yahoo.co.jp/pickup/6591361,https://news.yahoo.co.jp/articles/f341ca95ffd01243599bdcf6cd3036f8f978436b,8/11(火) 22:12
top-picks,ロイター,ソニーとTSMC 合弁会社を設立へ,8/11(火) 21:45,https://news.yahoo.co.jp/pickup/6591358,https://news.yahoo.co.jp/articles/d2736d2a77d2e1146678a46e7ddfc6ce8e4230a0,8/11(火) 21:45
top-picks,ロイター,コンゴ エボラ死者が2000人超える,8/11(火) 21:42,https://news.yahoo.co.jp/pickup/6591357,https://news.yahoo.co.jp/articles/b9849ef32a731cf2cfcbc78589b3e12af1da1597,8/11(火) 21:42
top-picks,ＢＳＮ新潟放送,子供2人死亡 海の流れに識者驚き,8/11(火) 21:22,https://news.yahoo.co.jp/pickup/6591355,https://news.yahoo.co.jp/articles/4bbcfb4b0be2ea3de4ffe2a199a37db379702a88,8/11(火) 21:22
top-picks,Full-Count,SB三塁打→HR 相手リクエストで,8/11(火) 21:20,https://news.yahoo.co.jp/pickup/6591356,https://news.yahoo.co.jp/articles/a435d87c9f225391f645a1aa3bfd6ef53297ea7d,8/11(火) 21:20
top-picks,Yahoo!リアルタイム検索,茨城県に台風上陸 現地のSNS投稿,8/11(火) 21:15,https://news.yahoo.co.jp/pickup/6591349,,8/11(火) 21:15
top-picks,テクノエッジ,YouTube 収益化ハードル引き上げ,8/11(火) 20:59,https://news.yahoo.co.jp/pickup/6591352,https://news.yahoo.co.jp/articles/71ec8348e038d8f0b2ac5b7948aaeb0deea14edf,8/11(火) 20:59
top-picks,テレビ朝日系（ANN）,第2の麻辣湯 ビャンビャン麺とは,8/11(火) 20:39,https://news.yahoo.co.jp/pickup/6591353,https://news.yahoo.co.jp/articles/6e0e00eb6436fdc687fa166dfc92db8a709a84a2,8/11(火) 20:39
top-picks,TBS NEWS DIG Powered by JNN,台風15号が茨城に上陸 災害に警戒,8/11(火) 20:24,https://news.yahoo.co.jp/pickup/6591354,https://news.yahoo.co.jp/articles/a934bb29bced3da1cf7eab0125eac930cfbe44df,8/11(火) 20:24
top-picks,ＡＦＰ＝時事,シリア裁判所 前大統領に死刑判決,8/11(火) 19:53,https://news.yahoo.co.jp/pickup/6591351,https://news.yahoo.co.jp/articles/ad7476d664ea6328325cfe5485b71062f61a1a67,8/11(火) 19:53
top-picks,TBS NEWS DIG Powered by JNN,アスベスト影響 半蔵門線運転再開,8/11(火) 19:39,https://news.yahoo.co.jp/pickup/6591350,https://news.yahoo.co.jp/articles/80fae0f9634c1f7fdb0a0772ea5c1e8a0412071e,8/11(火) 19:39
top-picks,スポニチアネックス,台風接近 各地イベント中止相次ぐ,8/11(火) 19:13,https://news.yahoo.co.jp/pickup/6591348,https://news.yahoo.co.jp/articles/2ec1edc53f26858825d1300261523fc625a0f338,8/11(火) 19:13
top-picks,デイリースポーツ,佐藤輝の看板直撃弾に賞金 大歓声,8/11(火) 18:58,https://news.yahoo.co.jp/pickup/6591347,https://news.yahoo.co.jp/articles/f567c4d3138a92055639900085a065715a8c8bae,8/11(火) 18:58
top-picks,FNNプライムオンライン（フジテレビ系）,台風帰省ラッシュ直撃 混乱広がる,8/11(火) 18:50,https://news.yahoo.co.jp/pickup/6591346,https://news.yahoo.co.jp/articles/2c3f6b285c1ed65e224817a8685215b358623938,8/11(火) 18:50
top-picks,ほ・とせなNEWS,小1で難病診断され 向き合う16歳,8/11(火) 18:41,https://news.yahoo.co.jp/pickup/6591345,https://news.yahoo.co.jp/articles/f671d0dc601c6806eba8f458fac7887cc9b10299,8/11(火) 18:41
top-picks,北海道ニュースUHB,理想のママ像 追い詰められた女性,8/11(火) 18:29,https://news.yahoo.co.jp/pickup/6591344,https://news.yahoo.co.jp/articles/183f6fe0b72f37fe86187555356e1cc46669ec4b,8/11(火) 18:29
top-picks,Full-Count,根尾昂 2軍戦で1死も取れず7失点,8/11(火) 17:59,https://news.yahoo.co.jp/pickup/6591341,https://news.yahoo.co.jp/articles/b76c3085f6701f484d100a6dff2ff27a923d58eb,8/11(火) 17:59
top-picks,Yahoo!路線情報,全国の鉄道・フライト 最新情報,8/11(火) 17:53,https://news.yahoo.co.jp/pickup/6585817,,8/11(火) 17:53
top-picks,読売テレビ,家族と体験ダイビング中溺れ 死亡,8/11(火) 17:49,https://news.yahoo.co.jp/pickup/6591340,https://news.yahoo.co.jp/articles/cd3df49797ac263eda1a3fe736e8f25af6734a74,8/11(火) 17:49
top-picks,Yahoo!ニュース オリジナル 特集オリジナル,山口一郎うつ病4年 進む新しい道,8/11(火) 17:42,https://news.yahoo.co.jp/pickup/6591331,https://news.yahoo.co.jp/articles/9a746f3b513264fa4ee82c719e62739641d01774,8/11(火) 17:42
top-picks,北海道ニュースUHB,理想のママと比較 自ら追い詰めた,8/11(火) 17:28,https://news.yahoo.co.jp/pickup/6591339,https://news.yahoo.co.jp/articles/183f6fe0b72f37fe86187555356e1cc46669ec4b,8/11(火) 17:28
top-picks,ウェザーマップ,台風が関東上陸へ 大雨に厳重警戒,8/11(火) 17:18,https://news.yahoo.co.jp/pickup/6591338,https://news.yahoo.co.jp/articles/5338c437db35e529fb09661aace69f9db6cf3905,8/11(火) 17:18
top-picks,産経新聞,H3ロケット成功 種子島で拍手,8/11(火) 16:55,https://news.yahoo.co.jp/pickup/6591333,https://news.yahoo.co.jp/articles/2a66642e0cb0089ac1007404e6bf5a005b99e3fc,8/11(火) 16:55
top-picks,中日スポーツ,降板スクバル顔真っ赤 監督は諭す,8/11(火) 16:53,https://news.yahoo.co.jp/pickup/6591332,https://news.yahoo.co.jp/articles/f933e04f84a6e356605b23cb5fe864cf5deaf6f3,8/11(火) 16:53
top-picks,スポーツナビ,速報甲子園 履正社が享栄に逆転,8/11(火) 16:51,https://news.yahoo.co.jp/pickup/6591335,,8/11(火) 16:51
top-picks,読売新聞オンライン,息子が戦死 5年葬式しなかった母,8/11(火) 16:45,https://news.yahoo.co.jp/pickup/6591329,https://news.yahoo.co.jp/articles/f675a18163163631282976d7a6636bb12e3e13fe,8/11(火) 16:45
top-picks,テレビ朝日系（ANN）,半蔵門線の運転再開は「本日中」,8/11(火) 16:34,https://news.yahoo.co.jp/pickup/6591330,https://news.yahoo.co.jp/articles/f2acc2d3950c0156909abd128343316b1779fab2,8/11(火) 16:34
top-picks,スポーツ報知,病気公表の我が家・杉山 復帰へ,8/11(火) 16:17,https://news.yahoo.co.jp/pickup/6591327,https://news.yahoo.co.jp/articles/e2b02c474ef2a9685c0e735013e77632d23f3e0a,8/11(火) 16:17
top-picks,TBS NEWS DIG Powered by JNN,東京・多摩川で男性が溺れる 死亡,8/11(火) 16:10,https://news.yahoo.co.jp/pickup/6591326,https://news.yahoo.co.jp/articles/0befcdcec925cde9779b0563467914f607c7ec2a,8/11(火) 16:10
top-picks,朝日新聞,イオン 再入館した人数確認できず,8/11(火) 16:06,https://news.yahoo.co.jp/pickup/6591324,https://news.yahoo.co.jp/articles/33d4bcd0e2f60f7c4fdb2cdbfdcf0e8454457918,8/11(火) 16:06
top-picks,ＡＦＰ＝時事,仏全土の7割近くで水の使用制限,8/11(火) 15:51,https://news.yahoo.co.jp/pickup/6591325,https://news.yahoo.co.jp/articles/ffe66255bbe945f9dac66fbdb683a2c52a2ba61b,8/11(火) 15:51
top-picks,スポーツナビ,速報甲子園 享栄vs.履正社,8/11(火) 15:47,https://news.yahoo.co.jp/pickup/6591322,,8/11(火) 15:47
top-picks,ロイター,米大統領専用機おとりに使用 報道,8/11(火) 15:42,https://news.yahoo.co.jp/pickup/6591323,https://news.yahoo.co.jp/articles/44e83a9cfcd24a9ffda20f28fe504ca64da90308,8/11(火) 15:42
top-picks,TBS NEWS DIG Powered by JNN,智弁和歌山 夏初戦を5年ぶり突破,8/11(火) 15:25,https://news.yahoo.co.jp/pickup/6591321,https://news.yahoo.co.jp/articles/e9a75b4bd04d6088b3b330ceb46ab21d4e1a5a32,8/11(火) 15:25
top-picks,聯合ニュース,NAVERの牙城崩れる 韓国で変化,8/11(火) 14:57,https://news.yahoo.co.jp/pickup/6591320,https://news.yahoo.co.jp/articles/b1e5c8f1f4534d5d05997f3a23e312c7c232238b,8/11(火) 14:57
top-picks,西日本新聞me,首相の人事 麻生氏の意向反映焦点,8/11(火) 14:56,https://news.yahoo.co.jp/pickup/6591319,https://news.yahoo.co.jp/articles/116de6de66922ade4ec72c49a79494c9b2dd5adb,8/11(火) 14:56
top-picks,Full-Count,甲子園初出場校の苦労 費用に不安,8/11(火) 14:49,https://news.yahoo.co.jp/pickup/6591318,https://news.yahoo.co.jp/articles/ac26f9814da3fdfab7fe49f4608f165d5b4c64d4,8/11(火) 14:49
top-picks,聯合ニュース,GoogleアプリがNAVER逆転 韓国,8/11(火) 14:38,https://news.yahoo.co.jp/pickup/6591317,https://news.yahoo.co.jp/articles/b1e5c8f1f4534d5d05997f3a23e312c7c232238b,8/11(火) 14:38
top-picks,TBS NEWS DIG Powered by JNN,被災しても避難所に行けない なぜ,8/11(火) 14:14,https://news.yahoo.co.jp/pickup/6591315,https://news.yahoo.co.jp/articles/a1727f71e4157e3fa50f1d59ad27243e78351419,8/11(火) 14:14
top-picks,ウェザーマップ,台風は夜に関東上陸へ 異例コース,8/11(火) 14:10,https://news.yahoo.co.jp/pickup/6591316,https://news.yahoo.co.jp/articles/26fa714475da11ad5075b664b1a6e6eed71eb7a0,8/11(火) 14:10
top-picks,スポニチアネックス,B'z 被災地支援に3000万円寄付,8/11(火) 14:04,https://news.yahoo.co.jp/pickup/6591314,https://news.yahoo.co.jp/articles/0f0a6f9176c60d2a58c81e244f565b239199406e,8/11(火) 14:04
top-picks,読売テレビ,「2度遭難」続発 野口健さん憤り,8/11(火) 13:42,https://news.yahoo.co.jp/pickup/6591311,https://news.yahoo.co.jp/articles/da86eeccb70425f3b15e3816d90f39dea1acee6e,8/11(火) 13:42
top-picks,高知さんさんテレビ,家族らと遊泳中溺れ 35歳女性死亡,8/11(火) 13:39,https://news.yahoo.co.jp/pickup/6591309,,8/11(火) 13:39
top-picks,スポーツナビ,速報甲子園 社vs.智弁和歌山,8/11(火) 13:32,https://news.yahoo.co.jp/pickup/6591312,,8/11(火) 13:32
top-picks,スポニチアネックス,勘違いで記念球が客席に 千賀爆笑,8/11(火) 13:25,https://news.yahoo.co.jp/pickup/6591310,https://news.yahoo.co.jp/articles/4d29eb2256422af6f8b9c92d4cc508721aaacdfd,8/11(火) 13:25
top-picks,RKK熊本放送,イオン 避難後の一時入館認めた,8/11(火) 12:27,https://news.yahoo.co.jp/pickup/6591305,https://news.yahoo.co.jp/articles/baf6db5c56b88d12dfbf08d68a616e968408ac0a,8/11(火) 12:27
top-picks,朝日新聞,豪首相が番組で性的発言か 批判,8/11(火) 12:26,https://news.yahoo.co.jp/pickup/6591302,https://news.yahoo.co.jp/articles/ef6575a7b919f755f16de90edc288d9e59dc7610,8/11(火) 12:26
top-picks,北海道ニュースUHB,愛するから撃つ 27歳ハンター葛藤,8/11(火) 12:09,https://news.yahoo.co.jp/pickup/6591304,https://news.yahoo.co.jp/articles/bbe0f4995f220672a798d153a97b04b5ad39951d,8/11(火) 12:09
top-picks,スポーツ報知,千賀滉大 渡米後初セーブで笑顔,8/11(火) 11:55,https://news.yahoo.co.jp/pickup/6591301,https://news.yahoo.co.jp/articles/0d40058c6c935babc16c1b9e0788c274b32bec47,8/11(火) 11:55
top-picks,北海道ニュースUHB,愛するから撃つ ヒグマ追う27歳,8/11(火) 11:35,https://news.yahoo.co.jp/pickup/6591299,https://news.yahoo.co.jp/articles/bbe0f4995f220672a798d153a97b04b5ad39951d,8/11(火) 11:35
top-picks,高知さんさんテレビ,サーファーの聖地で18歳不明 高知,8/11(火) 11:28,https://news.yahoo.co.jp/pickup/6591300,https://news.yahoo.co.jp/articles/9e2213059f326818a781bd87250faf6aa8dc23c8,8/11(火) 11:28
top-picks,読売テレビ,急遽中止の花火大会 会場確保せず,8/11(火) 11:11,https://news.yahoo.co.jp/pickup/6591298,https://news.yahoo.co.jp/articles/ff300ee4bfac79defcdb586945cf642e2e86cfe5,8/11(火) 11:11
top-picks,ウェザーマップ,台風上陸へ 午後から雨風強まるか,8/11(火) 10:55,https://news.yahoo.co.jp/pickup/6591296,https://news.yahoo.co.jp/articles/cb63082ddea7406e46958c687faaec58ea9cec9f,8/11(火) 10:55
top-picks,RSK山陽放送,お腹の中で被爆 周囲の心ない言葉,8/11(火) 10:50,https://news.yahoo.co.jp/pickup/6591297,https://news.yahoo.co.jp/articles/6112b9b22738f5f96137ac027ed093586e9820f8,8/11(火) 10:50
top-picks,産経新聞,僧侶らバンド「THE南無ズ」人気,8/11(火) 10:36,https://news.yahoo.co.jp/pickup/6591295,https://news.yahoo.co.jp/articles/10095579068f871eef65e37d311b9c5b8d04ef17,8/11(火) 10:36
top-picks,朝日新聞,露最高裁 反戦政党の選挙排除決定,8/11(火) 10:13,https://news.yahoo.co.jp/pickup/6591294,https://news.yahoo.co.jp/articles/b0e1388fe1322e6692a8d3b53d7961f38d750f68,8/11(火) 10:13
top-picks,ITmedia ビジネスオンライン,携帯キャリア悩ませるホッピング,8/11(火) 10:10,https://news.yahoo.co.jp/pickup/6591293,https://news.yahoo.co.jp/articles/ec34566bf12396138503449e85454d3d9b841096,8/11(火) 10:10
top-picks,読売新聞オンライン,減税に伴う地方減収 国穴埋め検討,8/11(火) 10:10,https://news.yahoo.co.jp/pickup/6591288,https://news.yahoo.co.jp/articles/fdd831eb2817a64ce093ea7545e2530149e7bd9f,8/11(火) 10:10
top-picks,テレビ朝日系（ANN）,ANAが計58便欠航 台風がお盆直撃,8/11(火) 10:06,https://news.yahoo.co.jp/pickup/6591289,https://news.yahoo.co.jp/articles/e07fe535cffb9fc75fb6f704cef45a5df9e8c8da,8/11(火) 10:06
top-picks,デイリースポーツ,推し活でビッグカツ人気 社長驚く,8/11(火) 9:53,https://news.yahoo.co.jp/pickup/6591291,https://news.yahoo.co.jp/articles/4cb06d2af66c21f8a3f84fb842200538b14ace86,8/11(火) 9:53
top-picks,朝日新聞,横浜市長パワハラ説明へ 注目点は,8/11(火) 9:43,https://news.yahoo.co.jp/pickup/6591287,https://news.yahoo.co.jp/articles/5735afa4fedd40ff1a2321d63507fcc736119980,8/11(火) 9:43
top-picks,TKUテレビ熊本,被災男性のAI加工画像が拡散 憤り,8/11(火) 9:37,https://news.yahoo.co.jp/pickup/6591286,https://news.yahoo.co.jp/articles/773800d850c77fb4f8c2b5eb4490f2de27d605d0,8/11(火) 9:37
top-picks,デイリースポーツ,縁起いい 推し活でビッグカツ人気,8/11(火) 9:22,https://news.yahoo.co.jp/pickup/6591285,https://news.yahoo.co.jp/articles/4cb06d2af66c21f8a3f84fb842200538b14ace86,8/11(火) 9:22
top-picks,ロイター,米大統領 イランの賠償要求に対抗,8/11(火) 9:06,https://news.yahoo.co.jp/pickup/6591284,https://news.yahoo.co.jp/articles/3129833eef04590155f89c09f25c18848659883c,8/11(火) 9:06
top-picks,TBS NEWS DIG Powered by JNN,半蔵門線の一部 午後再開を目指す,8/11(火) 8:56,https://news.yahoo.co.jp/pickup/6591283,https://news.yahoo.co.jp/articles/87caa012aba4a5c1f13e57bc55a3a6709125ad8d,8/11(火) 8:56
top-picks,東京商工リサーチ,ケーキや菓子店などの倒産 急増,8/11(火) 8:46,https://news.yahoo.co.jp/pickup/6591282,https://news.yahoo.co.jp/articles/c8a56d1979eaf10158904764e9ff04d564309fe8,8/11(火) 8:46
top-picks,朝日新聞,富士山で遭難死 なぜか男性ばかり,8/11(火) 8:30,https://news.yahoo.co.jp/pickup/6591281,https://news.yahoo.co.jp/articles/968fd9f58ba181ea961a2acef1fa5a9e0e5c9551,8/11(火) 8:30
top-picks,朝日新聞,母殺害疑い娘が投げ銭1千万円以上,8/11(火) 8:26,https://news.yahoo.co.jp/pickup/6591280,https://news.yahoo.co.jp/articles/7e4280918a6189abdf661bab7695b29df6aa2923,8/11(火) 8:26
top-picks,KBC九州朝日放送,右折車と衝突 バイクの22歳が死亡,8/11(火) 8:09,https://news.yahoo.co.jp/pickup/6591278,,8/11(火) 8:09
top-picks,毎日新聞,中国で複数邦人の拘束が判明,8/11(火) 8:05,https://news.yahoo.co.jp/pickup/6591277,,8/11(火) 8:05
top-picks,読売新聞オンライン,熊本地震2週間 6千人なお避難生活,8/11(火) 7:50,https://news.yahoo.co.jp/pickup/6591276,https://news.yahoo.co.jp/articles/79a916e4c57f0a863fdb5976355894c7ed30b619,8/11(火) 7:50
top-picks,TBS NEWS DIG Powered by JNN,半蔵門線一部見合わせ 再開は昼か,8/11(火) 7:46,https://news.yahoo.co.jp/pickup/6591275,https://news.yahoo.co.jp/articles/87caa012aba4a5c1f13e57bc55a3a6709125ad8d,8/11(火) 7:46
top-picks,日テレNEWS NNN,シャインマスカット 盗難相次ぐ,8/11(火) 7:44,https://news.yahoo.co.jp/pickup/6591273,https://news.yahoo.co.jp/articles/cc9d82c162002071f1097e70b04a24b32b9341d4,8/11(火) 7:44
top-picks,tenki.jp,台風が関東上陸へ 交通乱れに注意,8/11(火) 7:26,https://news.yahoo.co.jp/pickup/6591272,https://news.yahoo.co.jp/articles/c2442d1e4f56de665b0f3b51b46bdf813be46304,8/11(火) 7:26
top-picks,MBC南日本放送,H3ロケット9号機 打ち上げ成功,8/11(火) 7:22,https://news.yahoo.co.jp/pickup/6591271,https://news.yahoo.co.jp/articles/7983a5b1b838eb5153b9a4221dbfb6886e6989dc,8/11(火) 7:22
top-picks,時事通信,コロンビアで地震 110人超死亡,8/11(火) 7:19,https://news.yahoo.co.jp/pickup/6591270,https://news.yahoo.co.jp/articles/c865eca65c94a305e7ba077dadaccb7e1cc141c5,8/11(火) 7:19
top-picks,テレビ朝日系（ANN）,台風 雨風による交通機関乱れ注意,8/11(火) 0:10,https://news.yahoo.co.jp/pickup/6591269,https://news.yahoo.co.jp/articles/69ed8de4025ae3ae63e980ff51c8a7f1a2484f78,8/11(火) 0:10
