ctgry,media_jp,title_pickup,title_articles,link_pickup,link_articles,date_original
top-picks,朝日新聞,福岡県議会の自民会派 1人が離脱,8/25(火) 10:49,https://news.yahoo.co.jp/pickup/6592980,https://news.yahoo.co.jp/articles/1dd810ef1061cdd9f4ee630ff12bbbd4ffc1a476,8/25(火) 10:49
top-picks,日テレNEWS NNN,行方不明のオオトカゲを確保 横浜,8/25(火) 10:26,https://news.yahoo.co.jp/pickup/6592979,,8/25(火) 10:26
top-picks,朝日新聞,窓口営業は午前のみ 京都信用金庫,8/25(火) 10:17,https://news.yahoo.co.jp/pickup/6592978,https://news.yahoo.co.jp/articles/b6119d085ff328ba6b0e737fcdd5fb93ce9f07c7,8/25(火) 10:17
top-picks,熊本日日新聞,イオン爆発前に「ガス臭」証言,8/25(火) 10:07,https://news.yahoo.co.jp/pickup/6592976,https://news.yahoo.co.jp/articles/91a360bc855b4ecd173bfd05fb4cfca55189204c,8/25(火) 10:07
top-picks,テレビ朝日系（ANN）,8/22の世界海面水温 観測史上最高,8/25(火) 9:47,https://news.yahoo.co.jp/pickup/6592975,https://news.yahoo.co.jp/articles/f9095d7fd17000b497e0cf01983483b247398a2d,8/25(火) 9:47
top-picks,朝日新聞,窓口営業午前中のみ 信金取り組み,8/25(火) 9:45,https://news.yahoo.co.jp/pickup/6592973,https://news.yahoo.co.jp/articles/b6119d085ff328ba6b0e737fcdd5fb93ce9f07c7,8/25(火) 9:45
top-picks,Media info not found,「将門塚」で迷惑配信 刑事責任は,東京・大手町の都心に鎮座する歴史的史跡「将門塚」で過激な配信を行った迷惑系配信者が炎上しています。石碑によじ登って抱きつき、奇声を発しており、管理団体が警察に相談しているといいます。局部を露出したという話もあります。こうした収益目当ての迷惑系配信を巡る刑事責任について、改善策を含めて解説します。,https://news.yahoo.co.jp/pickup/6592972,https://news.yahoo.co.jp/articles/4b8c81a6d8fc7c362413dc1dd0bbde28823f772d,8/25(火) 9:25
top-picks,TBS NEWS DIG Powered by JNN,路上売春 買う側処罰案に賛否の訳,8/25(火) 9:21,https://news.yahoo.co.jp/pickup/6592971,,8/25(火) 9:21
top-picks,テレビ朝日系（ANN）,米 イランに「経済的総攻撃」発表,8/25(火) 9:08,https://news.yahoo.co.jp/pickup/6592970,,8/25(火) 9:08
top-picks,読売新聞オンライン,経産省 事業再編促す税優遇要望へ,8/25(火) 9:01,https://news.yahoo.co.jp/pickup/6592967,https://news.yahoo.co.jp/articles/2bd293b3431f381f5314304783285329e46e23c0,8/25(火) 9:01
top-picks,シネマトゥデイ,幾田りら 映画で梓みちよさん役,8/25(火) 8:33,https://news.yahoo.co.jp/pickup/6592964,https://news.yahoo.co.jp/articles/4f2ef716b884ce18aff1be77124253a20c8abf60,8/25(火) 8:33
top-picks,読売テレビ,電車でのハンディファン使用 賛否,8/25(火) 8:21,https://news.yahoo.co.jp/pickup/6592963,https://news.yahoo.co.jp/articles/4c8aebae09d8e7c7737dc8730f9ca861c89d7d65,8/25(火) 8:21
top-picks,シネマトゥデイ,幾田りら 実写映画に初めて出演,8/25(火) 8:21,https://news.yahoo.co.jp/pickup/6592962,https://news.yahoo.co.jp/articles/4f2ef716b884ce18aff1be77124253a20c8abf60,8/25(火) 8:21
top-picks,Media info not found,コンビニ各社おにぎり値下げ なぜ,　コメ価格が下落するなか、大手コンビニ各社が相次いで「おにぎり」を値下げすると発表しました。,https://news.yahoo.co.jp/pickup/6592961,https://news.tv-asahi.co.jp/news_economy/articles/000528402.html,8/25(火) 8:06
top-picks,毎日新聞,警視庁警官3060人欠員 採用不調か,8/25(火) 7:51,https://news.yahoo.co.jp/pickup/6592957,https://news.yahoo.co.jp/articles/d1263eb3d5a58438915eb6ea58c73983befb738c,8/25(火) 7:51
top-picks,読売新聞オンライン,ウ侵略4年半 欧州の結束アピール,8/25(火) 7:48,https://news.yahoo.co.jp/pickup/6592958,https://news.yahoo.co.jp/articles/0a5908b82e3a0776ed3cce65f906de4b4e7ba899,8/25(火) 7:48
top-picks,読売新聞オンライン,同志社理事長辞任へ 辺野古事故で,8/25(火) 7:33,https://news.yahoo.co.jp/pickup/6592956,https://news.yahoo.co.jp/articles/facc44f0ab3fd5cd24173c397884f98f86f28045,8/25(火) 7:33
top-picks,東海テレビ,住宅に身元不明の3人の遺体 岐阜,8/25(火) 7:22,https://news.yahoo.co.jp/pickup/6592954,https://news.yahoo.co.jp/articles/698fc6205c5a85177d83ac666cc9f1601c6a331c,8/25(火) 7:22
top-picks,デイリースポーツ,新庄監督 1軍ベンチ枠拡大を提案,8/25(火) 7:15,https://news.yahoo.co.jp/pickup/6592953,https://news.yahoo.co.jp/articles/0278df9823d045e361ab6af02948df451aea5408,8/25(火) 7:15
top-picks,産経新聞,相模原17歳死亡 ぼう然とする友人,8/25(火) 7:00,https://news.yahoo.co.jp/pickup/6592952,https://news.yahoo.co.jp/articles/4509cae9df4308961ba479dcc010da50e2f4715e,8/25(火) 7:00
top-picks,tenki.jp,台風18号 26日にかけ沖縄など接近,8/25(火) 6:41,https://news.yahoo.co.jp/pickup/6592951,https://news.yahoo.co.jp/articles/2752268792ecd54da848d2028a0c694ae78053de,8/25(火) 6:41
top-picks,オリコン,人気韓ドラ 芦田愛菜主演で日本版,8/25(火) 6:25,https://news.yahoo.co.jp/pickup/6592950,https://news.yahoo.co.jp/articles/5cb7a7161bbc1eb18909406155c86cc582219660,8/25(火) 6:25
top-picks,STVニュース北海道,車正面衝突し2人死亡 幼児重傷か,8/25(火) 6:09,https://news.yahoo.co.jp/pickup/6592949,https://news.yahoo.co.jp/articles/856377aaca71087ddd765403232ff360ce92b472,8/25(火) 6:09
top-picks,Bloomberg,カナダ車関税2倍へ 米大統領表明,8/25(火) 0:13,https://news.yahoo.co.jp/pickup/6592948,https://news.yahoo.co.jp/articles/9f17cabdd268e7da47d46eacd0ce3ddebec3f442,8/25(火) 0:13
top-picks,新潟ニュースNST,18歳死亡 灯籠と柱に挟まれる,8/24(月) 23:51,https://news.yahoo.co.jp/pickup/6592947,https://news.yahoo.co.jp/articles/f22944adc4e2c7a1faf3dbd92c9ac6fe68639338,8/24(月) 23:51
top-picks,スポニチアネックス,智弁和歌山 新チームが初戦敗戦,8/24(月) 23:45,https://news.yahoo.co.jp/pickup/6592946,https://news.yahoo.co.jp/articles/1b5b3e2368c9e81af319d9904eacf0f6c49ac43a,8/24(月) 23:45
top-picks,新潟ニュースNST,10代男性重体 灯籠と柱に挟まれる,8/24(月) 23:33,https://news.yahoo.co.jp/pickup/6592945,https://news.yahoo.co.jp/articles/f22944adc4e2c7a1faf3dbd92c9ac6fe68639338,8/24(月) 23:33
top-picks,MBSニュース,店の駐車場で売上200万円奪われる,8/24(月) 22:58,https://news.yahoo.co.jp/pickup/6592938,https://news.yahoo.co.jp/articles/014e39e272e30bbc76689ee888ea9486467ba902,8/24(月) 22:58
top-picks,オリコン,俳優・満島ひかり 第1子出産発表,8/24(月) 22:50,https://news.yahoo.co.jp/pickup/6592944,https://news.yahoo.co.jp/articles/1162a27e50b26c124341c4276f18c42f4c1c0fde,8/24(月) 22:50
top-picks,BBC News,中国で白菜に発がん性物質か 調査,8/24(月) 22:39,https://news.yahoo.co.jp/pickup/6592940,https://news.yahoo.co.jp/articles/68f8609e579f17f1deb69816e38371583bc4846e,8/24(月) 22:39
top-picks,TBS NEWS DIG Powered by JNN,10人乗るクルーザー座礁 2人重傷,8/24(月) 22:37,https://news.yahoo.co.jp/pickup/6592941,https://news.yahoo.co.jp/articles/b6492ea7900a41d9b2f2f8453234354259fe4bb5,8/24(月) 22:37
top-picks,共同通信,損保ジャパン 車保険料5%値上げへ,8/24(月) 22:33,https://news.yahoo.co.jp/pickup/6592942,https://news.yahoo.co.jp/articles/cb9d537e727c0d3ec6cd36b9c1fc2405bfba7c93,8/24(月) 22:33
top-picks,読売新聞オンライン,蔵内氏が議員辞職へ 説明求める声,8/24(月) 22:29,https://news.yahoo.co.jp/pickup/6592936,https://news.yahoo.co.jp/articles/b233f3c961ba9b8e7746052be0718a4522513616,8/24(月) 22:29
top-picks,共同通信,損保J 来年1月に車保険料5%値上げ,8/24(月) 22:22,https://news.yahoo.co.jp/pickup/6592935,https://news.yahoo.co.jp/articles/cb9d537e727c0d3ec6cd36b9c1fc2405bfba7c93,8/24(月) 22:22
top-picks,BBC News,中国 白菜類に発がん性物質使用か,8/24(月) 22:05,https://news.yahoo.co.jp/pickup/6592933,https://news.yahoo.co.jp/articles/68f8609e579f17f1deb69816e38371583bc4846e,8/24(月) 22:05
top-picks,日テレNEWS NNN,体長1.2mのオオトカゲ脱走 横浜,8/24(月) 22:01,https://news.yahoo.co.jp/pickup/6592934,https://news.yahoo.co.jp/articles/feaafcde8c052799ada15cf65e8a73e6e0ac4f98,8/24(月) 22:01
top-picks,SOCCER DIGEST Web,代表FW小川航基 町田に完全移籍,8/24(月) 21:49,https://news.yahoo.co.jp/pickup/6592931,https://news.yahoo.co.jp/articles/7c3c36c6a1ca2ba980245f830a893d1c0959995e,8/24(月) 21:49
top-picks,FNNプライムオンライン（フジテレビ系）,ICC制裁巡り超党派議連が非難声明,8/24(月) 21:32,https://news.yahoo.co.jp/pickup/6592929,,8/24(月) 21:32
top-picks,共同通信,誤って裁判官1人で審理 本来は3人,8/24(月) 21:02,https://news.yahoo.co.jp/pickup/6592923,,8/24(月) 21:02
top-picks,Media info not found,VIVANT「ガバガバ考察」の動きも,TBS日曜劇場「VIVANT」第15話が23日、放送されました。世帯視聴率15.2％をマークしシーズン2開始から5話連続で15％以上をキープしています。「別班」とは何なのかなど、謎が謎を呼ぶシーズン１。それに対して、状況が詳らかになった上で始まるシーズン２は謎ではなく展開で視聴者を引き付ける。それだけに次の展開への考察熱が高まってもいますが、その中で出てきているのが“ガバガバ考察”という言葉です。,https://news.yahoo.co.jp/pickup/6592904,https://news.yahoo.co.jp/articles/5b60a1e7d214c44a312db347c1626c50f88a9766,8/24(月) 20:55
top-picks,産経新聞,相方に余命宣告 漫才コンビ再出発,8/24(月) 20:50,https://news.yahoo.co.jp/pickup/6592924,https://news.yahoo.co.jp/articles/2bc11047679d855495c616ce2e3af64ddc98ca70,8/24(月) 20:50
top-picks,共同通信,金密輸の手口巧妙化 政府審査強化,8/24(月) 20:50,https://news.yahoo.co.jp/pickup/6592925,https://news.yahoo.co.jp/articles/859a1db50329d0b5a9bd4ce72ce9dd5c39caa1aa,8/24(月) 20:50
top-picks,ENCOUNT,SCANDAL活動終了 23年にギネス,8/24(月) 20:40,https://news.yahoo.co.jp/pickup/6592920,https://news.yahoo.co.jp/articles/69fafa23944f814fcc4c7b1e2e5c5ed4d6bb9bef,8/24(月) 20:40
top-picks,ウェザーマップ,25日 熊本など40℃酷暑日予想,8/24(月) 20:39,https://news.yahoo.co.jp/pickup/6592922,,8/24(月) 20:39
top-picks,Media info not found,中国外相の韓国訪問 背景に危機感,　トランプ米大統領が北朝鮮の金正恩（キム・ジョンウン）朝鮮労働党総書記との直接対話に向けて動くなか、中国の王毅国務委員兼外相は8月19～20日、約5年ぶりに韓国を単独訪問した。表向きの目的は中韓関係の立て直しだが、背後には中国を通らずに朝鮮半島の秩序が組み替えられることへの危機感があるようだ。,https://news.yahoo.co.jp/pickup/6592905,https://news.yahoo.co.jp/articles/45cc08a4db5ea1f0ba2fbdaaabbab747cd7bf5a7,8/24(月) 20:31
top-picks,FNNプライムオンライン（フジテレビ系）,高2死亡 車に追われるバイク映る,8/24(月) 20:17,https://news.yahoo.co.jp/pickup/6592919,,8/24(月) 20:17
top-picks,デイリースポーツ,優木まおみ離婚 昨年から母子留学,8/24(月) 20:04,https://news.yahoo.co.jp/pickup/6592917,https://news.yahoo.co.jp/articles/c1149a1ca321727a981853edc8f86cf3654ed981,8/24(月) 20:04
top-picks,共同通信,ダークパターン 規制強化の方針,8/24(月) 19:59,https://news.yahoo.co.jp/pickup/6592916,https://news.yahoo.co.jp/articles/a2a6459bcb17d2da077d99e1e0463556306a485a,8/24(月) 19:59
top-picks,スポニチアネックス,急死のラグビー九電選手 母国へ,8/24(月) 19:48,https://news.yahoo.co.jp/pickup/6592914,https://news.yahoo.co.jp/articles/a0b97b98d48487528f124b3aede7fa1175f6bd46,8/24(月) 19:48
top-picks,Media info not found,厚労省 タイアップ巡り欠けた視点,厚生労働省が、AYA世代のがん患者への支援制度を周知するため、映画『ママがもうこの世界にいなくても　私の命の日記』とタイアップしたポスターを制作したところ、当事者らから「配慮を欠いている」と批判が相次いだ。映画はステージIVの大腸がんと診断され、24歳で亡くなった人物の実話をもとにした作品である。厚労省は映画を通じて、治療や仕事、生活を支える制度を知ってもらう狙いだったが、「ママがもうこの世界にいなくても」というタイトルを大きく掲げたポスターを、がん患者が通う病院などに掲示しようとしたことが問題視された。,https://news.yahoo.co.jp/pickup/6592913,https://www.huffingtonpost.jp/entry/story_jp_6a8b91a8e4b0eeae412ac95a,8/24(月) 19:36
top-picks,スポニチアネックス,SCANDALが活動終了 来年8月で,8/24(月) 19:24,https://news.yahoo.co.jp/pickup/6592912,https://news.yahoo.co.jp/articles/724498236e42377ea2a81d1afcda707d07774de2,8/24(月) 19:24
top-picks,FNNプライムオンライン（フジテレビ系）,車横転で子ども含む6人けが 東京,8/24(月) 19:23,https://news.yahoo.co.jp/pickup/6592911,,8/24(月) 19:23
top-picks,Bloomberg,プルデンシャル 自粛中に不祥事か,8/24(月) 19:18,https://news.yahoo.co.jp/pickup/6592910,https://news.yahoo.co.jp/articles/7025e48e93f22793a406b2ee02c78076beecd25e,8/24(月) 19:18
top-picks,日刊スポーツ,ママせかタイアップ中止 厚労省,8/24(月) 18:26,https://news.yahoo.co.jp/pickup/6592907,https://news.yahoo.co.jp/articles/b1f52fc7b35ce5aa726199521d6c9ed5b82fd793,8/24(月) 18:26
top-picks,HBCニュース北海道,クマと車衝突か 運転手の男性死亡,8/24(月) 18:20,https://news.yahoo.co.jp/pickup/6592902,https://news.yahoo.co.jp/articles/92f3e47f4363fb42377be1bd2c91cc299c374b5c,8/24(月) 18:20
top-picks,ベースボールキング,CSファイナル 特定条件で7試合制,8/24(月) 18:11,https://news.yahoo.co.jp/pickup/6592901,https://news.yahoo.co.jp/articles/da9cf244efb560f115d0408d801d58f68ed2d65d,8/24(月) 18:11
top-picks,共同通信,ファミマがレジ端末の刷新検討,8/24(月) 18:05,https://news.yahoo.co.jp/pickup/6592899,,8/24(月) 18:05
top-picks,ABCニュース,4億円寄付 ミャクミャク像造って,8/24(月) 18:03,https://news.yahoo.co.jp/pickup/6592897,https://news.yahoo.co.jp/articles/dbbf33c2ab1a2f7b111b2e9efaf596ed07038c1b,8/24(月) 18:03
top-picks,TBS NEWS DIG Powered by JNN,4人死亡 2012年にも作業員と接触,8/24(月) 17:45,https://news.yahoo.co.jp/pickup/6592898,https://news.yahoo.co.jp/articles/a73d5b110a16ae7a5b1ec0670287ac4fda7a84cf,8/24(月) 17:45
top-picks,ウェザーマップ,台風18号が沖縄へ 影響長引く恐れ,8/24(月) 17:42,https://news.yahoo.co.jp/pickup/6592895,https://news.yahoo.co.jp/articles/b969c0d2796870aa4941ed2605bea7cbc0039b79,8/24(月) 17:42
top-picks,オリコン,優木まおみが離婚 2013年に結婚,8/24(月) 17:18,https://news.yahoo.co.jp/pickup/6592894,https://news.yahoo.co.jp/articles/448151a2bacc013f4ee2ed1df58620b1aed047d9,8/24(月) 17:18
top-picks,ITmedia NEWS,ドローン報道 BERGが楽天店撤退,8/24(月) 17:10,https://news.yahoo.co.jp/pickup/6592893,https://news.yahoo.co.jp/articles/15660b7c95d502bd475714d235b61ee14e61fa78,8/24(月) 17:10
top-picks,オリコン,モコモコ 永谷園が一時休売を発表,8/24(月) 17:05,https://news.yahoo.co.jp/pickup/6592889,https://news.yahoo.co.jp/articles/628db31cbd9b971f3afeff7fc0c1bb8cbd0a5c6f,8/24(月) 17:05
top-picks,読売新聞オンライン,「牛の培養肉」試験生産を開始へ,8/24(月) 17:05,https://news.yahoo.co.jp/pickup/6592890,https://news.yahoo.co.jp/articles/d21902a23fbd33cc266f41d3c52f5fd371003222,8/24(月) 17:05
top-picks,AP通信,大雨でごみ山崩落30人死亡 ギニア,8/24(月) 16:37,https://news.yahoo.co.jp/pickup/6592886,https://news.yahoo.co.jp/articles/25489ce23af1e971e6379323feb4feded83a7a92,8/24(月) 16:37
top-picks,オタク総研,ヤニねこアニメ 台湾など配信停止,8/24(月) 16:33,https://news.yahoo.co.jp/pickup/6592888,https://news.yahoo.co.jp/articles/73771ce6ddf2315b3ed17f696ca48079fce21351,8/24(月) 16:33
top-picks,TBS NEWS DIG Powered by JNN,バレー黒後愛が海外挑戦 会見で涙,8/24(月) 16:23,https://news.yahoo.co.jp/pickup/6592885,https://news.yahoo.co.jp/articles/ae786739d32e684682b30c802c701bd160b3f7ee,8/24(月) 16:23
top-picks,時事通信,居眠り運転など検知 搭載義務化へ,8/24(月) 16:04,https://news.yahoo.co.jp/pickup/6592884,https://news.yahoo.co.jp/articles/4f5d64734de041bfba3b082ac058a7144656dda0,8/24(月) 16:04
top-picks,日刊スポーツ,宇梶剛士 若者のコスパ優先に思い,8/24(月) 15:50,https://news.yahoo.co.jp/pickup/6592882,https://news.yahoo.co.jp/articles/bd59d6cc1cb48d11990c3281f13530e2ec7bf2d0,8/24(月) 15:50
top-picks,北海道ニュースUHB,車横転し男性死亡 車体に動物の毛,8/24(月) 15:37,https://news.yahoo.co.jp/pickup/6592881,https://news.yahoo.co.jp/articles/ac99223ba833267225535f056aa9d8376866bb55,8/24(月) 15:37
top-picks,産経新聞,木原氏 ICC所長と緊密に意思疎通,8/24(月) 15:21,https://news.yahoo.co.jp/pickup/6592880,https://news.yahoo.co.jp/articles/975473eff778bbe500f0a7f937b2e20da49ed453,8/24(月) 15:21
top-picks,J-CASTニュース,厚労省 映画とタイアップ巡り謝罪,8/24(月) 14:42,https://news.yahoo.co.jp/pickup/6592879,https://news.yahoo.co.jp/articles/b858f4f872f2597490ed1bf6e59957ffb5d2c89b,8/24(月) 14:42
top-picks,日テレNEWS NNN,豪雨 千葉市が避難レベル誤り配信,8/24(月) 14:32,https://news.yahoo.co.jp/pickup/6592878,https://news.yahoo.co.jp/articles/2735369871327ba5eea3160567a8190259b4bd39,8/24(月) 14:32
top-picks,時事通信,3歳落とし骨折させた疑い 母逮捕,8/24(月) 14:04,https://news.yahoo.co.jp/pickup/6592877,https://news.yahoo.co.jp/articles/88721e1e2cb027b620588bd2c2b39d214c488963,8/24(月) 14:04
top-picks,スポニチアネックス,FW小川航基 J1町田移籍が決定的,8/24(月) 14:02,https://news.yahoo.co.jp/pickup/6592876,https://news.yahoo.co.jp/articles/2021e26d920d8d4c70b517cf0efd176f76509902,8/24(月) 14:02
top-picks,Media info not found,イラン 攻撃重視の方針が鮮明に,米国が24日に「史上最も厳しい」経済制裁の内容を明らかにするのを前に、イラン最高国家安全保障理事会のモフセン・レザーイー議長は「米国の制裁に協力する国を敵とみなし、報復の対象にする」と警告した。,https://news.yahoo.co.jp/pickup/6592875,https://biz.chosun.com/jp/jp-international/2026/08/11/U6PVS4STLFHWBCB43236G73S5I/,8/24(月) 13:52
top-picks,朝日新聞,高2が死亡 殴られたようなあと,8/24(月) 13:27,https://news.yahoo.co.jp/pickup/6592874,https://news.yahoo.co.jp/articles/35362c67ac3710596f90e76fa24f33203260fdd7,8/24(月) 13:27
top-picks,朝日新聞,売春防止法 買う側の勧誘も処罰案,8/24(月) 13:22,https://news.yahoo.co.jp/pickup/6592873,https://news.yahoo.co.jp/articles/d21c2e099d86e0f431c46954617f5980bf82b840,8/24(月) 13:22
top-picks,tbc東北放送,100年以上続く奇祭が休止へ 宮城,8/24(月) 13:07,https://news.yahoo.co.jp/pickup/6592872,https://news.yahoo.co.jp/articles/dfbbe2fee5cfe5eaccb7df00a778d6d83bc9c0db,8/24(月) 13:07
top-picks,Media info not found,総合居酒屋苦戦 老舗チェーンの今,かつて駅前の居酒屋需要を支えたのが、「和民」「笑笑」「甘太郎」などの総合居酒屋だった。,https://news.yahoo.co.jp/pickup/6592871,https://column.omise-craft.com/ct0019/,8/24(月) 13:02
top-picks,共同通信,ウ首相 日本に迎撃弾の供与を期待,8/24(月) 12:56,https://news.yahoo.co.jp/pickup/6592870,https://news.yahoo.co.jp/articles/ac90a70e7df0c5d7e2a51a28f65dc166b47cb4b6,8/24(月) 12:56
top-picks,Media info not found,サンマ高騰の背景 今後のポイント,　秋の味覚「サンマ」の価格が高騰しそうです。水産研究・教育機構が行った調査では、サンマの資源量は2025年より6割減の42.9万トンと予想しており、2003年に調査を開始して以来、最も少ない予想となっています。札幌市内の鮮魚店では初物が1匹4000円で売られ、スーパーなどに出回り始めた初物のサンマの価格も、1匹500円超になっています。,https://news.yahoo.co.jp/pickup/6592866,https://news.yahoo.co.jp/articles/80bce4d96227da648a9da91645ec7eb917f6df72,8/24(月) 12:42
top-picks,集英社オンライン,東武4人死亡 兄「納得できない」,8/24(月) 12:38,https://news.yahoo.co.jp/pickup/6592869,https://news.yahoo.co.jp/articles/ac4d4b980f492b4d29c7ac1433edf13f9f6faeba,8/24(月) 12:38
top-picks,日刊自動車新聞,スズキ初の軽乗用EV eスカイ公開,8/24(月) 12:33,https://news.yahoo.co.jp/pickup/6592868,https://news.yahoo.co.jp/articles/b63eec1f81dadcb21cbf08fdfcb0901cece67cef,8/24(月) 12:33
top-picks,集英社オンライン,東武事故 犠牲者の兄が悲痛な胸中,8/24(月) 12:27,https://news.yahoo.co.jp/pickup/6592867,https://news.yahoo.co.jp/articles/ac4d4b980f492b4d29c7ac1433edf13f9f6faeba,8/24(月) 12:27
top-picks,TBS NEWS DIG Powered by JNN,ローソン 手巻きおにぎり値下げへ,8/24(月) 12:27,https://news.yahoo.co.jp/pickup/6592864,https://news.yahoo.co.jp/articles/d2167fe00bfd68fd8277def94f5a09d84acfbb02,8/24(月) 12:27
top-picks,Media info not found,映画ちいかわ興収100億円超 背景,　「映画ちいかわ 人魚の島のひみつ」の興行収入が100億円の大台を突破したことが、公式X（旧Twitter）で発表されました。近年、アニメ映画が好調ですが、約1カ月での大台突破は見事というしかありません。快進撃の背景について考えてみます。,https://news.yahoo.co.jp/pickup/6592862,https://twitter.com/chiikawa_movie/status/2091359026995146826,8/24(月) 12:18
top-picks,HTB北海道ニュース,病院から逃走の被告 死因は内因死,8/24(月) 12:09,https://news.yahoo.co.jp/pickup/6592861,https://news.yahoo.co.jp/articles/22e7cfc478eb63fba5ebdc3c81d39796e4d4843d,8/24(月) 12:09
top-picks,スポニチアネックス,漫画家・卯月ココ氏体調不良 休載,8/24(月) 12:06,https://news.yahoo.co.jp/pickup/6592860,https://news.yahoo.co.jp/articles/943191152c4f1eee22d81dc44134fa35d51c6591,8/24(月) 12:06
top-picks,ウェザーマップ,猛暑日が続出 西日本で危険な暑さ,8/24(月) 11:58,https://news.yahoo.co.jp/pickup/6592859,https://news.yahoo.co.jp/articles/a98f44ff89b2edcdbba278f3f2575fe3f326a948,8/24(月) 11:58
top-picks,スポーツ報知,シュワバーが劇的サヨナラ39号,8/24(月) 11:38,https://news.yahoo.co.jp/pickup/6592855,https://news.yahoo.co.jp/articles/a2455141a8c169db8d4df17407dbcac31cbec664,8/24(月) 11:38
top-picks,tenki.jp,32年ぶり 台風が8月に同時に4つ,8/24(月) 11:36,https://news.yahoo.co.jp/pickup/6592858,https://news.yahoo.co.jp/articles/8f6c10572fdda6d4d83fb0d3fdea948612773842,8/24(月) 11:36
top-picks,朝日新聞,出国税でクマ対策など 訪日客負担,8/24(月) 11:35,https://news.yahoo.co.jp/pickup/6592848,https://news.yahoo.co.jp/articles/ac92f1ce839de389d5c360448b668f76d9a83948,8/24(月) 11:35
top-picks,日テレNEWS NNN,路上で倒れていた高2死亡 事件か,8/24(月) 11:32,https://news.yahoo.co.jp/pickup/6592857,https://news.yahoo.co.jp/articles/c2c0fd936a73d775d5784387075eaa7fdcc771d5,8/24(月) 11:32
top-picks,TBS NEWS DIG Powered by JNN,中日・嶋コーチ書類送検 車で事故,8/24(月) 11:28,https://news.yahoo.co.jp/pickup/6592856,https://news.yahoo.co.jp/articles/5a5061a5632c91612efc35ca5a7759135c2f170a,8/24(月) 11:28
top-picks,北國新聞社,綿貫民輔さんが死去 元衆院議長,8/24(月) 11:08,https://news.yahoo.co.jp/pickup/6592852,https://news.yahoo.co.jp/articles/64f86b190df606a4cced7c8a0a27caaffe758ed6,8/24(月) 11:08
top-picks,TNCテレビ西日本,蔵内氏辞職表明 福岡知事コメント,8/24(月) 10:55,https://news.yahoo.co.jp/pickup/6592851,https://news.yahoo.co.jp/articles/88e9ea97f413dfca1c563a3ff616d7544b95142b,8/24(月) 10:55
top-picks,ゴルフダイジェスト・オンライン（GDO）,山下美夢有 圧勝で米ツアー4勝目,8/24(月) 10:37,https://news.yahoo.co.jp/pickup/6592850,https://news.yahoo.co.jp/articles/75d55dd6b6330cb2ae7542ccb63e542436f2aa06,8/24(月) 10:37
top-picks,STVニュース北海道,江別暴行 当時17歳の懲役30年確定,8/24(月) 10:30,https://news.yahoo.co.jp/pickup/6592849,https://news.yahoo.co.jp/articles/3d0adce25e0ea437b0c947e2d753449a8ca09415,8/24(月) 10:30
top-picks,西日本新聞me,福岡県議会の蔵内氏 議員辞職へ,8/24(月) 9:57,https://news.yahoo.co.jp/pickup/6592847,https://news.yahoo.co.jp/articles/04411cf62c26d0d480b0db035378c6e3b6df39d2,8/24(月) 9:57
top-picks,スポーツ報知,MLB登板の日本勢4投手「総崩れ」,8/24(月) 9:54,https://news.yahoo.co.jp/pickup/6592846,https://news.yahoo.co.jp/articles/d4717a596970ce78aa3a187ebe38a32b525e2af4,8/24(月) 9:54
top-picks,RKB毎日放送,福岡市長 11月の選挙不出馬を表明,8/24(月) 8:57,https://news.yahoo.co.jp/pickup/6592843,https://news.yahoo.co.jp/articles/567dcf9b44b17f09c0553f1254690d2ec9a20b41,8/24(月) 8:57
top-picks,ＡＦＰ＝時事,猛暑の仏 溺死者が300人超える,8/24(月) 8:56,https://news.yahoo.co.jp/pickup/6592842,https://news.yahoo.co.jp/articles/5cfea2530fb8eaa1d2add25d107d5c13715fcf4b,8/24(月) 8:56
top-picks,共同通信,米自動車レースでビーストが周回,8/24(月) 8:48,https://news.yahoo.co.jp/pickup/6592841,https://news.yahoo.co.jp/articles/cc23dda09d19b1a15bdea149e25b3076c67d79f2,8/24(月) 8:48
top-picks,読売テレビ,外国人のレンタカー事故多発 実態,8/24(月) 8:27,https://news.yahoo.co.jp/pickup/6592839,https://news.yahoo.co.jp/articles/f853e0a8f7e8bf0a992ca90d276325a748db159a,8/24(月) 8:27
top-picks,リアルサウンド,浅香航大と杢代和人 連ドラW主演,8/24(月) 8:20,https://news.yahoo.co.jp/pickup/6592838,https://news.yahoo.co.jp/articles/479c8438049e430faa784875db380aaa4798e190,8/24(月) 8:20
top-picks,FNNプライムオンライン（フジテレビ系）,台風18号が南西諸島に接近へ 警戒,8/24(月) 8:05,https://news.yahoo.co.jp/pickup/6592837,https://news.yahoo.co.jp/articles/108b8dc7196cc260b1b1c3184d728cc6462aea13,8/24(月) 8:05
top-picks,時事通信,露のウ侵攻から4年半 広がる戦禍,8/24(月) 8:02,https://news.yahoo.co.jp/pickup/6592836,https://news.yahoo.co.jp/articles/1f6b84bc0cbc58f208b49d446b4ef7bdbb5d3cfb,8/24(月) 8:02
top-picks,共同通信,「うるう時間」27年5月導入へ議論,8/24(月) 7:59,https://news.yahoo.co.jp/pickup/6592835,https://news.yahoo.co.jp/articles/b3ec74a28b6e06d46db2ce2d7dea09df13a5ef82,8/24(月) 7:59
top-picks,スポニチアネックス,上田綺世が2戦連発 中断に動じず,8/24(月) 7:44,https://news.yahoo.co.jp/pickup/6592832,https://news.yahoo.co.jp/articles/bdf9e84be14fa4076a012d0e62b222a0e11bafc0,8/24(月) 7:44
top-picks,朝日新聞,処理水放出3年 タンク貯蔵量7%減,8/24(月) 7:41,https://news.yahoo.co.jp/pickup/6592831,https://news.yahoo.co.jp/articles/0f92abdae50b071e433935a9cc52a64c28268585,8/24(月) 7:41
top-picks,オリコン,KOC 初の敗者復活戦の開催が決定,8/24(月) 7:35,https://news.yahoo.co.jp/pickup/6592833,https://news.yahoo.co.jp/articles/ec1eb125327fd52635c80b7cf3fddb5da71aed17,8/24(月) 7:35
top-picks,共同通信,協議離婚サポート 家事ADRに注目,8/24(月) 7:34,https://news.yahoo.co.jp/pickup/6592830,https://news.yahoo.co.jp/articles/bf6b6f0040af30dda8553e5c42bb7e50ae01f028,8/24(月) 7:34
top-picks,日刊スポーツ,高気圧ガール 湖池屋の新CM曲に,8/24(月) 7:32,https://news.yahoo.co.jp/pickup/6592834,https://news.yahoo.co.jp/articles/fbe4ab8fddf3d872dc0d135753af0455cc013a31,8/24(月) 7:32
top-picks,tenki.jp,全国で厳しい暑さ 天気急変も注意,8/24(月) 7:31,https://news.yahoo.co.jp/pickup/6592828,https://news.yahoo.co.jp/articles/26774d9cf111ed9433a893532cc6d00cea30a2c5,8/24(月) 7:31
top-picks,スポニチアネックス,りくりゅう婚約 記者知る信頼関係,8/24(月) 7:25,https://news.yahoo.co.jp/pickup/6592827,https://news.yahoo.co.jp/articles/601bf33361320c2878c4bcfd9c78248470ffb04e,8/24(月) 7:25
top-picks,日刊スポーツ,湖池屋のCM曲に「高気圧ガール」,8/24(月) 7:19,https://news.yahoo.co.jp/pickup/6592826,https://news.yahoo.co.jp/articles/fbe4ab8fddf3d872dc0d135753af0455cc013a31,8/24(月) 7:19
top-picks,読売新聞オンライン,水上バイクによる事故 後を絶たず,8/24(月) 7:07,https://news.yahoo.co.jp/pickup/6592825,https://news.yahoo.co.jp/articles/ecfcfb45ff4bcb199337d41418a54be66dd5ee3b,8/24(月) 7:07
top-picks,福島テレビ,車と衝突 バイクの18歳高校生死亡,8/24(月) 6:45,https://news.yahoo.co.jp/pickup/6592824,https://news.yahoo.co.jp/articles/f48cf131e1cf6f3483e4bd1c32d3acca68e23006,8/24(月) 6:45
top-picks,共同通信,消費減税巡り財政に不安71% 共同,8/24(月) 6:29,https://news.yahoo.co.jp/pickup/6592823,https://news.yahoo.co.jp/articles/b9f452f1bfd49c40fb341a5e4a0d85c0d28098e3,8/24(月) 6:29
top-picks,Full-Count,大谷来週にも投手復帰か 監督説明,8/24(月) 6:12,https://news.yahoo.co.jp/pickup/6592822,https://news.yahoo.co.jp/articles/d66f1c213f3f1c05dabe118e5ee4b8483950e1a0,8/24(月) 6:12
top-picks,時事通信,原油輸送確保 首脳外交求める声も,8/23(日) 23:50,https://news.yahoo.co.jp/pickup/6592818,https://news.yahoo.co.jp/articles/e54fc5be6c777dd45c6f4294b9baeaa3bd49f959,8/23(日) 23:50
top-picks,スポニチアネックス,灘高コンビの漫才 オール巨人絶賛,8/23(日) 23:49,https://news.yahoo.co.jp/pickup/6592821,https://news.yahoo.co.jp/articles/af485fd8c475c4718a52290caf0411173de0d126,8/23(日) 23:49
top-picks,毎日新聞,熊本地震 窯元が葛藤の中で再出発,8/23(日) 23:39,https://news.yahoo.co.jp/pickup/6592819,https://news.yahoo.co.jp/articles/3d52abf95cd3c0000a32c46b4ee8c3f50ebcd13e,8/23(日) 23:39
top-picks,共同通信,熊本地震 外国人へ発信3市町のみ,8/23(日) 23:35,https://news.yahoo.co.jp/pickup/6592820,https://news.yahoo.co.jp/articles/b3a80233d04900ff14fb3fc9dd7151a8183e2662,8/23(日) 23:35
top-picks,スポーツ報知,高橋遥人ど根性 接触で負傷も続投,8/23(日) 23:12,https://news.yahoo.co.jp/pickup/6592815,https://news.yahoo.co.jp/articles/c98d6d4ba52b5576fb84d930b0b42bfa49aef432,8/23(日) 23:12
top-picks,スポニチアネックス,灘高コンビ 高校生漫才日本一に,8/23(日) 23:01,https://news.yahoo.co.jp/pickup/6592813,https://news.yahoo.co.jp/articles/af485fd8c475c4718a52290caf0411173de0d126,8/23(日) 23:01
top-picks,FNNプライムオンライン（フジテレビ系）,北海道で震度4 津波の心配なし,8/23(日) 22:54,https://news.yahoo.co.jp/pickup/6592814,https://news.yahoo.co.jp/articles/6d8f8ff9400b725164fb592db041a386520ce674,8/23(日) 22:54
top-picks,,地震情報,8/23(日) 22:47,https://news.yahoo.co.jp/pickup/6591041,,8/23(日) 22:47
top-picks,デイリースポーツ,虎・森下大暴れ 勝ち越し打&31号,8/23(日) 22:29,https://news.yahoo.co.jp/pickup/6592812,https://news.yahoo.co.jp/articles/ce76ca87be58d8c8841073707620a63ae8439907,8/23(日) 22:29
top-picks,弁護士ドットコムニュース,死んだペットを弔う方法 法的見解,8/23(日) 22:20,https://news.yahoo.co.jp/pickup/6592811,https://news.yahoo.co.jp/articles/5a355a7c4ccc6f33840221ed2dce65d238db6a3a,8/23(日) 22:20
top-picks,Media info not found,りくりゅう婚約発表設計 識者見解,２月のミラノ・コルティナ五輪で日本勢初のフィギュアスケートペア金メダルを獲得した“りくりゅうペア”の木原龍一さん、三浦璃来さんが23日、婚約を発表しました。リンク上で木原さんが指輪を差し出すショットとともにインスタグラムで「いつしか、お互いにとってかけがえのない、なくてはならない存在となりました」と連名で思いを綴っています。2月の帰国会見では二人の関係について「ご想像にお任せします」と答え、４月の引退関係でも関係性に言及することなく、今回の婚約発表となりました。,https://news.yahoo.co.jp/pickup/6592809,https://news.yahoo.co.jp/articles/a3bff57bfc52af4e2b149bfdbbdea38403fcc440,8/23(日) 21:44
top-picks,オリコン,濱田岳 VIVANT考察にショック,8/23(日) 21:42,https://news.yahoo.co.jp/pickup/6592810,https://news.yahoo.co.jp/articles/6e56ea920222ca675c7139f1aa6ba94f105f92b1,8/23(日) 21:42
top-picks,日テレNEWS NNN,豪雨で愛車失った人たち 悲痛な声,8/23(日) 21:24,https://news.yahoo.co.jp/pickup/6592807,https://news.yahoo.co.jp/articles/76b2e915c13e711cc1126aa328191c14f2ae2d34,8/23(日) 21:24
top-picks,TBS NEWS DIG Powered by JNN,バレー女子 韓国にストレート勝利,8/23(日) 21:19,https://news.yahoo.co.jp/pickup/6592808,https://news.yahoo.co.jp/articles/d0df51e8176e48e2f98b43852cca810f9fe16011,8/23(日) 21:19
top-picks,産経新聞,20歳の振り袖選び 高校生で契約も,8/23(日) 21:04,https://news.yahoo.co.jp/pickup/6592806,https://news.yahoo.co.jp/articles/e999d472aebbaca71a10cda37eafcc07314ca25a,8/23(日) 21:04
top-picks,関西テレビ,戸建て売り入居する人も 団地人気,8/23(日) 20:38,https://news.yahoo.co.jp/pickup/6592805,https://news.yahoo.co.jp/articles/cadeb7c94453e322f558f95e5e494f90c55a798d,8/23(日) 20:38
top-picks,共同通信,報道写真家の石川文洋さん死去,8/23(日) 20:31,https://news.yahoo.co.jp/pickup/6592804,https://news.yahoo.co.jp/articles/774e59d0d9f78937a4b98b969b621b393a186b91,8/23(日) 20:31
top-picks,読売新聞オンライン,独身と嘘つかれ妊娠 娘のため提訴,8/23(日) 20:09,https://news.yahoo.co.jp/pickup/6592803,https://news.yahoo.co.jp/articles/87f94ded4759088bfedf6918691778ce40e4e1b8,8/23(日) 20:09
top-picks,毎日新聞,高市内閣の支持率横ばい41% 毎日,8/23(日) 20:05,https://news.yahoo.co.jp/pickup/6592802,https://news.yahoo.co.jp/articles/b778f8034fcd39aa28ae8076458f12be5a927cde,8/23(日) 20:05
top-picks,朝日新聞,関東で震度5弱 未明の揺れに驚き,8/23(日) 20:02,https://news.yahoo.co.jp/pickup/6592801,https://news.yahoo.co.jp/articles/55e07234bb2fa42c346ad9dfe0625ceb9b3b501b,8/23(日) 20:02
top-picks,TBS NEWS DIG Powered by JNN,4人死亡 事故までに列車3本が通過,8/23(日) 19:58,https://news.yahoo.co.jp/pickup/6592798,https://news.yahoo.co.jp/articles/d295cfd44b36f9ddaeeca7ee9e76bc8d49982b3c,8/23(日) 19:58
top-picks,毎日新聞,夏多い「外耳炎」仕組みと対策は,8/23(日) 19:34,https://news.yahoo.co.jp/pickup/6592796,https://news.yahoo.co.jp/articles/c95c77de40b7e9ab34df146c3b2a93cf7279b91e,8/23(日) 19:34
top-picks,スポーツナビ,速報バレー女子 日本vs.韓国,8/23(日) 19:33,https://news.yahoo.co.jp/pickup/6592794,https://news.yahoo.co.jp/articles/afe31b1e0806adb8bb162be984bd8652b0f613fb,8/23(日) 19:33
top-picks,オリコン,ONE PIECE 新作映画2本制作決定,8/23(日) 19:20,https://news.yahoo.co.jp/pickup/6592797,https://news.yahoo.co.jp/articles/39a2241d60b8c7fea5491d17650fe36127a46e8c,8/23(日) 19:20
top-picks,スポーツ報知,瀬戸朝香が休養発表 腰椎を骨折,8/23(日) 19:07,https://news.yahoo.co.jp/pickup/6592795,https://news.yahoo.co.jp/articles/0becd1f7830493a6b3ce8d100424786eb09a19ca,8/23(日) 19:07
top-picks,毎日新聞,横浜市長巡り市議 発達障害と投稿,8/23(日) 18:34,https://news.yahoo.co.jp/pickup/6592792,https://news.yahoo.co.jp/articles/981f9e8b05f0c69d8a5578c5486bb9d163b79b78,8/23(日) 18:34
top-picks,FNNプライムオンライン（フジテレビ系）,ソニー 中国「TCL」と手を組む訳,8/23(日) 18:28,https://news.yahoo.co.jp/pickup/6592793,https://news.yahoo.co.jp/articles/4f65799ec7ed4178d4a9c077d95fff04284b88fa,8/23(日) 18:28
top-picks,おいぷろ,「怠けと違う」文字書けない悩み,8/23(日) 18:17,https://news.yahoo.co.jp/pickup/6592778,,8/23(日) 18:17
top-picks,ENCOUNT,わんこそば755杯 大食い界の新星,8/23(日) 17:57,https://news.yahoo.co.jp/pickup/6592790,https://news.yahoo.co.jp/articles/962a32cf011ee8a1f39b00f9711f2fcb5f743787,8/23(日) 17:57
top-picks,読売新聞オンライン,地震ボラの暑さ対策を支援 広がる,8/23(日) 17:34,https://news.yahoo.co.jp/pickup/6592789,https://news.yahoo.co.jp/articles/d546864f31c72af58d0f75b5ed8aabd07b066cfd,8/23(日) 17:34
top-picks,スポニチアネックス,三浦璃来氏 婚約の世間の反応驚き,8/23(日) 17:15,https://news.yahoo.co.jp/pickup/6592786,https://news.yahoo.co.jp/articles/7525c3a71dcc2a5c141e15c0ef74db27fff707c6,8/23(日) 17:15
top-picks,文春オンライン,伝説的漫画家と41歳差婚 介護の今,8/23(日) 17:14,https://news.yahoo.co.jp/pickup/6592784,https://news.yahoo.co.jp/articles/5ad2527c938e7a56cbb2831572efce0532d482a0,8/23(日) 17:14
top-picks,時事通信,特急事故 安全管理の書類など押収,8/23(日) 16:53,https://news.yahoo.co.jp/pickup/6592782,https://news.yahoo.co.jp/articles/6691fd0e2a9abf0a64ed7148a864c251d19826fb,8/23(日) 16:53
top-picks,ＡＦＰ＝時事,米地裁 移民ビザ発給停止を無効化,8/23(日) 16:38,https://news.yahoo.co.jp/pickup/6592780,https://news.yahoo.co.jp/articles/b8d75afc6405069758c51e3c97e333c9573122e7,8/23(日) 16:38
top-picks,毎日新聞,関東で震度5弱「地震の巣で」識者,8/23(日) 16:36,https://news.yahoo.co.jp/pickup/6592781,https://news.yahoo.co.jp/articles/6e934437fb9ab9c17c0985fded989ed1f379fb94,8/23(日) 16:36
top-picks,共同通信,就活で障害伝えず76% 不利益懸念,8/23(日) 16:32,https://news.yahoo.co.jp/pickup/6592777,,8/23(日) 16:32
top-picks,THE ANSWER,りくりゅう 投稿写真は思い出の場,8/23(日) 15:59,https://news.yahoo.co.jp/pickup/6592776,https://news.yahoo.co.jp/articles/3e9c96d7274d1eec87617dfc31f777e14a5dc941,8/23(日) 15:59
top-picks,朝日新聞,「自分は臭い」思い込み 心理解説,8/23(日) 15:55,https://news.yahoo.co.jp/pickup/6592775,https://news.yahoo.co.jp/articles/62d6b527955fd66bacdee0abee769ee1ae635dbd,8/23(日) 15:55
top-picks,オリコン,VIVANTロケ地の県 観光振興活発,8/23(日) 15:40,https://news.yahoo.co.jp/pickup/6592774,https://news.yahoo.co.jp/articles/25a3fb0cb335679e4e0e2b630fb7253c5bb8259d,8/23(日) 15:40
top-picks,FNNプライムオンライン（フジテレビ系）,関東で震度5弱 けが人40人超に,8/23(日) 15:11,https://news.yahoo.co.jp/pickup/6592773,https://news.yahoo.co.jp/articles/df46efed32585c13282e8600491130f3919795d3,8/23(日) 15:11
top-picks,日テレNEWS NNN,年金だけ苦しい 炎天下働くシニア,8/23(日) 15:05,https://news.yahoo.co.jp/pickup/6592772,https://news.yahoo.co.jp/articles/94ea051071a13d1f9dd76788d49a8490b0686111,8/23(日) 15:05
top-picks,CNN.co.jp,ベルギーの販売員 王室の血筋判明,8/23(日) 14:42,https://news.yahoo.co.jp/pickup/6592771,https://news.yahoo.co.jp/articles/9942757864117ef97da6379ddb4becd156e7deb3,8/23(日) 14:42
top-picks,読売新聞オンライン,スマホ乗っ取られ詐欺SMSのbot化,8/23(日) 14:25,https://news.yahoo.co.jp/pickup/6592770,,8/23(日) 14:25
top-picks,青森放送,女性死亡 ひき逃げ疑い22歳男逮捕,8/23(日) 14:13,https://news.yahoo.co.jp/pickup/6592768,,8/23(日) 14:13
top-picks,MBSニュース,小5息子殺され加害者と向き合う父,8/23(日) 13:51,https://news.yahoo.co.jp/pickup/6592764,https://news.yahoo.co.jp/articles/476e49145bdb8c262c54f87a50a281d302a9bc03,8/23(日) 13:51
top-picks,AERA with Kids＋,小川彩佳さん 育児綱渡りの時期も,8/23(日) 13:41,https://news.yahoo.co.jp/pickup/6592765,https://news.yahoo.co.jp/articles/cec3ed316b459b1b751766d02da31ff61e2cd162,8/23(日) 13:41
top-picks,tenki.jp,関東-九州 あす以降も厳しい暑さ,8/23(日) 13:38,https://news.yahoo.co.jp/pickup/6592763,https://news.yahoo.co.jp/articles/b42af3d2533523a47b890dd5c39978caa11364a7,8/23(日) 13:38
top-picks,AERA with Kids＋,小川彩佳さん 育児はピンチの連続,8/23(日) 13:31,https://news.yahoo.co.jp/pickup/6592762,https://news.yahoo.co.jp/articles/cec3ed316b459b1b751766d02da31ff61e2cd162,8/23(日) 13:31
top-picks,朝日新聞,中国でロボ運動会 続々と人類超え,8/23(日) 13:18,https://news.yahoo.co.jp/pickup/6592760,https://news.yahoo.co.jp/articles/621552ed17f2ac3191cf78d65a5ca1b468712308,8/23(日) 13:18
top-picks,STVニュース北海道,草刈り機メンテ中下敷き 89歳死亡,8/23(日) 13:08,https://news.yahoo.co.jp/pickup/6592758,https://news.yahoo.co.jp/articles/825d905ba16a6ee8b8fc3bdb3cebb70d595509d5,8/23(日) 13:08
top-picks,ENCOUNT,映画ちいかわ 興収100億円を突破,8/23(日) 12:39,https://news.yahoo.co.jp/pickup/6592757,https://news.yahoo.co.jp/articles/624adaf32095e3adf4a4a88b96310d3a2d6b1e25,8/23(日) 12:39
top-picks,朝日新聞,月10万円→30万円 都内老人ホーム,8/23(日) 12:16,https://news.yahoo.co.jp/pickup/6592755,https://news.yahoo.co.jp/articles/4902db287fa5769461aff0c35e8d912dce345264,8/23(日) 12:16
top-picks,FNNプライムオンライン（フジテレビ系）,関東で震度5弱 けが人30人超,8/23(日) 12:02,https://news.yahoo.co.jp/pickup/6592754,https://news.yahoo.co.jp/articles/1eb918a9112da87be7c8136c8ae03f083a8413e7,8/23(日) 12:02
top-picks,スポニチアネックス,吉田麻也「FW顔負け」のヒール弾,8/23(日) 11:57,https://news.yahoo.co.jp/pickup/6592753,https://news.yahoo.co.jp/articles/e2ddac9a1e8febc9d09eea9dea107fd7bb84b193,8/23(日) 11:57
top-picks,TBS NEWS DIG Powered by JNN,16歳で意に沿わぬ結婚 残留2世,8/23(日) 11:40,https://news.yahoo.co.jp/pickup/6592752,https://news.yahoo.co.jp/articles/442d5b26d49b654a312d72e585fe4a50bbec1bde,8/23(日) 11:40
top-picks,オリコン,りくりゅう婚約 高橋成美氏が祝福,8/23(日) 11:14,https://news.yahoo.co.jp/pickup/6592750,https://news.yahoo.co.jp/articles/8a67c86706ab89da00f19168c5011e8e1835c932,8/23(日) 11:14
top-picks,デイリースポーツ,ドジャース逆転勝ち 大谷は無安打,8/23(日) 11:13,https://news.yahoo.co.jp/pickup/6592751,https://news.yahoo.co.jp/articles/a2f0bb458b66fb254203dda59d69ae84f613a5c8,8/23(日) 11:13
top-picks,読売新聞オンライン,文科省 来年度科研費を倍増要求へ,8/23(日) 10:39,https://news.yahoo.co.jp/pickup/6592747,https://news.yahoo.co.jp/articles/1d0330b9077aeeee7ec08b30b661c1cae9a0f608,8/23(日) 10:39
top-picks,SmartFLASH,天木じゅん 競輪佐々木悠葵と結婚,8/23(日) 10:35,https://news.yahoo.co.jp/pickup/6592748,https://news.yahoo.co.jp/articles/e3eb354a3c9701f2c5e7bd38e042e2179833b3cb,8/23(日) 10:35
top-picks,朝日新聞,利用料3倍に 老人ホーム側の説明,8/23(日) 10:33,https://news.yahoo.co.jp/pickup/6592744,https://news.yahoo.co.jp/articles/4902db287fa5769461aff0c35e8d912dce345264,8/23(日) 10:33
top-picks,毎日新聞,伊首相 トランプ氏との確執吐露,8/23(日) 10:12,https://news.yahoo.co.jp/pickup/6592742,https://news.yahoo.co.jp/articles/2a0197757d1c412965b9e59d9b6c1419ca2e1366,8/23(日) 10:12
top-picks,共同通信,関東で震度5弱 けが人相次ぐ,8/23(日) 9:54,https://news.yahoo.co.jp/pickup/6592740,https://news.yahoo.co.jp/articles/28c28f26e1531840de97559e9647f6b6dd5a5a13,8/23(日) 9:54
top-picks,朝日新聞,市の食料配布に4万人 動く自治体,8/23(日) 9:46,https://news.yahoo.co.jp/pickup/6592739,https://news.yahoo.co.jp/articles/8c54d145fb3566bc9dd43cd7aac73e1c46e96e03,8/23(日) 9:46
top-picks,朝日新聞,4人死亡事故 東武建設を家宅捜索,8/23(日) 9:41,https://news.yahoo.co.jp/pickup/6592737,https://news.yahoo.co.jp/articles/994fad9926d97ff5e1b98ab7fdc943c9f444cdc4,8/23(日) 9:41
top-picks,時事通信,沖縄知事選 県政奪還へ自民総力戦,8/23(日) 9:26,https://news.yahoo.co.jp/pickup/6592736,https://news.yahoo.co.jp/articles/159f49741fc2b95108a9b25f7f9a187e270529db,8/23(日) 9:26
top-picks,スポニチアネックス,智弁和歌山 寮母インスタ大バズリ,8/23(日) 9:22,https://news.yahoo.co.jp/pickup/6592735,https://news.yahoo.co.jp/articles/ab721920eeac551dcee1c419aab3357b46034aab,8/23(日) 9:22
top-picks,スポニチアネックス,りくりゅう プロポーズ写真投稿,8/23(日) 8:55,https://news.yahoo.co.jp/pickup/6592732,https://news.yahoo.co.jp/articles/714990f8f3b8d197d75f126b0079439e9fa64c8f,8/23(日) 8:55
top-picks,テレビ朝日系（ANN）,2000円台の新米 昨年産と価格逆転,8/23(日) 8:54,https://news.yahoo.co.jp/pickup/6592734,https://news.yahoo.co.jp/articles/291682e227c549b03386891e2a6388037b357a9a,8/23(日) 8:54
top-picks,読売新聞オンライン,発火相次ぐ「モバ充」規制強化へ,8/23(日) 8:32,https://news.yahoo.co.jp/pickup/6592731,https://news.yahoo.co.jp/articles/1031e4f17b72fe7893926adcf87a236ba1ae8bf4,8/23(日) 8:32
top-picks,tenki.jp,台風20号 八重山地方で大雨の恐れ,8/23(日) 8:19,https://news.yahoo.co.jp/pickup/6592730,https://news.yahoo.co.jp/articles/5939131cdb4bfa6f3b1cf0375b15ff5286b3f46a,8/23(日) 8:19
top-picks,読売新聞オンライン,ウ側に協力 特殊作戦担うロシア人,8/23(日) 8:14,https://news.yahoo.co.jp/pickup/6592729,https://news.yahoo.co.jp/articles/f9e9d1d540dddf9865111f2b7b855500d839a244,8/23(日) 8:14
top-picks,Media info not found,ラヴ上等コラボ中止 制作側責任は,法務省がNetflixの恋愛リアリティ番組『ラヴ上等』シーズン2とのタイアップを取りやめた。出演者が自身の過去について「人に火をつけた」と語った場面などをめぐり、犯罪被害者への配慮を欠いているのではないかという批判が広がったことを受けての判断である。法務省は番組を事前に確認したうえでタイアップを決定していただけに、なぜ当初は問題ないと判断したのかという疑問は残る。ただ、今回は批判を受けて自ら公式見解を示し、企画を撤回するところまで踏み込んだ。,https://news.yahoo.co.jp/pickup/6592728,https://www.oricon.co.jp/news/2475407/full/,8/23(日) 8:12
top-picks,読売新聞オンライン,人型ロボ100mボルト超え 直後炎上,8/23(日) 7:57,https://news.yahoo.co.jp/pickup/6592727,https://news.yahoo.co.jp/articles/26ff5e56c50f8b87d7641d9270f01a4cddd400ae,8/23(日) 7:57
top-picks,Bloomberg,カナダ首相 対米報復関税を発表,8/23(日) 7:45,https://news.yahoo.co.jp/pickup/6592725,https://news.yahoo.co.jp/articles/df3a8e26dff3c41ca2df07022178ded4382e54e5,8/23(日) 7:45
top-picks,朝日新聞,震度5弱 江東区では道路に水流出,8/23(日) 7:45,https://news.yahoo.co.jp/pickup/6592723,https://news.yahoo.co.jp/articles/55e07234bb2fa42c346ad9dfe0625ceb9b3b501b,8/23(日) 7:45
top-picks,共同通信,タイ南部3県 爆発や放火相次ぐ,8/23(日) 7:44,https://news.yahoo.co.jp/pickup/6592726,,8/23(日) 7:44
top-picks,読売テレビ,薬師寺国宝に液体かけた疑い 逮捕,8/23(日) 7:26,https://news.yahoo.co.jp/pickup/6592721,https://news.yahoo.co.jp/articles/64ea2b1a164f309618c6e753737456a678a9203a,8/23(日) 7:26
top-picks,Yahoo!路線情報,震度5弱 関東の鉄道運行情報,8/23(日) 7:23,https://news.yahoo.co.jp/pickup/6592722,,8/23(日) 7:23
top-picks,サンケイスポーツ,大谷の左膝懸念 監督「もう過去」,8/23(日) 7:19,https://news.yahoo.co.jp/pickup/6592720,https://news.yahoo.co.jp/articles/579d31b281d6957afc59bfe6f3d00afdf30500a7,8/23(日) 7:19
top-picks,デイリースポーツ,りくりゅう木原さん&三浦さん婚約,8/23(日) 7:14,https://news.yahoo.co.jp/pickup/6592724,https://news.yahoo.co.jp/articles/e000c1dab07614352a1783a2642f56a4e6f78926,8/23(日) 7:14
top-picks,読売新聞オンライン,化学メーカー工場 作業員2人死亡,8/23(日) 2:50,https://news.yahoo.co.jp/pickup/6592718,https://news.yahoo.co.jp/articles/2da03517f48e74d7de35c4e0cdf6556fafab3f11,8/23(日) 2:50
top-picks,TBS NEWS DIG Powered by JNN,茨城などで最大震度5弱 津波なし,8/23(日) 2:09,https://news.yahoo.co.jp/pickup/6592717,https://news.yahoo.co.jp/articles/e5b268e718053326ac533c65eb940ace53e763ca,8/23(日) 2:09
top-picks,,地震情報,8/23(日) 2:04,https://news.yahoo.co.jp/pickup/6592010,,8/23(日) 2:04
top-picks,デイリースポーツ,広島・小園が2軍で満塁弾 客拍手,8/22(土) 23:13,https://news.yahoo.co.jp/pickup/6592716,https://news.yahoo.co.jp/articles/d2854e25db2312c984cf50b6195dc2ea634f04f2,8/22(土) 23:13
top-picks,スポニチアネックス,乃木坂公演 雷避難の客戻る前開始,8/22(土) 23:00,https://news.yahoo.co.jp/pickup/6592715,https://news.yahoo.co.jp/articles/41a3479b6dc2f01c333fee4038ef8f09ae56bfde,8/22(土) 23:00
top-picks,毎日新聞,関東南部で雨 東京駅近くで道に穴,8/22(土) 22:54,https://news.yahoo.co.jp/pickup/6592714,https://news.yahoo.co.jp/articles/a162647a1e9fcda1cd5da16962acc77df862f70c,8/22(土) 22:54
top-picks,RBC琉球放送,大量漂着のカキ養殖ブイ 破裂恐れ,8/22(土) 22:39,https://news.yahoo.co.jp/pickup/6592713,https://news.yahoo.co.jp/articles/5408882b9a23584437725f72270dc934aa7abc92,8/22(土) 22:39
top-picks,ABEMA TIMES,父の性的虐待で妊娠 今も母知らず,8/22(土) 22:32,https://news.yahoo.co.jp/pickup/6592710,https://news.yahoo.co.jp/articles/1993191a5f032bf087325ad40393e53fb3176ea7,8/22(土) 22:32
top-picks,CNN.co.jp,「狼少年」80歳で死去 スペイン,8/22(土) 22:32,https://news.yahoo.co.jp/pickup/6592712,https://news.yahoo.co.jp/articles/5f84fb0cfafa0ec4086917f52ebc4a4f9e465d76,8/22(土) 22:32
top-picks,47NEWS,友近が企画のドラマ 能登への思い,8/22(土) 22:16,https://news.yahoo.co.jp/pickup/6592711,https://news.yahoo.co.jp/articles/fd2b81436a3e18fca384e579423e98e81860fbd8,8/22(土) 22:16
top-picks,FNNプライムオンライン（フジテレビ系）,東武事故 200m手前で警笛の記録,8/22(土) 22:14,https://news.yahoo.co.jp/pickup/6592709,https://news.yahoo.co.jp/articles/9886bab0555d0f2680c09315367cd3102dbe78c1,8/22(土) 22:14
top-picks,スポニチアネックス,横浜FMの16歳MF 衝撃の決勝弾,8/22(土) 22:08,https://news.yahoo.co.jp/pickup/6592708,https://news.yahoo.co.jp/articles/ce8901a18840416246d902cbd76a710103b0f038,8/22(土) 22:08
top-picks,西日本新聞me,衆院比例に「サンラグ式」案浮上,8/22(土) 21:52,https://news.yahoo.co.jp/pickup/6592706,https://news.yahoo.co.jp/articles/f31f649b1c2475a287a6a8598b9fb9611dcac555,8/22(土) 21:52
top-picks,オリコン,羽鳥アナ 声優でコナン出演に緊張,8/22(土) 21:31,https://news.yahoo.co.jp/pickup/6592705,https://news.yahoo.co.jp/articles/fbc0c5232861d5a27f0ab42c63b9e44aa8af002b,8/22(土) 21:31
top-picks,産経新聞,事件で浮き彫りに 介護のカスハラ,8/22(土) 21:28,https://news.yahoo.co.jp/pickup/6592704,https://news.yahoo.co.jp/articles/c42124059862aaf51327ed6539c3a9ece3a31c9f,8/22(土) 21:28
top-picks,読売新聞オンライン,化学メーカー工場で2人心肺停止,8/22(土) 21:03,https://news.yahoo.co.jp/pickup/6592702,https://news.yahoo.co.jp/articles/2da03517f48e74d7de35c4e0cdf6556fafab3f11,8/22(土) 21:03
top-picks,メディカルドック,闘病中の娘 泣き叫ぶ姿が母つらく,8/22(土) 20:57,https://news.yahoo.co.jp/pickup/6592701,https://news.yahoo.co.jp/articles/a3c897266b65209fc423a4a685745c2727ae6b04,8/22(土) 20:57
top-picks,テレビ朝日系（ANN）,架空の党員をAIで作成 立憲苦言,8/22(土) 20:52,https://news.yahoo.co.jp/pickup/6592700,https://news.yahoo.co.jp/articles/8a7cc6b9ba66d7cef7466f1cafe80f83e01fda1e,8/22(土) 20:52
top-picks,共同通信,爆発で休業のイオン 従業員は不安,8/22(土) 20:24,https://news.yahoo.co.jp/pickup/6592697,https://news.yahoo.co.jp/articles/ad94972639a83b77ab373ef9acb14c059b02a7fb,8/22(土) 20:24
top-picks,Media info not found,高市氏 なぜ国会ではなくXで反論,高市早苗首相が8月21日、X（旧ツイッター）に約1200字の長文を投稿し、陣営による誹謗中傷動画への関与疑惑と、暗号資産「サナエトークン」を巡る疑惑を改めて否定しました。首相就任後、記者会見よりもSNSでの直接発信を重ねる高市氏の手法は、8月14日の物価高対策を巡る5件連続投稿に続くものです。なぜ首相は国会や会見ではなくXで反論するのか。今回の投稿内容と疑惑の経緯、SNS発信を巡る評価を伝える記事をピックアップし、政治コミュニケーションの観点から考察します。,https://news.yahoo.co.jp/pickup/6592695,https://www.j-cast.com/2026/08/21517329.html,8/22(土) 20:20
top-picks,TBS NEWS DIG Powered by JNN,パワハラNG 警察学校の教官苦悩,8/22(土) 20:20,https://news.yahoo.co.jp/pickup/6592694,https://news.yahoo.co.jp/articles/82fc8c99c18745201163c3a4ce7c9cdae73b4b9a,8/22(土) 20:20
top-picks,読売テレビ,行列回避の「次世代トイレ」続々,8/22(土) 20:09,https://news.yahoo.co.jp/pickup/6592696,https://news.yahoo.co.jp/articles/4bbc423a2670e952fdcaecd2b81f32a9e8d586f2,8/22(土) 20:09
top-picks,読売テレビ,長蛇の列解消「壁が動く」トイレ,8/22(土) 19:59,https://news.yahoo.co.jp/pickup/6592693,https://news.yahoo.co.jp/articles/4bbc423a2670e952fdcaecd2b81f32a9e8d586f2,8/22(土) 19:59
top-picks,TBS NEWS DIG Powered by JNN,東京大雨 水吹き上がるマンホール,8/22(土) 19:54,https://news.yahoo.co.jp/pickup/6592692,https://news.yahoo.co.jp/articles/c7875a05a246a73ae9174d8d9e6ec17682e0c575,8/22(土) 19:54
top-picks,CBCテレビ,「盗撮は麻薬」摘発された元教師,8/22(土) 19:53,https://news.yahoo.co.jp/pickup/6592691,https://news.yahoo.co.jp/articles/793b769173e5926cf5fb1a683bf32f45df1e1e4d,8/22(土) 19:53
top-picks,日刊スポーツ,智弁和の優勝 ドルトムントが祝う,8/22(土) 19:36,https://news.yahoo.co.jp/pickup/6592690,https://news.yahoo.co.jp/articles/0846e6757e820fc5b14ec9832e3e4ecb87326e13,8/22(土) 19:36
top-picks,スポーツ報知,G5年目・代木プロ初先発で初勝利,8/22(土) 19:15,https://news.yahoo.co.jp/pickup/6592689,https://news.yahoo.co.jp/articles/f34c545e5c9fd6dd5124f8a167a2deb1b2f80912,8/22(土) 19:15
top-picks,オリコン,本編前の映画泥棒CMリニューアル,8/22(土) 19:07,https://news.yahoo.co.jp/pickup/6592688,https://news.yahoo.co.jp/articles/5bc4bf5e083099de9dbc15883f699e68df9e30c3,8/22(土) 19:07
top-picks,オリコン,VIVANT 太田梨歩役はPC初心者,8/22(土) 18:54,https://news.yahoo.co.jp/pickup/6592686,https://news.yahoo.co.jp/articles/75af6abfdda0dcd640d2c8e888fb0d29f914f218,8/22(土) 18:54
top-picks,Full-Count,侍U18の18人選出 横浜が最多5人,8/22(土) 18:41,https://news.yahoo.co.jp/pickup/6592687,https://news.yahoo.co.jp/articles/f2f3027f97b212fe3a16ac7388b8c662a60cf974,8/22(土) 18:41
top-picks,時事通信,米 対カナダ50%追加関税を発動,8/22(土) 18:34,https://news.yahoo.co.jp/pickup/6592685,https://news.yahoo.co.jp/articles/9a5e513ac6bcdfd4b09aee556a74a60776b61af0,8/22(土) 18:34
top-picks,テレビ朝日系（ANN）,東京・埼玉で猛烈な雨 災害に注意,8/22(土) 18:20,https://news.yahoo.co.jp/pickup/6592682,https://news.yahoo.co.jp/articles/ee53d6b5a738f16be6b50a1b58b1714c3d2371a5,8/22(土) 18:20
top-picks,Full-Count,侍U18 横浜・織田ら18人を選出,8/22(土) 18:19,https://news.yahoo.co.jp/pickup/6592681,https://news.yahoo.co.jp/articles/f2f3027f97b212fe3a16ac7388b8c662a60cf974,8/22(土) 18:19
top-picks,ＫＫＴ熊本県民テレビ,ミカン畑で火事 全身やけどで死亡,8/22(土) 18:17,https://news.yahoo.co.jp/pickup/6592683,https://news.yahoo.co.jp/articles/7e89434d040eac774175b55942554cfd5ec65ae2,8/22(土) 18:17
top-picks,読売新聞オンライン,処方箋不要 訪日客に眼鏡が人気,8/22(土) 18:07,https://news.yahoo.co.jp/pickup/6592679,https://news.yahoo.co.jp/articles/09c36f9a86d1a5d0343b87fc115a7d16df13795c,8/22(土) 18:07
top-picks,Yahoo!リアルタイム検索,東京都の大雨 現地からのSNS投稿,8/22(土) 18:00,https://news.yahoo.co.jp/pickup/6592680,,8/22(土) 18:00
top-picks,森田雄司,祭りの身代わり人形 救った修復師,8/22(土) 17:46,https://news.yahoo.co.jp/pickup/6592678,,8/22(土) 17:46
top-picks,FNNプライムオンライン（フジテレビ系）,東京・北区などで猛烈な雨 警戒,8/22(土) 17:26,https://news.yahoo.co.jp/pickup/6592677,https://news.yahoo.co.jp/articles/1d7ed33c9f91a44cf651c87fbc83d9831d6c78dc,8/22(土) 17:26
top-picks,共同通信,国連委員 皇室典範などを批判,8/22(土) 17:08,https://news.yahoo.co.jp/pickup/6592674,https://news.yahoo.co.jp/articles/7a2b6d33e61c3d90a3497ba9d33a2c98299741c6,8/22(土) 17:08
top-picks,読売新聞オンライン,「超・老老介護」神経すり減る夫,8/22(土) 17:07,https://news.yahoo.co.jp/pickup/6592673,https://news.yahoo.co.jp/articles/b6bf79eb60b12f14cf29b30a1a16d4d8f1def79a,8/22(土) 17:07
top-picks,ＡＦＰ＝時事,ウエストナイル熱 欧州で市中感染,8/22(土) 16:56,https://news.yahoo.co.jp/pickup/6592672,https://news.yahoo.co.jp/articles/553b044db0cbff47e56443b3f49dd9385bbc55dc,8/22(土) 16:56
top-picks,夕刊三重,原因は謎 運動公園のインコ大量死,8/22(土) 16:42,https://news.yahoo.co.jp/pickup/6592670,https://news.yahoo.co.jp/articles/d465348340a83ea161137c46e8bb5b716e8c5cfe,8/22(土) 16:42
top-picks,ニュースイッチ,「自販機」に逆風 飲料各社が工夫,8/22(土) 16:27,https://news.yahoo.co.jp/pickup/6592665,https://news.yahoo.co.jp/articles/cc36f82877a97a610187b55d48af28076bd55ea7,8/22(土) 16:27
top-picks,弁護士ドットコムニュース,踊り子の体一部狙い撮影 法的には,8/22(土) 16:27,https://news.yahoo.co.jp/pickup/6592666,https://news.yahoo.co.jp/articles/da0bb0358cb17aceda01d65af7c7f68d90149236,8/22(土) 16:27
top-picks,デイリースポーツ,ドジャース激震 パヘスが左手骨折,8/22(土) 16:22,https://news.yahoo.co.jp/pickup/6592668,https://news.yahoo.co.jp/articles/005c1732a6c2215e730f1f98f95aae7232e6af27,8/22(土) 16:22
top-picks,デイリースポーツ,ド軍に激震 死球受けたパヘス骨折,8/22(土) 16:07,https://news.yahoo.co.jp/pickup/6592663,https://news.yahoo.co.jp/articles/005c1732a6c2215e730f1f98f95aae7232e6af27,8/22(土) 16:07
top-picks,毎日新聞,公邸で過ごす意義 首相がXで強調,8/22(土) 16:04,https://news.yahoo.co.jp/pickup/6592662,https://news.yahoo.co.jp/articles/da9c0ee545c09ca205bb18dcb2446e2d30b68209,8/22(土) 16:04
top-picks,オリコン,本木雅弘 俳優デビューの長男言及,8/22(土) 15:59,https://news.yahoo.co.jp/pickup/6592664,https://news.yahoo.co.jp/articles/24dbab5ed89aae24534092ba4ea323030cd7701a,8/22(土) 15:59
top-picks,オリコン,本木雅弘 ガス人間好演の長男言及,8/22(土) 15:32,https://news.yahoo.co.jp/pickup/6592659,https://news.yahoo.co.jp/articles/24dbab5ed89aae24534092ba4ea323030cd7701a,8/22(土) 15:32
top-picks,CBCテレビ,55億円で買った山 県なぜ27年放置,8/22(土) 15:28,https://news.yahoo.co.jp/pickup/6592658,https://news.yahoo.co.jp/articles/67206328c7c0a714a3c45a913f0c6160f0224c5b,8/22(土) 15:28
top-picks,Full-Count,イチロー氏 甲子園決勝で夢叶った,8/22(土) 15:01,https://news.yahoo.co.jp/pickup/6592657,https://news.yahoo.co.jp/articles/d5cacc22737cd8e9298cf93148d0b77da0a25095,8/22(土) 15:01
top-picks,時事通信,ICCなど巡る高市外交「弱腰」批判,8/22(土) 14:51,https://news.yahoo.co.jp/pickup/6592655,https://news.yahoo.co.jp/articles/572bea342a52f316b11a29233e8945a47eee75a4,8/22(土) 14:51
top-picks,産経新聞,USJでコースター停止 けが人なし,8/22(土) 14:39,https://news.yahoo.co.jp/pickup/6592653,https://news.yahoo.co.jp/articles/4e3161905c116a23d53cee795cad7bcf6bf8c306,8/22(土) 14:39
top-picks,日本海新聞,食パン投棄 鳥取市の海岸でも?,8/22(土) 14:37,https://news.yahoo.co.jp/pickup/6592652,https://news.yahoo.co.jp/articles/8dbc782c22b4c30f118bb74f7d901d984b66adde,8/22(土) 14:37
top-picks,中日スポーツ,智弁和歌山 手術乗り越えた主将涙,8/22(土) 14:33,https://news.yahoo.co.jp/pickup/6592654,https://news.yahoo.co.jp/articles/99e62c6511d661986b86d7f8357b3d996c6e3d77,8/22(土) 14:33
top-picks,朝日新聞,原爆「包帯の少女」の証言公開へ,8/22(土) 14:29,https://news.yahoo.co.jp/pickup/6592651,https://news.yahoo.co.jp/articles/15fe71a96e143e67479fdf728dd14bcd81c238c0,8/22(土) 14:29
top-picks,共同通信,国民代表選告示 政権との距離争点,8/22(土) 14:10,https://news.yahoo.co.jp/pickup/6592650,https://news.yahoo.co.jp/articles/f4ab088fd5742b1728dbd96a66d9b686c31b0b2d,8/22(土) 14:10
top-picks,スポニチアネックス,由伸 7回途中2失点も13勝目ならず,8/22(土) 13:59,https://news.yahoo.co.jp/pickup/6592648,https://news.yahoo.co.jp/articles/600df0521922f7bcff58ec4ed4120a9f091d55d1,8/22(土) 13:59
top-picks,毎日新聞,欧米でもキラキラネーム 日本風も,8/22(土) 13:41,https://news.yahoo.co.jp/pickup/6592646,https://news.yahoo.co.jp/articles/a6b89f7b712098c683324c1f3c0f0fd06b4ab062,8/22(土) 13:41
top-picks,読売テレビ,果物大量盗難は組織的犯行か 識者,8/22(土) 13:35,https://news.yahoo.co.jp/pickup/6592645,https://news.yahoo.co.jp/articles/12768d204a1b679a4c923dfc89849690460b8ba0,8/22(土) 13:35
top-picks,高校野球ドットコム,甲子園決勝 振り逃げと暴投の違い,8/22(土) 13:14,https://news.yahoo.co.jp/pickup/6592643,https://news.yahoo.co.jp/articles/90cfaf401707c81154d25af1c3cd9bc3f58b1c76,8/22(土) 13:14
top-picks,読売新聞オンライン,千葉豪雨 被災車両巡りトラブル,8/22(土) 13:13,https://news.yahoo.co.jp/pickup/6592642,https://news.yahoo.co.jp/articles/3680c78f3aa2855bcd77ea05f8d0b683b6089b36,8/22(土) 13:13
top-picks,Yahoo!ニュース オリジナル 特集オリジナル,笑い飯哲夫 肉眼で花火を楽しんで,8/22(土) 13:08,https://news.yahoo.co.jp/pickup/6592626,https://news.yahoo.co.jp/articles/e5ff31835a25298b26a5facb2d4bf474f24179e0,8/22(土) 13:08
top-picks,ウェザーマップ,沖縄 相次ぐ台風による荒天警戒を,8/22(土) 12:56,https://news.yahoo.co.jp/pickup/6592640,https://news.yahoo.co.jp/articles/dc6464724ebc7eae72e68ad27f01ec3bad6cdcfc,8/22(土) 12:56
top-picks,Full-Count,智弁和歌山V「魔曲」響き再逆転,8/22(土) 12:38,https://news.yahoo.co.jp/pickup/6592641,https://news.yahoo.co.jp/articles/2cc69c04d42fba05e89678a9faadf6f26b414eb1,8/22(土) 12:38
top-picks,弁護士ドットコムニュース,秋田県職員の懲戒処分 妥当性検証,8/22(土) 12:33,https://news.yahoo.co.jp/pickup/6592637,https://news.yahoo.co.jp/articles/268753fd3a28dd2478d637df5f24c05fcd988ea1,8/22(土) 12:33
top-picks,スポーツ報知,智弁和歌山 5年ぶり4度目の優勝,8/22(土) 12:13,https://news.yahoo.co.jp/pickup/6592639,https://news.yahoo.co.jp/articles/98667bbafa946db41b9b8423f77503e3d429ea01,8/22(土) 12:13
top-picks,スポーツナビ,速報 智弁和歌山と健大高崎が接戦,8/22(土) 12:00,https://news.yahoo.co.jp/pickup/6592638,,8/22(土) 12:00
top-picks,共同通信,特急事故 複数社から集まり作業,8/22(土) 11:48,https://news.yahoo.co.jp/pickup/6592635,https://news.yahoo.co.jp/articles/2564034cbba3a4fb22683b98560651580d6e9a8a,8/22(土) 11:48
top-picks,スポーツナビ,速報 健大高崎が智弁和歌山を逆転,8/22(土) 11:39,https://news.yahoo.co.jp/pickup/6592636,,8/22(土) 11:39
top-picks,西日本新聞me,長期休み「子どもと出勤」広がる,8/22(土) 11:29,https://news.yahoo.co.jp/pickup/6592633,https://news.yahoo.co.jp/articles/efac90552303eb8af6abe705ae7e7d908d2b61d2,8/22(土) 11:29
top-picks,MBSニュース,花火大会突如中止 憤るチケ購入者,8/22(土) 11:27,https://news.yahoo.co.jp/pickup/6592632,https://news.yahoo.co.jp/articles/6b4ffcbe40b6e7cf884c4a4dbf64333e4b7a32ce,8/22(土) 11:27
top-picks,スポーツナビ,速報 智弁和歌山と健大高崎が接戦,8/22(土) 11:02,https://news.yahoo.co.jp/pickup/6592630,,8/22(土) 11:02
top-picks,朝日新聞,日本語学校で無資格者が授業 愛知,8/22(土) 10:56,https://news.yahoo.co.jp/pickup/6592629,https://news.yahoo.co.jp/articles/7059a247f36482047f40383d1da24bdce35235be,8/22(土) 10:56
top-picks,朝日新聞,日本語学校で無資格者が授業 愛知,8/22(土) 10:56,https://news.yahoo.co.jp/pickup/6592629,https://news.yahoo.co.jp/articles/7059a247f36482047f40383d1da24bdce35235be,8/22(土) 10:56
top-picks,ITmedia ビジネスオンライン,「味の素」広報にAI 炎上の本質,8/22(土) 10:54,https://news.yahoo.co.jp/pickup/6592628,https://news.yahoo.co.jp/articles/55a6321658ea3c5508fe2fb008619832e1dc4171,8/22(土) 10:54
top-picks,朝日新聞,ウルトラマンテオ 戦いが苦手な訳,8/22(土) 10:21,https://news.yahoo.co.jp/pickup/6592625,https://news.yahoo.co.jp/articles/c6fd2a51a7b117a9da9ed9564842762974d8db88,8/22(土) 10:21
top-picks,朝日新聞,不登校だったリュウジ 転機は火事,8/22(土) 10:21,https://news.yahoo.co.jp/pickup/6592623,https://news.yahoo.co.jp/articles/6efbaa37d71ff2535efcbc04c0f5d3210dbd688e,8/22(土) 10:21
top-picks,共同通信,TikTokが636億円支払いで和解 米,8/22(土) 10:14,https://news.yahoo.co.jp/pickup/6592620,https://news.yahoo.co.jp/articles/c6013199518dd411c6b5c33800bbedaa41d72a67,8/22(土) 10:14
top-picks,週刊女性PRIME,新幹線の通路に椅子 JR東の見解,8/22(土) 10:09,https://news.yahoo.co.jp/pickup/6592622,https://news.yahoo.co.jp/articles/e2a7326ad13aabe8261d785c0168c705938eca05,8/22(土) 10:09
top-picks,熊本日日新聞,地震で突然失業 肩落とす被災者,8/22(土) 10:06,https://news.yahoo.co.jp/pickup/6592621,https://news.yahoo.co.jp/articles/1e44c9e818b4c433b37d6f7ed8b17d0b8fd8611d,8/22(土) 10:06
top-picks,スポーツナビ,速報決勝 智弁和歌山vs.健大高崎,8/22(土) 9:51,https://news.yahoo.co.jp/pickup/6592616,,8/22(土) 9:51
top-picks,CHANTO WEB,清水あいり 母に離婚頼んだ幼少期,8/22(土) 9:41,https://news.yahoo.co.jp/pickup/6592617,https://news.yahoo.co.jp/articles/85c57ef85bb3fb932aea07d2459324171388dc55,8/22(土) 9:41
top-picks,プレジデントオンライン,駅前に残る「廃墟モール」の盛衰,8/22(土) 9:36,https://news.yahoo.co.jp/pickup/6592618,https://news.yahoo.co.jp/articles/0717e27778cabf3ea722f1840ae61d1f6a2318ba,8/22(土) 9:36
top-picks,Hanasone,凍結受精卵の「その後」母の決断,8/22(土) 9:31,https://news.yahoo.co.jp/pickup/6592619,https://news.yahoo.co.jp/articles/9720c713f0db1c4dfcf5ec2550d9e88deb950e65,8/22(土) 9:31
top-picks,RSK山陽放送,殺された15歳の愛娘 父が語る記憶,8/22(土) 9:18,https://news.yahoo.co.jp/pickup/6592613,https://news.yahoo.co.jp/articles/b0ef6aac404979d8ebc76c098de3a0132f8dccd3,8/22(土) 9:18
top-picks,Hanasone,凍結受精卵の「その後」迷った母,8/22(土) 9:09,https://news.yahoo.co.jp/pickup/6592611,https://news.yahoo.co.jp/articles/9720c713f0db1c4dfcf5ec2550d9e88deb950e65,8/22(土) 9:09
top-picks,スポニチアネックス,COWCOW 20年の投稿今夏バズる,8/22(土) 8:57,https://news.yahoo.co.jp/pickup/6592614,https://news.yahoo.co.jp/articles/03b4b2950f1af9bbd90694f240ebb863c1d3544b,8/22(土) 8:57
top-picks,スポニチアネックス,COWCOW 令和に再ブレイク予感,8/22(土) 8:35,https://news.yahoo.co.jp/pickup/6592609,https://news.yahoo.co.jp/articles/03b4b2950f1af9bbd90694f240ebb863c1d3544b,8/22(土) 8:35
top-picks,ロイター,ウ商業施設に無人機攻撃 15人死亡,8/22(土) 8:24,https://news.yahoo.co.jp/pickup/6592607,https://news.yahoo.co.jp/articles/2491498575171efc58403dcdd6948c0bb995c70f,8/22(土) 8:24
top-picks,ウェザーマップ,九州中心に危険な暑さ 熱中症注意,8/22(土) 8:23,https://news.yahoo.co.jp/pickup/6592608,https://news.yahoo.co.jp/articles/ba87b40f649c51eeb24284450577a996c2002fb9,8/22(土) 8:23
top-picks,ITmedia ビジネスオンライン,100均業界2トップ 快進撃の理由,8/22(土) 8:04,https://news.yahoo.co.jp/pickup/6592604,https://news.yahoo.co.jp/articles/8263e9704311c88c65f61c70d11b16a57b4fc94b,8/22(土) 8:04
top-picks,Media info not found,「みい山」アニメ化3つのポイント,　社会に翻弄される女性を描いたマンガで、2027年のアニメ化が発表された「みいちゃんと山田さん」。アニメ化の是非で割れる中で、発達障害の人や子どもの権利を擁護する団体「全国手をつなぐ育成会連合会」が意見書を公表しました。アニメ化の発表から、わずか1カ月での意見書だけに、同作への懸念の強さがうかがえます。アニメ化をするにあたって、今後気になるであろう三つのポイントをまとめてみました。,https://news.yahoo.co.jp/pickup/6592605,https://twitter.com/jamhsw/status/2090261816668717528,8/22(土) 8:03
top-picks,TBS CROSS DIG with Bloomberg,若年層で「うつ病」影響が顕在化,8/22(土) 7:54,https://news.yahoo.co.jp/pickup/6592603,https://news.yahoo.co.jp/articles/962845bcb6ac974e7dc5e4db949e6b7cc65e047f,8/22(土) 7:54
top-picks,テレビ朝日系（ANN）,4人死亡「見張員はベテラン」証言,8/22(土) 7:46,https://news.yahoo.co.jp/pickup/6592602,https://news.yahoo.co.jp/articles/d696ab7573ca4207b135212a70817face03dc28e,8/22(土) 7:46
top-picks,テレビ朝日系（ANN）,千葉豪雨 車両約2500台の撤去完了,8/22(土) 7:24,https://news.yahoo.co.jp/pickup/6592599,https://news.yahoo.co.jp/articles/2a87c54cad62c005bc40fb2e219cdb8f9b7df137,8/22(土) 7:24
top-picks,読売新聞オンライン,赤根所長 ICC加盟国に支援求める,8/22(土) 7:23,https://news.yahoo.co.jp/pickup/6592600,https://news.yahoo.co.jp/articles/4c796eeadd99bcdf7d19716981d2f49ac73cbe39,8/22(土) 7:23
top-picks,スポニチアネックス,中村 歴代最多満塁弾におかわり節,8/22(土) 7:20,https://news.yahoo.co.jp/pickup/6592601,https://news.yahoo.co.jp/articles/b733b4ef6affc1a26e235a7742bd116075e11586,8/22(土) 7:20
top-picks,デイリースポーツ,中村剛也 延長11回に代打満塁HR,8/22(土) 0:06,https://news.yahoo.co.jp/pickup/6592598,https://news.yahoo.co.jp/articles/748baafc2cd925f6a288e348ee44945079d57628,8/22(土) 0:06
top-picks,デイリースポーツ,西武・中村剛也 代打で満塁本塁打,8/21(金) 23:57,https://news.yahoo.co.jp/pickup/6592597,https://news.yahoo.co.jp/articles/748baafc2cd925f6a288e348ee44945079d57628,8/21(金) 23:57
top-picks,ウェザーマップ,22日 西・東日本は急な雷雨に注意,8/21(金) 23:41,https://news.yahoo.co.jp/pickup/6592596,https://news.yahoo.co.jp/articles/10ba3c71da6438cfe7252750e84bacf68a293781,8/21(金) 23:41
top-picks,ABCニュース,劇物を摂取させ殺人未遂疑い 逮捕,8/21(金) 23:24,https://news.yahoo.co.jp/pickup/6592595,https://news.yahoo.co.jp/articles/e3f0404d8f4334a54ac8722afea1d286d47e2dff,8/21(金) 23:24
top-picks,共同通信,露の人気アニメ ウでの配信を禁止,8/21(金) 23:20,https://news.yahoo.co.jp/pickup/6592593,https://news.yahoo.co.jp/articles/f88aa0d513d2acef899f4ffa4efbf9f1701e10ea,8/21(金) 23:20
top-picks,スポーツ報知,バレー日本女子 香港に3-0で快勝,8/21(金) 22:34,https://news.yahoo.co.jp/pickup/6592591,https://news.yahoo.co.jp/articles/5da73d791bb7a5210889bb2e976c60d6da466d14,8/21(金) 22:34
top-picks,時事通信,5人殺害事件遺族 死刑執行に心境,8/21(金) 22:26,https://news.yahoo.co.jp/pickup/6592590,https://news.yahoo.co.jp/articles/a9b739f541b318eb79596740537680cccf10710e,8/21(金) 22:26
top-picks,読売新聞オンライン,埼玉で猛烈な雨 車水没訴える通報,8/21(金) 21:54,https://news.yahoo.co.jp/pickup/6592589,https://news.yahoo.co.jp/articles/43d7e6240ddfea68551060f259c9d53eeb5f1182,8/21(金) 21:54
top-picks,共同通信,概算要求総額 130兆円超の見通し,8/21(金) 21:48,https://news.yahoo.co.jp/pickup/6592588,https://news.yahoo.co.jp/articles/7a2a238a7cf3fe8e4ba4d714e55d72349a2dafc0,8/21(金) 21:48
top-picks,時事通信,赤根所長へ連帯表明の国が相次ぐ,8/21(金) 21:33,https://news.yahoo.co.jp/pickup/6592587,https://news.yahoo.co.jp/articles/ce918ce5b054c0b0589d88aeb9c4344bdb56af11,8/21(金) 21:33
top-picks,デイリースポーツ,異例 自主映画が1館→53館公開に,8/21(金) 21:28,https://news.yahoo.co.jp/pickup/6592585,https://news.yahoo.co.jp/articles/c9de39e95caa5def8b17f7ca8b1687efd1c6e8d0,8/21(金) 21:28
top-picks,時事通信,米の赤根所長制裁 反発強める欧州,8/21(金) 21:04,https://news.yahoo.co.jp/pickup/6592584,https://news.yahoo.co.jp/articles/ce918ce5b054c0b0589d88aeb9c4344bdb56af11,8/21(金) 21:04
top-picks,Media info not found,難しい検知 bot不正どう対策?,今週、奇しくもbotを巡る二つの問題が相次いで報じられた。一つは人気チケットや限定商品の高速・大量購入、もう一つはネット広告の不正クリックによる広告費の浪費である。いずれも以前から知られた問題だが、AIの活用によってbotは人間らしい振る舞いまで可能になり、検知は難しくなっている。高速化・自動化だけでなく「人とbotをどう見分けるか」が、ネット社会の新たな課題になりつつある。,https://news.yahoo.co.jp/pickup/6592565,https://news.yahoo.co.jp/articles/de83488c63c0a7a5c9f561efae8b34c67ac5fb31,8/21(金) 20:59
top-picks,朝日新聞,10年超放置の遊覧船 撤去に7億円,8/21(金) 20:27,https://news.yahoo.co.jp/pickup/6592581,https://news.yahoo.co.jp/articles/7905aef341cb9d1da1e2f5e29f00c1fd37795a97,8/21(金) 20:27
top-picks,BBC News,クーラーBOXで5日漂流 メキシコ,8/21(金) 20:20,https://news.yahoo.co.jp/pickup/6592580,https://news.yahoo.co.jp/articles/a74f6a3da2609fda941381a6baa7b212c385ca06,8/21(金) 20:20
top-picks,スポーツ報知,日ハム万波が登録抹消 監督が説明,8/21(金) 20:07,https://news.yahoo.co.jp/pickup/6592578,https://news.yahoo.co.jp/articles/21c2c23bab3ea78df16d22450b6eb0b87412d419,8/21(金) 20:07
top-picks,オリコン,=LOVE運営声明 ファンに注意喚起,8/21(金) 20:05,https://news.yahoo.co.jp/pickup/6592577,https://news.yahoo.co.jp/articles/919fd15724cfed584f1c3eb3beef1a73ad2f0c87,8/21(金) 20:05
top-picks,KBC九州朝日放送,高校のバスなど6台事故 生徒搬送,8/21(金) 19:50,https://news.yahoo.co.jp/pickup/6592579,https://news.yahoo.co.jp/articles/1e80c90a157cedfcdbdc2aedd9b434865dee6b71,8/21(金) 19:50
top-picks,TBS NEWS DIG Powered by JNN,韓国で「親日派スキャナー」拡大,8/21(金) 19:12,https://news.yahoo.co.jp/pickup/6592574,https://news.yahoo.co.jp/articles/7b704189b3d7172a91b7dcc0208af910d8937326,8/21(金) 19:12
top-picks,時事通信,4人死亡 列車見張り員ら任意聴取,8/21(金) 18:58,https://news.yahoo.co.jp/pickup/6592573,https://news.yahoo.co.jp/articles/1ffe66e20db470a39495b37b1a31ddb99aed3a12,8/21(金) 18:58
top-picks,時事通信,睡眠美容巡り 専門家らリスク懸念,8/21(金) 18:57,https://news.yahoo.co.jp/pickup/6592572,https://news.yahoo.co.jp/articles/42612cce2e4509d8487a7b8002fea9e6ac5f901f,8/21(金) 18:57
top-picks,TBS NEWS DIG Powered by JNN,千葉豪雨「助けて」緊迫の119番,8/21(金) 18:48,https://news.yahoo.co.jp/pickup/6592571,https://news.yahoo.co.jp/articles/c8a14039fc1950acc68fdfadb18833dd24736f13,8/21(金) 18:48
top-picks,スポニチアネックス,バイオリニスト木嶋真優さん 出産,8/21(金) 18:29,https://news.yahoo.co.jp/pickup/6592568,https://news.yahoo.co.jp/articles/1bfe3e1ae8bb7085874ea428b76f91c0b02c1207,8/21(金) 18:29
top-picks,時事通信,馬渕隆一さん死去 マブチモーター,8/21(金) 18:26,https://news.yahoo.co.jp/pickup/6592569,https://news.yahoo.co.jp/articles/d1be28b7580d15d9476394e0cd4e77ee324404ce,8/21(金) 18:26
top-picks,毎日新聞,甲子園で会おう 旧友が決勝対決へ,8/21(金) 18:20,https://news.yahoo.co.jp/pickup/6592567,https://news.yahoo.co.jp/articles/a951c528185aa112a0e274053301b1699824e170,8/21(金) 18:20
top-picks,集英社オンライン,宮城高野連なぜ「殺」を問題提起,8/21(金) 18:20,https://news.yahoo.co.jp/pickup/6592566,https://news.yahoo.co.jp/articles/5726465c70a225d873769d3fda28d46d573d2c72,8/21(金) 18:20
top-picks,朝日新聞,元なでしこ岩清水氏 市教育委員に,8/21(金) 18:12,https://news.yahoo.co.jp/pickup/6592563,https://news.yahoo.co.jp/articles/fc5a5c70d32a1cbfa6594ceececfa8e5504affd5,8/21(金) 18:12
top-picks,毎日新聞,鈴木宗男氏 駐露大使の対応を批判,8/21(金) 17:59,https://news.yahoo.co.jp/pickup/6592561,https://news.yahoo.co.jp/articles/333f3103c2ef8ded574e2eca269596437680d753,8/21(金) 17:59
top-picks,共同通信,20代NISA買い付け額17倍 2014年比,8/21(金) 17:36,https://news.yahoo.co.jp/pickup/6592560,https://news.yahoo.co.jp/articles/e7789e64aae0e83b19225e0b46a378cd5cf7974a,8/21(金) 17:36
top-picks,FNNプライムオンライン（フジテレビ系）,ラヴ上等とタイアップ中止 法務省,8/21(金) 17:32,https://news.yahoo.co.jp/pickup/6592559,https://news.yahoo.co.jp/articles/9920ce5b2a53982ac759ef1c338a281c7761ec00,8/21(金) 17:32
top-picks,共同通信,育児サービス利用など税優遇 方針,8/21(金) 17:28,https://news.yahoo.co.jp/pickup/6592556,https://news.yahoo.co.jp/articles/7892b71718b6a8e341fc8976ed48e92a98dfb3b1,8/21(金) 17:28
top-picks,朝日新聞,ゴルフ研修生19歳自殺 両親が提訴,8/21(金) 17:26,https://news.yahoo.co.jp/pickup/6592557,https://news.yahoo.co.jp/articles/5db0fb6f675d58220428bf11dcec2f1d1007f1cf,8/21(金) 17:26
top-picks,産経新聞,イベでゲストが永久欠番着用 賛否,8/21(金) 17:16,https://news.yahoo.co.jp/pickup/6592550,https://news.yahoo.co.jp/articles/c618b8fc345baaef00f6c40b998783420c3fac20,8/21(金) 17:16
top-picks,産経新聞,横浜市主催の会議 市長参加見送り,8/21(金) 17:14,https://news.yahoo.co.jp/pickup/6592554,https://news.yahoo.co.jp/articles/0d6339d5f1f219bbd781bcc5843cfb89392a3061,8/21(金) 17:14
top-picks,HBCニュース北海道,病院から姿消した被告 遺体で発見,8/21(金) 17:08,https://news.yahoo.co.jp/pickup/6592555,https://news.yahoo.co.jp/articles/72f6c0b1fc1c95c9995f19933ad45358ccd3d4f0,8/21(金) 17:08
top-picks,朝日新聞,天気予報2週先まで発信へ 気象庁,8/21(金) 16:56,https://news.yahoo.co.jp/pickup/6592546,https://news.yahoo.co.jp/articles/165b048409bc1a5f8c2816a85571176f3c2cfc18,8/21(金) 16:56
top-picks,弁護士ドットコムニュース,不祥事相次ぐ検察 閉ざされた会見,8/21(金) 16:23,https://news.yahoo.co.jp/pickup/6592544,https://news.yahoo.co.jp/articles/f1a677fea5c906dda95561fbc47ead3154bf1c1d,8/21(金) 16:23
top-picks,西日本新聞me,台湾に進学の日本人増 誘致手厚く,8/21(金) 16:19,https://news.yahoo.co.jp/pickup/6592542,https://news.yahoo.co.jp/articles/f4dd623dc96ca9201dd37e603abc06d847b49d8b,8/21(金) 16:19
top-picks,tenki.jp,あす九州で39℃予想も 熱中症警戒,8/21(金) 16:14,https://news.yahoo.co.jp/pickup/6592543,https://news.yahoo.co.jp/articles/107e486ab9577fca3cb83a0a4b6db1c492eb9280,8/21(金) 16:14
top-picks,MBSニュース,突如中止の花火大会 返金姿勢示す,8/21(金) 15:46,https://news.yahoo.co.jp/pickup/6592540,https://news.yahoo.co.jp/articles/ad06e02434ed48a594b6dc3066ac146019e579b6,8/21(金) 15:46
top-picks,スポニチアネックス,藤井風 12月のタイ公演中止を発表,8/21(金) 15:39,https://news.yahoo.co.jp/pickup/6592539,https://news.yahoo.co.jp/articles/05086516336c8bb8551b4ed6338a493c8a609260,8/21(金) 15:39
top-picks,スポニチアネックス,横浜・織田 進路決める鍵「直感」,8/21(金) 15:19,https://news.yahoo.co.jp/pickup/6592537,https://news.yahoo.co.jp/articles/c129c7fc17aae9981701fcad0afd34e0f36f4efd,8/21(金) 15:19
top-picks,弁護士ドットコムニュース,道路脇にパン大量投棄 法的問題は,8/21(金) 14:46,https://news.yahoo.co.jp/pickup/6592536,https://news.yahoo.co.jp/articles/a30f51ef4abecee1cf667082646407ca3ee5e041,8/21(金) 14:46
top-picks,CNN.co.jp,ヘンリー王子帰国報道 5つの疑問,8/21(金) 14:34,https://news.yahoo.co.jp/pickup/6592534,https://news.yahoo.co.jp/articles/9e7a214fc303c4bb755df3cf40da97adab3c8bb8,8/21(金) 14:34
top-picks,テレビ朝日系（ANN）,川に「モバ充」161個 警察が回収,8/21(金) 14:19,https://news.yahoo.co.jp/pickup/6592533,https://news.yahoo.co.jp/articles/726761daa49ec290c080b53219b2ee5e4e1b2ab8,8/21(金) 14:19
top-picks,ビジネス＋IT,セコマ なぜ人口580人の村にも店,8/21(金) 14:05,https://news.yahoo.co.jp/pickup/6592532,https://news.yahoo.co.jp/articles/434256b4de770eea018624a2d7e0045f6f838cc1,8/21(金) 14:05
top-picks,テレビ朝日系（ANN）,千葉豪雨 片付け中の感染症に注意,8/21(金) 13:49,https://news.yahoo.co.jp/pickup/6592529,https://news.yahoo.co.jp/articles/7c6e667abdc58372f8522086abdd50ed0e96b055,8/21(金) 13:49
top-picks,読売新聞オンライン,内閣改造 総裁選争った4人処遇は,8/21(金) 13:42,https://news.yahoo.co.jp/pickup/6592528,https://news.yahoo.co.jp/articles/129256c0c4b218e28f5d85182e25daabaa970f23,8/21(金) 13:42
top-picks,tenki.jp,台風18号 26日ごろ沖縄接近の恐れ,8/21(金) 13:29,https://news.yahoo.co.jp/pickup/6592527,https://news.yahoo.co.jp/articles/ef0e7dfd2fc438b76fa3cc1026b3603214ba6f2b,8/21(金) 13:29
top-picks,広島テレビ　ニュース,登校中児童11人 ハチに刺され搬送,8/21(金) 13:20,https://news.yahoo.co.jp/pickup/6592526,https://news.yahoo.co.jp/articles/a07daa5308c753d39e8aa0aa1e8ebcf19d7c8661,8/21(金) 13:20
top-picks,モデルプレス,「年収5千万円婚活」話題 背景は,8/21(金) 13:09,https://news.yahoo.co.jp/pickup/6592525,https://news.yahoo.co.jp/articles/dbe227b5822390117b3fd28cad1cc48383d80fb7,8/21(金) 13:09
top-picks,読売新聞オンライン,議長巡る福岡県会の採決中止 苦情,8/21(金) 13:02,https://news.yahoo.co.jp/pickup/6592524,https://news.yahoo.co.jp/articles/daa4e2b10d7e974f36479d9c59afad50c0d701aa,8/21(金) 13:02
top-picks,Media info not found,露戦略会議に変化「戦後」意識?,８月19日にロシアで、プーチン大統領の主宰により、「戦略発展・ナショナルプロジェクト評議会」の会合が開催された。,https://news.yahoo.co.jp/pickup/6592522,https://news.yahoo.co.jp/articles/03cae6c50c30460d01f4ee4defb2a13d3785d222,8/21(金) 12:56
top-picks,毎日新聞,農場で外国籍従業員に暴力か 調査,8/21(金) 12:26,https://news.yahoo.co.jp/pickup/6592519,https://news.yahoo.co.jp/articles/5c7ff9fee01f6f7ecd102e0d75d5b5cec0e281a0,8/21(金) 12:26
top-picks,東京商工リサーチ,芸能事務所に異変 倒産が相次ぐ,8/21(金) 12:14,https://news.yahoo.co.jp/pickup/6592514,,8/21(金) 12:14
top-picks,読売新聞オンライン,中立公「月内の3党合流」に暗雲,8/21(金) 12:13,https://news.yahoo.co.jp/pickup/6592513,https://news.yahoo.co.jp/articles/6d81207db61e2d7ed908d7a9d439784e5f54e349,8/21(金) 12:13
top-picks,時事通信,水原受刑者事件 記者の尽きぬ疑問,8/21(金) 12:12,https://news.yahoo.co.jp/pickup/6592512,https://news.yahoo.co.jp/articles/8e55ccc33478c5e73a93466394c4749c2902353b,8/21(金) 12:12
top-picks,岩手めんこいテレビ,秋サケ激減の異常事態 転換した漁,8/21(金) 12:06,https://news.yahoo.co.jp/pickup/6592517,https://news.yahoo.co.jp/articles/5d58eb364f1ce445a47bf768484edc0019d88b87,8/21(金) 12:06
top-picks,読売新聞オンライン,botで大量クリック 広告費を詐取,8/21(金) 12:00,https://news.yahoo.co.jp/pickup/6592510,https://news.yahoo.co.jp/articles/4d04ccba7c0fd1d8341d8d8dd97e93c3fb3c4903,8/21(金) 12:00
top-picks,日刊スポーツ,ネット発の怪談「巨頭オ」映画化,8/21(金) 11:42,https://news.yahoo.co.jp/pickup/6592507,https://news.yahoo.co.jp/articles/9c9eb5310ad2c68fd555d90d63677a888f17be23,8/21(金) 11:42
top-picks,岩手めんこいテレビ,秋サケ激減 獲る漁業からの大転換,8/21(金) 11:30,https://news.yahoo.co.jp/pickup/6592504,https://news.yahoo.co.jp/articles/5d58eb364f1ce445a47bf768484edc0019d88b87,8/21(金) 11:30
top-picks,静岡朝日テレビ,港で大型船が火災 作業員1人死亡,8/21(金) 11:29,https://news.yahoo.co.jp/pickup/6592506,https://news.yahoo.co.jp/articles/ed506c534fbc7fddbc55dbc383625b6ef8031841,8/21(金) 11:29
top-picks,読売新聞オンライン,千葉豪雨 浸水想定域で9人犠牲か,8/21(金) 11:23,https://news.yahoo.co.jp/pickup/6592505,https://news.yahoo.co.jp/articles/abe6c993b8ebb39540bb885a2db3ab8aa40e5f52,8/21(金) 11:23
top-picks,時事通信,金融庁が企画室新設へ 検査司令塔,8/21(金) 10:44,https://news.yahoo.co.jp/pickup/6592503,https://news.yahoo.co.jp/articles/abb9fe14a827d4ca2f3039e81a4c9ab1c847ed8f,8/21(金) 10:44
top-picks,共同通信,4人死亡 時速50kmで駅構内進入か,8/21(金) 10:34,https://news.yahoo.co.jp/pickup/6592502,https://news.yahoo.co.jp/articles/b9075e4de3ef3d644b36ad9ccfd7ad48996f33a7,8/21(金) 10:34
top-picks,テレビ朝日系（ANN）,金与正氏 米韓同盟は「主従関係」,8/21(金) 10:14,https://news.yahoo.co.jp/pickup/6592500,https://news.yahoo.co.jp/articles/6848607fc221e5e9106b05bb1c4765bf8f0ea036,8/21(金) 10:14
top-picks,Number Web,織田翔希を智弁和歌山が攻略 真相,8/21(金) 10:13,https://news.yahoo.co.jp/pickup/6592497,https://news.yahoo.co.jp/articles/5632065048da2515ceac0298697b6dc0cc72fa45,8/21(金) 10:13
top-picks,TBS NEWS DIG Powered by JNN,09年の15人死傷放火殺人 死刑執行,8/21(金) 10:04,https://news.yahoo.co.jp/pickup/6592499,https://news.yahoo.co.jp/articles/a23615cb2f10284b83a8aacf4068ae7737e973e4,8/21(金) 10:04
top-picks,時事通信,タイ政府 500万人にAI無料提供,8/21(金) 9:33,https://news.yahoo.co.jp/pickup/6592496,https://news.yahoo.co.jp/articles/4ef1956d2012107d6cdddfe6cbd83df615a52921,8/21(金) 9:33
top-picks,テレビ朝日系（ANN）,北 ミサイル発射3回連続報道せず,8/21(金) 9:22,https://news.yahoo.co.jp/pickup/6592495,https://news.yahoo.co.jp/articles/c49e3150bb76ecee7b3df5b0c7bc11735eaef83e,8/21(金) 9:22
top-picks,Media info not found,「みい山」アニメ化 懸念の背景は,漫画『みいちゃんと山田さん』のアニメ化をめぐり、知的障害者支援組織が、偏見を助長しかねないとの意見書を公表しました。アニメ化そのものに一律で反対ではなく「適切なレーティング」を求め、未成年者が気軽に視聴できる環境は望ましくないとして、地上波での放送をけん制しています。映像化を表現の自由の一環として尊重しつつ、それによって偏見が広がるリスクへの自覚を促している形です。,https://news.yahoo.co.jp/pickup/6592494,https://news.yahoo.co.jp/articles/b8a807f45e0be0295b04e8785c41f07a6478d804,8/21(金) 9:10
top-picks,ハンギョレ新聞,SKハイニックス 宮城に工場案,8/21(金) 9:07,https://news.yahoo.co.jp/pickup/6592493,https://news.yahoo.co.jp/articles/cf1bd53c92b91f32f600c82c4e3e4474026f7c01,8/21(金) 9:07
top-picks,下野新聞デジタル,4人死亡 業務上過失致死疑い視野,8/21(金) 9:05,https://news.yahoo.co.jp/pickup/6592491,https://news.yahoo.co.jp/articles/80ca84bdd04a0f73c821408b3f04906dad90281f,8/21(金) 9:05
top-picks,読売新聞オンライン,大規模11私大 理系学生増など検討,8/21(金) 9:03,https://news.yahoo.co.jp/pickup/6592492,https://news.yahoo.co.jp/articles/9380cba9ee08ef2ad442858033968aa786cff3b5,8/21(金) 9:03
top-picks,読売新聞オンライン,防衛事業 再編の企業に国出資方針,8/21(金) 8:35,https://news.yahoo.co.jp/pickup/6592489,https://news.yahoo.co.jp/articles/16b076e6b9780500f2a58e73eb4ff54b4990194e,8/21(金) 8:35
top-picks,Bloomberg,「冷しカプヌ」1週間で供給分完売,8/21(金) 8:23,https://news.yahoo.co.jp/pickup/6592487,https://news.yahoo.co.jp/articles/ea309a230c85c1a18230bcb38f8c1a6c8036bab3,8/21(金) 8:23
top-picks,ウェザーマップ,暑さ続く 北陸・東北は大雨恐れ,8/21(金) 8:16,https://news.yahoo.co.jp/pickup/6592488,https://news.yahoo.co.jp/articles/f87649c84ab1f7d5c07b7cd93cfd4f42a1f6d59d,8/21(金) 8:16
top-picks,読売新聞オンライン,防衛事業 統廃合企業に国出資方針,8/21(金) 8:07,https://news.yahoo.co.jp/pickup/6592486,https://news.yahoo.co.jp/articles/16b076e6b9780500f2a58e73eb4ff54b4990194e,8/21(金) 8:07
top-picks,日テレNEWS NNN,北方領土周辺で演習 露が映像公開,8/21(金) 8:02,https://news.yahoo.co.jp/pickup/6592485,https://news.yahoo.co.jp/articles/249ecdcf1f8c993e917e023636df3328dd206bc4,8/21(金) 8:02
top-picks,Media info not found,くら寿司最低価格下げる なぜ逆行,　『くら寿司』が20日、商品価格の見直しを発表しました。9月4日より最低価格を115円から110円に値下げする一方で、これまで最低価格の115円（最低価格は店舗により異なる）で提供していた「サーモン」や「ゆず塩かつおたたき」など33品目については120円へ改定します。,https://news.yahoo.co.jp/pickup/6592483,https://news.yahoo.co.jp/articles/807090d34fd192ff957fc413a3ec9e20f6246c9c,8/21(金) 7:56
top-picks,東海テレビ,小2が味に違和感 配布の水にネジ,8/21(金) 7:28,https://news.yahoo.co.jp/pickup/6592481,https://news.yahoo.co.jp/articles/f9e6cf57c91c84ec175203e6c332dfe1c9baedf2,8/21(金) 7:28
top-picks,福島テレビ,経費高騰 全国で減少する花火大会,8/21(金) 7:28,https://news.yahoo.co.jp/pickup/6592479,https://news.yahoo.co.jp/articles/06174ed93921f5ece22c569f707fbaa569453c4b,8/21(金) 7:28
top-picks,オリコン,田中樹 24時間テレビドラマ出演,8/21(金) 7:26,https://news.yahoo.co.jp/pickup/6592480,https://news.yahoo.co.jp/articles/14c7be2a54edb7bb5c1886599a5b3c9691deefd4,8/21(金) 7:26
top-picks,スポニチアネックス,岡本が26号 球団新人最多を更新,8/21(金) 7:12,https://news.yahoo.co.jp/pickup/6592477,https://news.yahoo.co.jp/articles/d58a23aa7e0194bd6dcd8039fb929dbdb609a123,8/21(金) 7:12
top-picks,デイリースポーツ,中日サヨナラ負け 9回異例の敬遠,8/21(金) 6:51,https://news.yahoo.co.jp/pickup/6592476,https://news.yahoo.co.jp/articles/8b6807bbebcab6a7da57706f1077b75c83e230da,8/21(金) 6:51
top-picks,読売新聞オンライン,内閣改造 来月中下旬で首相調整,8/21(金) 6:34,https://news.yahoo.co.jp/pickup/6592475,https://news.yahoo.co.jp/articles/5b1c632dafac972b8c920fbeb148831745e1f0c5,8/21(金) 6:34
top-picks,デイリースポーツ,新庄氏 リクエストは「食い違い」,8/21(金) 6:23,https://news.yahoo.co.jp/pickup/6592474,https://news.yahoo.co.jp/articles/9321ca2ebe882591d20312750c3603e7ab6b2864,8/21(金) 6:23
top-picks,テレビ高知,飛び込みスポット 20歳が意識不明,8/21(金) 6:05,https://news.yahoo.co.jp/pickup/6592473,https://news.yahoo.co.jp/articles/807aed70a170f39d653afaeecf3d73f18e97c217,8/21(金) 6:05
top-picks,BSS山陰放送,道沿いに連日のパン投棄 39kg確認,8/21(金) 0:17,https://news.yahoo.co.jp/pickup/6592472,https://news.yahoo.co.jp/articles/286e8943fc7bd1c3ed825e9185fc5c35a9e3cc66,8/21(金) 0:17
top-picks,共同通信,26年産新米 大幅値下がりの見通し,8/20(木) 23:47,https://news.yahoo.co.jp/pickup/6592471,https://news.yahoo.co.jp/articles/4001a8493fc5df0cdcea0690e326be265e38f2b2,8/20(木) 23:47
top-picks,共同通信,中国 沖縄の帰属を巡り「疑義」,8/20(木) 23:31,https://news.yahoo.co.jp/pickup/6592470,,8/20(木) 23:31
top-picks,TBS NEWS DIG Powered by JNN,郵便事業 縮小も視野に検討開始,8/20(木) 23:05,https://news.yahoo.co.jp/pickup/6592469,https://news.yahoo.co.jp/articles/bef36df62a7257648944033734213566a31c2a9c,8/20(木) 23:05
top-picks,ITmedia NEWS,Amazon 米国でドローン配送拡大,8/20(木) 22:49,https://news.yahoo.co.jp/pickup/6592467,https://news.yahoo.co.jp/articles/1bf9f422a517651a02e9a5ad8ef28042e4356832,8/20(木) 22:49
top-picks,Impress Watch,東京の地図情報サイト 都が公開,8/20(木) 22:49,https://news.yahoo.co.jp/pickup/6592466,https://news.yahoo.co.jp/articles/2896f9efafc9ffeddc9e93a5bc8569a88dfa173f,8/20(木) 22:49
top-picks,産経新聞,4人死亡 退避完了と見張りが合図,8/20(木) 22:32,https://news.yahoo.co.jp/pickup/6592465,https://news.yahoo.co.jp/articles/d7b7dff66cfb4398c4da3e73d0cf6fcab2022827,8/20(木) 22:32
top-picks,スポーツ報知,虎・伊原 暴行疑惑で球団通じ謝罪,8/20(木) 22:26,https://news.yahoo.co.jp/pickup/6592462,https://news.yahoo.co.jp/articles/c9edd7a46726111d7fced51da7378086c8c123d2,8/20(木) 22:26
top-picks,産経新聞,千葉豪雨 農業被害など約19億円,8/20(木) 22:06,https://news.yahoo.co.jp/pickup/6592460,https://news.yahoo.co.jp/articles/7c96f33983f93fcb4b9d3d69afc2553bb3e221e5,8/20(木) 22:06
top-picks,産経新聞,首相 7月就任の英首相と電話会談,8/20(木) 22:03,https://news.yahoo.co.jp/pickup/6592461,https://news.yahoo.co.jp/articles/aced0c41301e45d36588d618bd05b3a18332f418,8/20(木) 22:03
top-picks,BSS山陰放送,道沿いに連日のパン投棄 39㎏確認,8/20(木) 21:44,https://news.yahoo.co.jp/pickup/6592459,https://news.yahoo.co.jp/articles/286e8943fc7bd1c3ed825e9185fc5c35a9e3cc66,8/20(木) 21:44
top-picks,ウェザーマップ,21日 関東など急な雨や雷雨に注意,8/20(木) 21:41,https://news.yahoo.co.jp/pickup/6592458,https://news.yahoo.co.jp/articles/7fa171c135f2b7f674059386a66e7715463fc1f3,8/20(木) 21:41
top-picks,時事通信,中道との連携 連合地方組織で異論,8/20(木) 21:35,https://news.yahoo.co.jp/pickup/6592456,https://news.yahoo.co.jp/articles/18572a40150ce61ebd8e77e0a9c73a76f05aab47,8/20(木) 21:35
top-picks,BSS山陰放送,道沿いに連日パン投棄 鶏レバーも,8/20(木) 21:30,https://news.yahoo.co.jp/pickup/6592455,https://news.yahoo.co.jp/articles/286e8943fc7bd1c3ed825e9185fc5c35a9e3cc66,8/20(木) 21:30
top-picks,毎日新聞,日印 海洋安全保障で協力強化へ,8/20(木) 21:02,https://news.yahoo.co.jp/pickup/6592454,https://news.yahoo.co.jp/articles/9c05530d18862bde146079a9b6b838d27e85eb61,8/20(木) 21:02
top-picks,スポニチアネックス,セントチヒロ・チッチ 活動名統一,8/20(木) 21:01,https://news.yahoo.co.jp/pickup/6592453,https://news.yahoo.co.jp/articles/c206ad91fb8726156261336fdde212174ee69747,8/20(木) 21:01
top-picks,朝日新聞,時間外労働 一律抑制見直しに反発,8/20(木) 20:57,https://news.yahoo.co.jp/pickup/6592452,https://news.yahoo.co.jp/articles/a760a4f099b81ef05c1708c35eeb4a36f02cb354,8/20(木) 20:57
top-picks,スポニチアネックス,審判に不適切接待確認できず JFA,8/20(木) 20:30,https://news.yahoo.co.jp/pickup/6592451,https://news.yahoo.co.jp/articles/f2a6ced44217a4372f53f811ac90f54c25cb575c,8/20(木) 20:30
top-picks,TBS NEWS DIG Powered by JNN,列車に接触し4人死亡 身元判明,8/20(木) 20:24,https://news.yahoo.co.jp/pickup/6592450,https://news.yahoo.co.jp/articles/b5367260fbac414c489dafa782ac17e18ec06b0f,8/20(木) 20:24
top-picks,日刊スポーツ,伊原の疑惑 阪神がおおむね認める,8/20(木) 20:01,https://news.yahoo.co.jp/pickup/6592449,https://news.yahoo.co.jp/articles/231ed742c3b9332c6f5037c32ebd60f708f77751,8/20(木) 20:01
top-picks,Media info not found,北朝鮮の対日批判 激化の背景分析,北朝鮮の、日本に対する「言葉による威嚇」が激しさを増している。金与正（キム・ヨジョン）朝鮮労働党総務部長は19日付の談話で、再軍事化する日本を「軍事的目標」と見なす認識が強まったと明言。北朝鮮軍指導部が日本の脅威を「抑止し、制圧、またはそれ以上に作っておく」ことを軍事戦略の一環と見なし始めたとし、場合によっては日本に対して核兵器を先制使用する可能性すらほのめかした。,https://news.yahoo.co.jp/pickup/6592447,https://dailynk.jp/archives/322318,8/20(木) 19:53
top-picks,Media info not found,メガネにコスメ的な機能 各社注力,メガネは単なる視力補正から、メイク感覚で顔の印象を整えるツールへと変化しています。,https://news.yahoo.co.jp/pickup/6592448,https://twitter.com/fashionpressnet/status/2089963092654583892,8/20(木) 19:51
top-picks,中日スポーツ,DeNA藤浪が3回途中で降板 唇かむ,8/20(木) 19:36,https://news.yahoo.co.jp/pickup/6592446,https://news.yahoo.co.jp/articles/a8eea3d69fb492c8b49572668f3b8d5365ffaf20,8/20(木) 19:36
top-picks,読売新聞オンライン,マンション「共連れ」進む対策,8/20(木) 19:24,https://news.yahoo.co.jp/pickup/6592444,https://news.yahoo.co.jp/articles/c56589d6ade23229e2ca3d9b6d7af6667fd3602c,8/20(木) 19:24
top-picks,広島テレビ　ニュース,子2人の姿が土砂に消え 母の思い,8/20(木) 19:22,https://news.yahoo.co.jp/pickup/6592443,https://news.yahoo.co.jp/articles/eccd049d1deec195d6dc8519d355194ed8c24e83,8/20(木) 19:22
top-picks,朝日新聞,作業員4人死亡 東武鉄道が謝罪,8/20(木) 18:55,https://news.yahoo.co.jp/pickup/6592440,https://news.yahoo.co.jp/articles/d45d7c366ae8978663e090b4eb718fa6029c4f38,8/20(木) 18:55
top-picks,SOCCER DIGEST Web,DF板倉滉 ボルシアMGに電撃復帰,8/20(木) 18:55,https://news.yahoo.co.jp/pickup/6592442,https://news.yahoo.co.jp/articles/69c67f5bcf8b96d9cbd6cbdc06b39773f2c02bac,8/20(木) 18:55
top-picks,Media info not found,散歩中に犬同士がトラブル 注意点,兵庫県姫路市で、散歩中のトイプードルが中型犬にかみつかれ、翌日に死亡した事故をめぐる訴訟で、神戸地裁姫路支部は、被告に慰謝料など約35万5千円の支払いを命じました。,https://news.yahoo.co.jp/pickup/6592441,https://news.yahoo.co.jp/articles/d6054bcc13c0401a20373c0fd11df467e8726618,8/20(木) 18:47
top-picks,静岡放送（SBS）,富士山6合目 1人でいた7歳を救助,8/20(木) 18:42,https://news.yahoo.co.jp/pickup/6592439,https://news.yahoo.co.jp/articles/bbe4f2d6fe1797164b10bed8deab786642206326,8/20(木) 18:42
top-picks,Media info not found,豚や鶏も肉価格高騰 食卓の今後は,　豚肉と鶏肉の全国平均小売価格が、2003年の調査開始以降で過去最高を更新しました。農林水産省が12日に発表した食品価格動向調査によると、8月の豚肉（ロース）は100グラムあたり前月比3円高の290円と2カ月連続で最高値となっており、鶏肉（もも肉）も同3円高の156円と、6月以来となる過去最高を更新しています。,https://news.yahoo.co.jp/pickup/6592436,https://www.asahi.com/articles/ASV8F2V63V8FULFA019M.html,8/20(木) 18:38
top-picks,テレビ朝日系（ANN）,北発射のミサイルは約10発 韓国軍,8/20(木) 18:32,https://news.yahoo.co.jp/pickup/6592438,https://news.yahoo.co.jp/articles/73594effc03b956e4d331c7e137f82b701725a22,8/20(木) 18:32
top-picks,鹿児島ニュースＫＴＳ,火星衛星探査機 10月20日打ち上げ,8/20(木) 18:29,https://news.yahoo.co.jp/pickup/6592434,https://news.yahoo.co.jp/articles/fdb7b16c7ad2c60173dc609516982b1af2b25bc3,8/20(木) 18:29
top-picks,KAI-YOU,「みい山」アニメ化に懸念 意見書,8/20(木) 18:25,https://news.yahoo.co.jp/pickup/6592433,https://news.yahoo.co.jp/articles/b8a807f45e0be0295b04e8785c41f07a6478d804,8/20(木) 18:25
top-picks,TBS NEWS DIG Powered by JNN,夏にインフル 首都圏で増加傾向,8/20(木) 18:20,https://news.yahoo.co.jp/pickup/6592437,https://news.yahoo.co.jp/articles/7b676123284b9558bc8ffd9a88a0e0295c1aafbf,8/20(木) 18:20
top-picks,Media info not found,愛犬が犬にかまれ 散歩時の注意点,兵庫県姫路市で、散歩中のトイプードルが中型犬にかみつかれ、翌日に死亡した事故をめぐる訴訟で、神戸地裁姫路支部は、被告に慰謝料など約35万5千円の支払いを命じました。,https://news.yahoo.co.jp/pickup/6592429,https://news.yahoo.co.jp/articles/d6054bcc13c0401a20373c0fd11df467e8726618,8/20(木) 18:05
top-picks,,中継 4人死亡受け東武鉄道が会見,8/20(木) 18:01,https://news.yahoo.co.jp/pickup/6592428,,8/20(木) 18:01
top-picks,共同通信,ネコの尿「においの名刺」の働き,8/20(木) 17:52,https://news.yahoo.co.jp/pickup/6592427,https://news.yahoo.co.jp/articles/73535e2bd6cd9abb2399cfd86c72593361cdec76,8/20(木) 17:52
top-picks,朝日新聞,クールジャパン機構廃止へ 経産省,8/20(木) 17:40,https://news.yahoo.co.jp/pickup/6592424,https://news.yahoo.co.jp/articles/6148c4c06979965db4486ede9109b86e998dbb2b,8/20(木) 17:40
top-picks,朝日新聞,クールジャパン機構廃止へ 経産省,8/20(木) 17:40,https://news.yahoo.co.jp/pickup/6592424,https://news.yahoo.co.jp/articles/6148c4c06979965db4486ede9109b86e998dbb2b,8/20(木) 17:40
top-picks,テレビ朝日系（ANN）,北発射 ミサイルはEEZ外に落下か,8/20(木) 17:33,https://news.yahoo.co.jp/pickup/6592426,https://news.yahoo.co.jp/articles/4199285c2a340ca2c646c7b2f6bd57ddbf0bfefd,8/20(木) 17:33
top-picks,HBCニュース北海道,旭川17歳殺害 遺族がコメント発表,8/20(木) 17:29,https://news.yahoo.co.jp/pickup/6592422,https://news.yahoo.co.jp/articles/94116b16b05f041650a5c392809abff6a225835f,8/20(木) 17:29
top-picks,テレビ朝日系（ANN）,北朝鮮が弾道ミサイルを発射か,8/20(木) 17:17,https://news.yahoo.co.jp/pickup/6592423,https://news.yahoo.co.jp/articles/bd3b38bd52bbcebc34efb717d43abcfe0cc4f293,8/20(木) 17:17
top-picks,スポーツ報知,決勝進出の健大高崎 5試合で2失点,8/20(木) 17:06,https://news.yahoo.co.jp/pickup/6592421,https://news.yahoo.co.jp/articles/8b899ed8e18f00db474c4614aac2ef01d8f0d686,8/20(木) 17:06
top-picks,STVニュース北海道,舟山瑠泉騎手 運転の車が衝突事故,8/20(木) 16:59,https://news.yahoo.co.jp/pickup/6592418,https://news.yahoo.co.jp/articles/4f90e0915671e7823af6bb553a8be50f3bfdf7a1,8/20(木) 16:59
top-picks,テレビ新広島,77人犠牲 広島土砂災害から12年,8/20(木) 16:53,https://news.yahoo.co.jp/pickup/6592420,https://news.yahoo.co.jp/articles/a353b507e63c619cb8ef681e7125a8e1b2866928,8/20(木) 16:53
top-picks,産経新聞,イオン 爆発巡り事故調査委を発足,8/20(木) 16:49,https://news.yahoo.co.jp/pickup/6592419,https://news.yahoo.co.jp/articles/87cd1ac6ef645ec387fa1d88e3d3228f234b59f1,8/20(木) 16:49
top-picks,毎日新聞,4人死亡 見張り役が列車に合図,8/20(木) 16:40,https://news.yahoo.co.jp/pickup/6592417,https://news.yahoo.co.jp/articles/eff72f625409b337e044824fcddaafc813bcbf88,8/20(木) 16:40
top-picks,神戸新聞NEXT,山口組と池田組の特定抗争解除へ,8/20(木) 16:39,https://news.yahoo.co.jp/pickup/6592416,https://news.yahoo.co.jp/articles/5ad6ee4d9d2e90e70f9cd182305aff39778361f6,8/20(木) 16:39
top-picks,スポーツ報知,阪神・伊原を抹消 暴行疑惑報道,8/20(木) 16:25,https://news.yahoo.co.jp/pickup/6592415,https://news.yahoo.co.jp/articles/859ff6884ea5467418f5cef41d8822324cbde518,8/20(木) 16:25
top-picks,東京商工リサーチ,布施博が代表の芸能プロ 破産,8/20(木) 16:21,https://news.yahoo.co.jp/pickup/6592413,,8/20(木) 16:21
top-picks,ロイター,北の核弾頭は80-120発 韓国国防相,8/20(木) 16:20,https://news.yahoo.co.jp/pickup/6592412,https://news.yahoo.co.jp/articles/69eab957b64bd2738bc7cb2d872e3859be839378,8/20(木) 16:20
top-picks,TBS NEWS DIG Powered by JNN,23区新築マンション平均2.6億円超,8/20(木) 16:20,https://news.yahoo.co.jp/pickup/6592414,https://news.yahoo.co.jp/articles/c7090552210914c060eeacd6b4d9ffb17db90a0c,8/20(木) 16:20
top-picks,スポニチアネックス,NPB 2軍戦挙行の暑さ基準明確化,8/20(木) 15:55,https://news.yahoo.co.jp/pickup/6592410,https://news.yahoo.co.jp/articles/52846789d509a6aabd8af5bf3d80ba2cbbfba7e4,8/20(木) 15:55
top-picks,鉄道コム,京王ライナー 10月から立席導入へ,8/20(木) 15:43,https://news.yahoo.co.jp/pickup/6592409,https://news.yahoo.co.jp/articles/e766e7da809c43d5530c1e5466583834845a1c06,8/20(木) 15:43
top-picks,関西テレビ,伊丹21時過ぎる離着陸制限 厳格化,8/20(木) 15:26,https://news.yahoo.co.jp/pickup/6592408,https://news.yahoo.co.jp/articles/9e6d3b9122e278bf628ced6bfbcc19210e94f55a,8/20(木) 15:26
top-picks,tenki.jp,西日本中心に猛烈な暑さ 対策を,8/20(木) 15:05,https://news.yahoo.co.jp/pickup/6592407,https://news.yahoo.co.jp/articles/01aa703add83afda8550c974eaa8870a313e87d8,8/20(木) 15:05
top-picks,Media info not found,赤根所長へ米制裁 ICC組織の実像,トランプ米政権が国際刑事裁判所（ICC）の赤根智子所長らを制裁対象に指定した。ルビオ国務長官はICCを「腐敗し、致命的なまでに政治化した超国家的裁判所」と痛烈に批判。ネット上でも「新疆ウイグル問題で中国に忖度している」との声がある。ICCは本当に不公正な組織なのか。中国を追及できない背景には管轄権の壁がある一方、大国ほど責任追及を免れやすいという弱点もある。しかし、こうした限界があるからといって、ICCそのものを不公正な組織と断じてよいのか。その実像を考える。,https://news.yahoo.co.jp/pickup/6592406,https://news.yahoo.co.jp/articles/2621857ee61818ac81e0fe6134f0f859c19973c4,8/20(木) 14:53
top-picks,テレビ朝日系（ANN）,公園のトイレで男性死亡 熱中症か,8/20(木) 14:41,https://news.yahoo.co.jp/pickup/6592405,,8/20(木) 14:41
top-picks,ロイター,中国恒大創業者に無期懲役判決,8/20(木) 14:40,https://news.yahoo.co.jp/pickup/6592404,https://news.yahoo.co.jp/articles/48e082a6088b8e00e3e66e399f565b3c5a487cc1,8/20(木) 14:40
top-picks,女性自身,いしだ壱成 植毛で取り戻した自信,8/20(木) 14:35,https://news.yahoo.co.jp/pickup/6592402,https://news.yahoo.co.jp/articles/cea35f31eccfdcfd167c51b397bb288450443aaa,8/20(木) 14:35
top-picks,ABEMA TIMES,「対日感情」に変化 韓国若者の今,8/20(木) 14:28,https://news.yahoo.co.jp/pickup/6592401,https://news.yahoo.co.jp/articles/723f866c593821cfadf34e6fb4f016717964936d,8/20(木) 14:28
top-picks,Media info not found,ICC所長へ米制裁 組織の「弱点」,トランプ米政権が国際刑事裁判所（ICC）の赤根智子所長らを制裁対象に指定した。ルビオ国務長官はICCを「腐敗し、致命的なまでに政治化した超国家的裁判所」と痛烈に批判。ネット上でも「新疆ウイグル問題で中国に忖度している」との声がある。ICCは本当に不公正な組織なのか。中国を追及できない背景には管轄権の壁がある一方、大国ほど責任追及を免れやすいという弱点もある。しかし、こうした限界があるからといって、ICCそのものを不公正な組織と断じてよいのか。その実像を考える。,https://news.yahoo.co.jp/pickup/6592389,https://news.yahoo.co.jp/articles/2621857ee61818ac81e0fe6134f0f859c19973c4,8/20(木) 14:03
top-picks,Media info not found,女児34人にわいせつ 判決の背景,勤務していた小学校の教室で教え子の女児にわいせつな行為をしたり、その様子を撮影したりしたとして、不同意わいせつなどの罪に問われた元教諭の男（40）に対する判決が話題です。被害者が9歳から12歳まで34人に上り、犯行期間も約2年半と長期に及ぶのに、広島地裁の量刑が懲役9年にとどまったからです。ネット上では「軽すぎる」という批判の声も上がっています。なぜこうした量刑に至ったのか、米国との対比も踏まえて解説します。,https://news.yahoo.co.jp/pickup/6592400,https://news.yahoo.co.jp/articles/0858748dee0c6e359da9317eb1139c936ca2109d,8/20(木) 13:59
top-picks,日テレNEWS NNN,22日決勝 智弁和歌山vs.健大高崎,8/20(木) 13:55,https://news.yahoo.co.jp/pickup/6592398,https://news.yahoo.co.jp/articles/fdd50e0af59214d0f6e9281cdc96b8d720b91715,8/20(木) 13:55
top-picks,TBS NEWS DIG Powered by JNN,特急電車に接触 作業員4人が死亡,8/20(木) 13:40,https://news.yahoo.co.jp/pickup/6592397,https://news.yahoo.co.jp/articles/936101d468dcd34caa92a67a342966ce47b234fb,8/20(木) 13:40
top-picks,Media info not found,外食で「ダブル看板」広がる 戦略,外食業界で一つの店舗に二つのブランドを掲げる「ダブル看板」が広がっている。,https://news.yahoo.co.jp/pickup/6592387,https://prtimes.jp/main/html/rd/p/000000121.000017486.html,8/20(木) 13:32
top-picks,Full-Count,健大高崎 天理を制し夏初の決勝へ,8/20(木) 13:22,https://news.yahoo.co.jp/pickup/6592396,https://news.yahoo.co.jp/articles/e52d618f0d6f86e8e11a2b4e6c314b979aafb278,8/20(木) 13:22
top-picks,Media info not found,フードデリバリー「3強」死角は,KDDI傘下のmenuがフードデリバリー事業から撤退し、市場はUber Eats、出前館、ロケットナウを中心とした「3強」の競争へ向かう。,https://news.yahoo.co.jp/pickup/6592390,https://news.yahoo.co.jp/articles/c3d04d043c24fd4985b69f0aa5bb020a955a2952,8/20(木) 13:20
top-picks,Full-Count,健大高崎 天理との接戦制し決勝へ,8/20(木) 13:03,https://news.yahoo.co.jp/pickup/6592394,https://news.yahoo.co.jp/articles/e52d618f0d6f86e8e11a2b4e6c314b979aafb278,8/20(木) 13:03
top-picks,テレビ朝日系（ANN）,特急に作業員4人はねられ心肺停止,8/20(木) 13:02,https://news.yahoo.co.jp/pickup/6592395,https://news.yahoo.co.jp/articles/c4125c495dae97342b5f0e513217977fe9e14a33,8/20(木) 13:02
top-picks,弁護士ドットコムニュース,県職員処分で私的情報公開 必要か,8/20(木) 12:41,https://news.yahoo.co.jp/pickup/6592392,,8/20(木) 12:41
top-picks,FNNプライムオンライン（フジテレビ系）,線路で特急と接触 作業員4人重体,8/20(木) 12:33,https://news.yahoo.co.jp/pickup/6592393,https://news.yahoo.co.jp/articles/541da733c92f837087e086e4c3c91661d6ea4a6d,8/20(木) 12:33
top-picks,スポーツ報知,織田の進路はMLBも視野 横浜監督,8/20(木) 12:18,https://news.yahoo.co.jp/pickup/6592391,https://news.yahoo.co.jp/articles/714c9932f5bae28893b7254a7c749519b2f65ac5,8/20(木) 12:18
top-picks,オリコン,くら寿司 最低価格の値下げ発表,8/20(木) 12:05,https://news.yahoo.co.jp/pickup/6592386,https://news.yahoo.co.jp/articles/807090d34fd192ff957fc413a3ec9e20f6246c9c,8/20(木) 12:05
top-picks,TBS NEWS DIG Powered by JNN,千葉豪雨1週間 元の生活に戻れず,8/20(木) 12:03,https://news.yahoo.co.jp/pickup/6592385,https://news.yahoo.co.jp/articles/a99e73dc9b531cee440686ea87ef94b7ade9d091,8/20(木) 12:03
top-picks,ENCOUNT,秋山竜次 元マネからCMオファー,8/20(木) 11:59,https://news.yahoo.co.jp/pickup/6592384,https://news.yahoo.co.jp/articles/d8ec802aec64c59de963c13dcccd587531e42866,8/20(木) 11:59
top-picks,共同通信,ロシアでガソリン不足「第2波」,8/20(木) 11:48,https://news.yahoo.co.jp/pickup/6592382,https://news.yahoo.co.jp/articles/d80521e3dc86be562f338fe62d9db8e43274fe26,8/20(木) 11:48
top-picks,TBS CROSS DIG with Bloomberg,中国のアニメ映画 酷評から快進撃,8/20(木) 11:46,https://news.yahoo.co.jp/pickup/6592381,https://news.yahoo.co.jp/articles/1b03da318e680bd5f92bb9e6c8229d091ea8f128,8/20(木) 11:46
top-picks,スポーツナビ,速報 健大高崎が天理をリード,8/20(木) 11:44,https://news.yahoo.co.jp/pickup/6592383,https://news.yahoo.co.jp/articles/acaee757868668258bfbaf4b2e9c6903def108ce,8/20(木) 11:44
top-picks,テレビ朝日系（ANN）,エンジン不具合で航空機停止 成田,8/20(木) 11:40,https://news.yahoo.co.jp/pickup/6592380,https://news.yahoo.co.jp/articles/3d5b587e5e603d97e9e01053dd3c0657caec6084,8/20(木) 11:40
top-picks,SPA!,うどん業界競争 丸亀に急ブレーキ,8/20(木) 11:36,https://news.yahoo.co.jp/pickup/6592377,https://news.yahoo.co.jp/articles/a337631c168d79890a3187dcd68bf13ecf0fa609,8/20(木) 11:36
top-picks,朝日新聞,福岡市の川に女性遺体 殺人と断定,8/20(木) 11:33,https://news.yahoo.co.jp/pickup/6592379,https://news.yahoo.co.jp/articles/6e2d96ec730ac7531d4a3f02b84d1c7b1d8acfae,8/20(木) 11:33
top-picks,共同通信,国産AIシステムの実証始動 政府,8/20(木) 11:31,https://news.yahoo.co.jp/pickup/6592378,,8/20(木) 11:31
top-picks,スポニチアネックス,横浜敗退 乱調の織田は大粒の涙,8/20(木) 11:23,https://news.yahoo.co.jp/pickup/6592375,https://news.yahoo.co.jp/articles/9585fc47d48777b99d73e64a32ec9dd36cb3c770,8/20(木) 11:23
top-picks,産経新聞,米大統領 対イラン制裁発動を表明,8/20(木) 10:55,https://news.yahoo.co.jp/pickup/6592374,https://news.yahoo.co.jp/articles/968a29b9c7b891a3f9f065827270000e368970b6,8/20(木) 10:55
top-picks,東スポWEB,オモロー山下57歳 第1子が誕生,8/20(木) 10:40,https://news.yahoo.co.jp/pickup/6592373,https://news.yahoo.co.jp/articles/d573e41e097e38eed6c9b59d4e207aa0c8196d20,8/20(木) 10:40
top-picks,スポーツナビ,速報甲子園 健大高崎vs.天理,8/20(木) 10:37,https://news.yahoo.co.jp/pickup/6592369,https://news.yahoo.co.jp/articles/acaee757868668258bfbaf4b2e9c6903def108ce,8/20(木) 10:37
top-picks,ベースボールチャンネル,智弁和歌山が横浜に逆転 決勝進出,8/20(木) 10:27,https://news.yahoo.co.jp/pickup/6592372,https://news.yahoo.co.jp/articles/7dc2673e8a5a6f1f89684142dc7530f5390850dc,8/20(木) 10:27
top-picks,ベースボールチャンネル,智弁和歌山 5年ぶりの決勝進出,8/20(木) 10:14,https://news.yahoo.co.jp/pickup/6592371,https://news.yahoo.co.jp/articles/7dc2673e8a5a6f1f89684142dc7530f5390850dc,8/20(木) 10:14
top-picks,magacol,仲里依紗 結婚で自由失いたくない,8/20(木) 9:55,https://news.yahoo.co.jp/pickup/6592368,https://news.yahoo.co.jp/articles/ab7074014fd6762ef66ada86fd109caa2c92748c,8/20(木) 9:55
top-picks,スポーツ報知,横浜・織田3ラン被弾で降板 騒然,8/20(木) 9:19,https://news.yahoo.co.jp/pickup/6592367,https://news.yahoo.co.jp/articles/be18192fbfe9648e2700735dbdffaa07f1f96d46,8/20(木) 9:19
top-picks,TBS NEWS DIG Powered by JNN,残業月45h以内の一律指導見直しへ,8/20(木) 9:16,https://news.yahoo.co.jp/pickup/6592366,https://news.yahoo.co.jp/articles/cb666bc6794a5a9c54670b70f120e35ef0877222,8/20(木) 9:16
top-picks,中国新聞デジタル,広島土砂災害 最愛の妻を失い後悔,8/20(木) 9:16,https://news.yahoo.co.jp/pickup/6592365,https://news.yahoo.co.jp/articles/ec63c2879765b87f60e0582db1239227ba07b978,8/20(木) 9:16
top-picks,CNN.co.jp,英ヘンリー王子夫妻 帰国を計画,8/20(木) 8:57,https://news.yahoo.co.jp/pickup/6592362,https://news.yahoo.co.jp/articles/d70b40fec044089449038671bc1c5c9b1f651a9a,8/20(木) 8:57
top-picks,スポーツナビ,速報 智弁和歌山HRで横浜に逆転,8/20(木) 8:55,https://news.yahoo.co.jp/pickup/6592364,https://news.yahoo.co.jp/articles/62dc75170a383505c6a8b6027111da5375bb973a,8/20(木) 8:55
top-picks,熊本日日新聞,イオン 避難後「客も戻れた」証言,8/20(木) 8:50,https://news.yahoo.co.jp/pickup/6592361,https://news.yahoo.co.jp/articles/afe75a446d27eefb673a498465473792412c8e5a,8/20(木) 8:50
top-picks,スポーツナビ,速報 横浜が智弁和歌山に先制,8/20(木) 8:35,https://news.yahoo.co.jp/pickup/6592360,https://news.yahoo.co.jp/articles/541d11533e7edda9d9d941982456439d57d82f5d,8/20(木) 8:35
top-picks,読売新聞オンライン,ウ軍無人機攻撃 露機を研究・改良,8/20(木) 8:25,https://news.yahoo.co.jp/pickup/6592358,https://news.yahoo.co.jp/articles/64f4bf58d3a431fdead567ed7d99f617a7c79bdb,8/20(木) 8:25
top-picks,神戸新聞NEXT,赤穂市 非正規130人雇い止めへ,8/20(木) 8:23,https://news.yahoo.co.jp/pickup/6592359,https://news.yahoo.co.jp/articles/63a743c83d1f03f8fc28c667f30f1afa903295d8,8/20(木) 8:23
top-picks,日本農業新聞,「エヴァ」とコラボ ショベル人気,8/20(木) 8:05,https://news.yahoo.co.jp/pickup/6592357,https://news.yahoo.co.jp/articles/d93f430ca17ee524708bdd9c58827a0d97a3d035,8/20(木) 8:05
top-picks,スポーツナビ,速報甲子園 智弁和歌山vs.横浜,8/20(木) 7:55,https://news.yahoo.co.jp/pickup/6592353,https://news.yahoo.co.jp/articles/541d11533e7edda9d9d941982456439d57d82f5d,8/20(木) 7:55
top-picks,読売新聞オンライン,万博工事背任疑い 関係者に衝撃,8/20(木) 7:53,https://news.yahoo.co.jp/pickup/6592356,https://news.yahoo.co.jp/articles/01ac12b52d84597238bf89d334a9ff2d3639f689,8/20(木) 7:53
top-picks,tenki.jp,台風18号 来週日本列島に影響恐れ,8/20(木) 7:40,https://news.yahoo.co.jp/pickup/6592355,https://news.yahoo.co.jp/articles/58916845fe3da96cb3e648af4af8cdf63324d513,8/20(木) 7:40
top-picks,京都新聞,直前中止の花火大会 知事「残念」,8/20(木) 7:28,https://news.yahoo.co.jp/pickup/6592354,https://news.yahoo.co.jp/articles/f17cf381d88b3aebc175bea22f30f13b357fe1c0,8/20(木) 7:28
top-picks,スポニチアネックス,オリドラ1藤川 トミージョン手術,8/20(木) 7:18,https://news.yahoo.co.jp/pickup/6592352,https://news.yahoo.co.jp/articles/a3410f38896fc4118f11927643c9f449b11fa722,8/20(木) 7:18
top-picks,ロイター,米大統領 正恩氏と会談の意向表明,8/20(木) 6:55,https://news.yahoo.co.jp/pickup/6592351,https://news.yahoo.co.jp/articles/c88007748c00bf6962fb04c14394cd8c91cf9b2f,8/20(木) 6:55
top-picks,tenki.jp,九州-東海で猛暑日の予想 警戒を,8/20(木) 6:38,https://news.yahoo.co.jp/pickup/6592350,https://news.yahoo.co.jp/articles/28caa2e5c93450d4f4e88b726d05640a048d519f,8/20(木) 6:38
top-picks,ロイター,ICC所長らへの米制裁 相次ぐ非難,8/20(木) 6:28,https://news.yahoo.co.jp/pickup/6592349,https://news.yahoo.co.jp/articles/c3f2b494642055cac932637f418cbf22a3e806e3,8/20(木) 6:28
top-picks,日刊スポーツ,阪神・大山 2試合連続サヨナラ打,8/20(木) 6:18,https://news.yahoo.co.jp/pickup/6592348,https://news.yahoo.co.jp/articles/05e2a86d7b9709d03395b0c8f67cc053a0c94cc4,8/20(木) 6:18
top-picks,オリコン,上白石萌音 ドラマ主演で1人2役,8/20(木) 6:09,https://news.yahoo.co.jp/pickup/6592347,https://news.yahoo.co.jp/articles/1d469ae3b564adcd2085efc0ff53e3cb2af28588,8/20(木) 6:09
top-picks,毎日新聞,8強の有明が熊本帰郷 市民ら歓声,8/19(水) 23:50,https://news.yahoo.co.jp/pickup/6592346,https://news.yahoo.co.jp/articles/a98faf86ac3335542e3076a897740558ef6222aa,8/19(水) 23:50
top-picks,関西テレビ,川遊びで流された男子高校生 死亡,8/19(水) 23:41,https://news.yahoo.co.jp/pickup/6592345,https://news.yahoo.co.jp/articles/441d8e61987a3168cc505815b620c288a7405bf8,8/19(水) 23:41
top-picks,TBS NEWS DIG Powered by JNN,日ハム 6点差逆転でサヨナラ勝ち,8/19(水) 23:29,https://news.yahoo.co.jp/pickup/6592344,https://news.yahoo.co.jp/articles/77253a08ae84e5425bbb36787bcc59551132f1bf,8/19(水) 23:29
top-picks,スポニチアネックス,東野圭吾さん遺作 相次ぐ重版,8/19(水) 23:13,https://news.yahoo.co.jp/pickup/6592342,https://news.yahoo.co.jp/articles/53b4f508c4bf04d3554c6962e187da93b8a32239,8/19(水) 23:13
top-picks,TBS NEWS DIG Powered by JNN,豪雨 千葉市幹線道路の車撤去完了,8/19(水) 22:50,https://news.yahoo.co.jp/pickup/6592341,https://news.yahoo.co.jp/articles/55e6b211c6b7ced42c35de8b0c6ae65f6c8026cd,8/19(水) 22:50
top-picks,オリコン,ロッキン千葉市と県に1千万円寄付,8/19(水) 22:20,https://news.yahoo.co.jp/pickup/6592340,https://news.yahoo.co.jp/articles/06ade137756ce4021913418dde60fc88bed82913,8/19(水) 22:20
top-picks,テレビ朝日系（ANN）,ガチ中華競争激化 レーン回る店も,8/19(水) 22:13,https://news.yahoo.co.jp/pickup/6592339,https://news.yahoo.co.jp/articles/0a6dcab270416e2112b5c89e5d35f11cf133df7d,8/19(水) 22:13
top-picks,ナショナル ジオグラフィック日本版,シロイルカも鏡の自分を認識 研究,8/19(水) 22:07,https://news.yahoo.co.jp/pickup/6592336,https://news.yahoo.co.jp/articles/24d0e4f0c2f88a39a86648934662f46b2fcb9464,8/19(水) 22:07
top-picks,スポニチアネックス,四千頭身・後藤 解散はありません,8/19(水) 21:56,https://news.yahoo.co.jp/pickup/6592337,https://news.yahoo.co.jp/articles/b2ab734b02e3c3c8f5ff0e1481b7026ab652a000,8/19(水) 21:56
top-picks,朝日新聞,JR九州被害額16年地震上回る恐れ,8/19(水) 21:49,https://news.yahoo.co.jp/pickup/6592335,https://news.yahoo.co.jp/articles/38eae8909b202d1657ccf8b43775120c19b84456,8/19(水) 21:49
top-picks,日テレNEWS NNN,千葉豪雨で冠水 内水氾濫が原因か,8/19(水) 21:48,https://news.yahoo.co.jp/pickup/6592334,https://news.yahoo.co.jp/articles/dbabbba5642b69440b10ee9233498ddd4026a0e4,8/19(水) 21:48
top-picks,スポニチアネックス,四千頭身 後藤と石橋ラジオで謝罪,8/19(水) 21:39,https://news.yahoo.co.jp/pickup/6592333,https://news.yahoo.co.jp/articles/b2ab734b02e3c3c8f5ff0e1481b7026ab652a000,8/19(水) 21:39
top-picks,tennis365.net,伊達公子氏 錦織は夢を現実にした,8/19(水) 21:38,https://news.yahoo.co.jp/pickup/6592331,https://news.yahoo.co.jp/articles/8febfc17874308945a892a9f99c33b198b80bfef,8/19(水) 21:38
top-picks,日刊スポーツ,カズ59歳 天皇杯1回戦で2ゴール,8/19(水) 21:14,https://news.yahoo.co.jp/pickup/6592330,https://news.yahoo.co.jp/articles/a3e3591122c24dd407f96808016f8ba5a536179d,8/19(水) 21:14
top-picks,産経新聞,中道落選者ら 政治団体ゴリラ設立,8/19(水) 20:59,https://news.yahoo.co.jp/pickup/6592328,https://news.yahoo.co.jp/articles/def0228f1de8c1ab958930832a9672c7e11b0e88,8/19(水) 20:59
top-picks,スポニチアネックス,F1角田裕毅 オランダGP緊急参戦,8/19(水) 20:53,https://news.yahoo.co.jp/pickup/6592329,https://news.yahoo.co.jp/articles/1052a544e9831472dfb8824f528205e4d5720bbe,8/19(水) 20:53
top-picks,Media info not found,VIVANT物議の「空爆シーン」考察,『VIVANT』第2シーズンで描かれた“空爆”を思わせる映像が波紋を呼んでいる。イスラエルに潜伏している警視庁公安部の野崎守が会食する場面で、窓の外の夜空に赤い爆発が映し出された。これがイスラエル軍によるガザ空爆を連想させるものだとして、SNSで批判の声が相次いでいる。劇中でもガザ情勢について明確に言及されていることから、現実のガザへの空爆を思い浮かべた視聴者がいたのは無理もない。,https://news.yahoo.co.jp/pickup/6592325,https://jisin.jp/entertainment/entertainment-news/2595999/,8/19(水) 20:36
top-picks,Media info not found,大谷「6年連続30本」他の達成者は,　ドジャースの大谷翔平が18日（日本時間19日）、敵地ロッキーズ戦で今季30号2ランを放ち、2021年から6年連続となる30本塁打に到達した。6季以上連続で30本塁打を記録した打者は、大谷がMLB史上35人目。今季はフィリーズのカイル・シュワバーも6季連続を達成している。だが、ウィリー・メイズやマーク・マグワイアら名だたる強打者は6季で記録が止まった。来季も30本を打てば7季連続となる大谷だが、その前には自身ではどうすることもできない「2027年問題」が待ち受けている。,https://news.yahoo.co.jp/pickup/6592313,https://news.yahoo.co.jp/articles/0cbe72f67c4a66a869a4908874bdd5f4b367d81b,8/19(水) 20:24
top-picks,集英社オンライン,呪怨2作品出演 トシオくん役の今,8/19(水) 20:22,https://news.yahoo.co.jp/pickup/6592324,https://news.yahoo.co.jp/articles/3ea941e275d2964f6e19a3b95ccc65a4934d0e9d,8/19(水) 20:22
top-picks,MRT宮崎放送,診察待つ列に車突っ込む 女性死亡,8/19(水) 20:21,https://news.yahoo.co.jp/pickup/6592327,https://news.yahoo.co.jp/articles/5c2a2ef05ca00b24040fe87e6ae9d4ee5afd2683,8/19(水) 20:21
top-picks,集英社オンライン,サマソニでも浮上「熱唱客問題」,8/19(水) 20:18,https://news.yahoo.co.jp/pickup/6592326,https://news.yahoo.co.jp/articles/ec663245064d060ca419f75a9cd878f28078f480,8/19(水) 20:18
top-picks,中海テレビ放送,道沿いに食パン大量投棄 3日連続,8/19(水) 19:30,https://news.yahoo.co.jp/pickup/6592320,https://news.yahoo.co.jp/articles/17f870103d76fc104ff929183068f1b3d0992fee,8/19(水) 19:30
top-picks,tenki.jp,20日 日本海側で激しい雨に注意,8/19(水) 19:25,https://news.yahoo.co.jp/pickup/6592323,https://news.yahoo.co.jp/articles/e40d6fd82320040716d62c8625f5d3f8275bd90c,8/19(水) 19:25
top-picks,朝日新聞,ICC赤根所長に制裁 首相「残念」,8/19(水) 18:41,https://news.yahoo.co.jp/pickup/6592318,https://news.yahoo.co.jp/articles/c12d941ecf014972be1ce02c23ac98fc12ba0e8e,8/19(水) 18:41
top-picks,CBCテレビ,警察が盗難車を追跡 運転手は15歳,8/19(水) 18:26,https://news.yahoo.co.jp/pickup/6592316,https://news.yahoo.co.jp/articles/cd90bc6e20a63fbeee9dd9926923fabf9abf8f49,8/19(水) 18:26
top-picks,ロイター,訪日客 7月として過去最多344万人,8/19(水) 18:25,https://news.yahoo.co.jp/pickup/6592317,https://news.yahoo.co.jp/articles/beab44b91024120c6e725862da8a070f5290ec7f,8/19(水) 18:25
top-picks,朝日新聞,競って電車遅延させた疑い7人立件,8/19(水) 18:07,https://news.yahoo.co.jp/pickup/6592312,https://news.yahoo.co.jp/articles/ee91d52874faae36cc771a8c9082b263f2f86475,8/19(水) 18:07
top-picks,CNN.co.jp,米警察 少女行方不明で霊能者頼る,8/19(水) 18:01,https://news.yahoo.co.jp/pickup/6592308,https://news.yahoo.co.jp/articles/c828a25fd915eea815acd562dd181d752f81f7d9,8/19(水) 18:01
top-picks,SOCCER DIGEST Web,GK鈴木彩艶アストンビラ加入決定,8/19(水) 17:58,https://news.yahoo.co.jp/pickup/6592310,https://news.yahoo.co.jp/articles/694a94343d816967e32c2f129f1ba24a6df865ee,8/19(水) 17:58
top-picks,読売新聞オンライン,動物園のアムールヤマネコ2匹死ぬ,8/19(水) 17:32,https://news.yahoo.co.jp/pickup/6592307,https://news.yahoo.co.jp/articles/bb8bf539e7b5f158509ec79070c8da5713699338,8/19(水) 17:32
top-picks,日テレNEWS NNN,2歳死亡 近隣で以前から子の悲鳴,8/19(水) 17:30,https://news.yahoo.co.jp/pickup/6592304,https://news.yahoo.co.jp/articles/0f79822847d5c9f48a0888bb8032542d32f3c757,8/19(水) 17:30
top-picks,共同通信,ロケット残骸衝突 月にクレーター,8/19(水) 17:20,https://news.yahoo.co.jp/pickup/6592303,https://news.yahoo.co.jp/articles/7a0171576fdf8ac987f73d6e09b752ee5a1c1eab,8/19(水) 17:20
top-picks,オリコン,ココリコ2人 コンビ名由来を回顧,8/19(水) 17:05,https://news.yahoo.co.jp/pickup/6592302,https://news.yahoo.co.jp/articles/04e40bc23fadfc0eb6f8f45d2bb77e90c9b2db79,8/19(水) 17:05
top-picks,毎日新聞,踏切で道ふさぎ殺人未遂疑い 逮捕,8/19(水) 16:59,https://news.yahoo.co.jp/pickup/6592301,https://news.yahoo.co.jp/articles/71752f4ee4b61b05278209b8a826397dfd9f89bb,8/19(水) 16:59
top-picks,デイリースポーツ,横綱・豊昇龍 右膝の手術を明かす,8/19(水) 16:50,https://news.yahoo.co.jp/pickup/6592299,https://news.yahoo.co.jp/articles/d37e6fd74b91e9e1c5f0145d53d21155fa9ecf9d,8/19(水) 16:50
top-picks,スポニチアネックス,脊髄梗塞公表 元中日の石川翔退院,8/19(水) 16:46,https://news.yahoo.co.jp/pickup/6592300,https://news.yahoo.co.jp/articles/696128a85b8a9caf22a73e310441e8720112bccd,8/19(水) 16:46
top-picks,スポニチアネックス,元西武・平井克典 今季限りで引退,8/19(水) 16:34,https://news.yahoo.co.jp/pickup/6592298,https://news.yahoo.co.jp/articles/391c5a7ed05694da8f5f3eba9e0bec9e8c3da185,8/19(水) 16:34
top-picks,朝日新聞,ICC所長へ米制裁 外務省「残念」,8/19(水) 16:28,https://news.yahoo.co.jp/pickup/6592296,https://news.yahoo.co.jp/articles/c12d941ecf014972be1ce02c23ac98fc12ba0e8e,8/19(水) 16:28
top-picks,RCC中国放送,女児34人にわいせつ 元教諭に実刑,8/19(水) 16:19,https://news.yahoo.co.jp/pickup/6592294,https://news.yahoo.co.jp/articles/1aedf4cc3b0b956162b540f96e96efc2f6e1f521,8/19(水) 16:19
top-picks,共同通信,東証続落 中東混乱の景気減速懸念,8/19(水) 16:19,https://news.yahoo.co.jp/pickup/6592295,https://news.yahoo.co.jp/articles/d430ceb1baf64950e9050b95e073daa6cd48fd2d,8/19(水) 16:19
top-picks,熊本日日新聞,陸自個人情報収集「任務の範囲」,8/19(水) 16:06,https://news.yahoo.co.jp/pickup/6592291,https://news.yahoo.co.jp/articles/d977032e0e3b09117ef8cb22889c06c790e2fafd,8/19(水) 16:06
top-picks,産経新聞,万博 盛況の影で工事の不祥事続々,8/19(水) 16:00,https://news.yahoo.co.jp/pickup/6592290,https://news.yahoo.co.jp/articles/3cf7049bee9ec2d2af2a89772d620d636578d5cb,8/19(水) 16:00
top-picks,オトナンサー,制汗剤の塗り直しはNG? 医師解説,8/19(水) 15:43,https://news.yahoo.co.jp/pickup/6592289,https://news.yahoo.co.jp/articles/490dab735df42999fcceea6ea02bd0c425f902fb,8/19(水) 15:43
top-picks,TBS NEWS DIG Powered by JNN,トロ安くなる? マグロ漁獲枠拡大,8/19(水) 15:35,https://news.yahoo.co.jp/pickup/6592288,https://news.yahoo.co.jp/articles/3a4225eab95e7887b40b653c209208ac3e8c46a3,8/19(水) 15:35
top-picks,スポニチアネックス,吉田正尚は残り全休か 重度肉離れ,8/19(水) 15:20,https://news.yahoo.co.jp/pickup/6592287,https://news.yahoo.co.jp/articles/6e92ea3e17f8fc6f3ace662b5a9f28eeffb63177,8/19(水) 15:20
top-picks,映画.com,ジョニデ 新作カリビアンで交渉中,8/19(水) 15:17,https://news.yahoo.co.jp/pickup/6592286,https://news.yahoo.co.jp/articles/d336cba16386d6c486969666079ffeaf7fc5e7db,8/19(水) 15:17
top-picks,読売新聞オンライン,転売目的で大量購入 悪性bot実態,8/19(水) 14:57,https://news.yahoo.co.jp/pickup/6592285,https://news.yahoo.co.jp/articles/de83488c63c0a7a5c9f561efae8b34c67ac5fb31,8/19(水) 14:57
top-picks,CNET Japan,フードデリバリー「menu」終了へ,8/19(水) 14:42,https://news.yahoo.co.jp/pickup/6592284,https://news.yahoo.co.jp/articles/c3d04d043c24fd4985b69f0aa5bb020a955a2952,8/19(水) 14:42
top-picks,読売テレビ,川で遊泳中の17歳流される 重体か,8/19(水) 14:39,https://news.yahoo.co.jp/pickup/6592283,https://news.yahoo.co.jp/articles/c345d046c83f7a9895b0f50d0252b5fd4f0b4ac2,8/19(水) 14:39
top-picks,読売新聞オンライン,ライブ券秒速買い占め botの実態,8/19(水) 14:25,https://news.yahoo.co.jp/pickup/6592282,https://news.yahoo.co.jp/articles/de83488c63c0a7a5c9f561efae8b34c67ac5fb31,8/19(水) 14:25
top-picks,読売新聞オンライン,岸恵子さん死去 真知子巻き大流行,8/19(水) 14:16,https://news.yahoo.co.jp/pickup/6592281,https://news.yahoo.co.jp/articles/b284b307dcb78dc5d24dc6dfb0c9e4220fb7bfb3,8/19(水) 14:16
top-picks,千葉日報オンライン,豪雨 放置車の所有者現れるか懸念,8/19(水) 14:14,https://news.yahoo.co.jp/pickup/6592280,https://news.yahoo.co.jp/articles/e16c5be79e94113b0ad61c232ee881d7b518a1e7,8/19(水) 14:14
top-picks,ABEMA TIMES,報知器鳴り藤井王位避難 対局遅れ,8/19(水) 13:39,https://news.yahoo.co.jp/pickup/6592279,https://news.yahoo.co.jp/articles/4579cf638d1eaa10765750faa1acefbf7f44775b,8/19(水) 13:39
top-picks,Media info not found,洋麺屋五右衛門 出店ラッシュの訳,「洋麺屋五右衛門」の出店が加速している。2025年には西川越、北本、東越谷、巣鴨、練馬など首都圏を中心に相次いで新店を開業。2026年に入ってからも、新宿小田急エース、イオンモールむさし村山、新越谷ヴァリエ、ラゾーナ川崎、海老名マルイなどへの出店が続いている。,https://news.yahoo.co.jp/pickup/6592278,https://finance.yahoo.co.jp/quote/3087.T/financials,8/19(水) 13:17
top-picks,朝日新聞,必要な便器数の算出基準 見直しへ,8/19(水) 13:03,https://news.yahoo.co.jp/pickup/6592277,https://news.yahoo.co.jp/articles/bc1b7026371271a81870b12ea46b7c17e43ec15a,8/19(水) 13:03
top-picks,Media info not found,米大統領娘婿がハマスと協議 背景,米メディアによるとトランプ大統領の娘婿クシュナー氏が8月16日、ガザの武装組織ハマスの代表団とエジプトで会談した。米国はハマスをテロ組織に指定しているため、これまでの交渉は仲介国を通じた間接協議がほとんどで、直接協議は異例だ。,https://news.yahoo.co.jp/pickup/6592273,https://www.aljazeera.com/news/2026/8/17/why-kushner-met-hamas-leaders-and-what-it-means-for-trumps-gaza-roadmap,8/19(水) 12:58
top-picks,Media info not found,洋麺屋五右衛門の出店加速 なぜ,「洋麺屋五右衛門」の出店が加速している。2025年には西川越、北本、東越谷、巣鴨、練馬など首都圏を中心に相次いで新店を開業。2026年に入ってからも、新宿小田急エース、イオンモールむさし村山、新越谷ヴァリエ、ラゾーナ川崎、海老名マルイなどへの出店が続いている。,https://news.yahoo.co.jp/pickup/6592274,https://finance.yahoo.co.jp/quote/3087.T/financials,8/19(水) 12:44
top-picks,Bloomberg,対カナダ50%関税発動を3日延期 米,8/19(水) 12:36,https://news.yahoo.co.jp/pickup/6592276,https://news.yahoo.co.jp/articles/9738985659528e4b062a49b84c9aee719e155112,8/19(水) 12:36
top-picks,日テレNEWS NNN,超党派議員団が訪中へ 中国側招待,8/19(水) 12:34,https://news.yahoo.co.jp/pickup/6592270,https://news.yahoo.co.jp/articles/6cab9d090d043328ab1d78cb87d66859bd935577,8/19(水) 12:34
top-picks,スポニチアネックス,池田直人 佐藤アナとの新婚生活,8/19(水) 12:30,https://news.yahoo.co.jp/pickup/6592271,https://news.yahoo.co.jp/articles/84fd2a9837f8879a2c247a37986114465bc76c82,8/19(水) 12:30
top-picks,朝日新聞,俳優・岸恵子さん死去,8/19(水) 12:12,https://news.yahoo.co.jp/pickup/6592272,https://news.yahoo.co.jp/articles/7e6fa0d2ddc39e6aa4d2eb41528e25b5d163362c,8/19(水) 12:12
top-picks,Full-Count,村上宗隆 ビジョン直撃の豪快29号,8/19(水) 11:59,https://news.yahoo.co.jp/pickup/6592268,https://news.yahoo.co.jp/articles/b9dc28db28b537bdfc61f5a5536c6eacad8b4cd8,8/19(水) 11:59
top-picks,ウェザーマップ,熊本など38℃前後予想 熱中症注意,8/19(水) 11:52,https://news.yahoo.co.jp/pickup/6592266,https://news.yahoo.co.jp/articles/1a59322eac3251c20ea46432734f093f3f19215c,8/19(水) 11:52
top-picks,毎日新聞,ヘルパーがパチンコ 障害者を放置,8/19(水) 11:49,https://news.yahoo.co.jp/pickup/6592267,https://news.yahoo.co.jp/articles/836071acd7668f52812f836d0bede9721c8d328a,8/19(水) 11:49
top-picks,共同通信,日立 日立建機の全株式売却へ,8/19(水) 11:42,https://news.yahoo.co.jp/pickup/6592264,https://news.yahoo.co.jp/articles/3ddb7a03b0e2b771c912b9ed4353c2c0bf789ed0,8/19(水) 11:42
top-picks,関西テレビ,従業員逮捕 竹中工務店がコメント,8/19(水) 11:41,https://news.yahoo.co.jp/pickup/6592265,https://news.yahoo.co.jp/articles/df10d2ce796a0c218c85347fbfd962e5b9755410,8/19(水) 11:41
top-picks,テレビ朝日系（ANN）,カリブ海 海藻で各地のビーチ茶色,8/19(水) 11:37,https://news.yahoo.co.jp/pickup/6592263,https://news.yahoo.co.jp/articles/a02f1d2d3ebded5773641926067224c4a40bd766,8/19(水) 11:37
top-picks,ロイター,米国が赤根所長らに制裁 ICC非難,8/19(水) 11:30,https://news.yahoo.co.jp/pickup/6592261,https://news.yahoo.co.jp/articles/8ab7e0ae53884f2234e06f9d01ff80281d82430a,8/19(水) 11:30
top-picks,FNNプライムオンライン,大腸がん宣告 ボディビル励む男性,8/19(水) 11:25,https://news.yahoo.co.jp/pickup/6592260,https://news.yahoo.co.jp/articles/f5fb894d380f9ca6102cfdf64735f97164a16d98,8/19(水) 11:25
top-picks,CNN.co.jp,米韓軍事演習を短縮 米国側要請で,8/19(水) 11:25,https://news.yahoo.co.jp/pickup/6592262,https://news.yahoo.co.jp/articles/29e9ac1b9cfe3fb56dcfa46ed8684b273919e837,8/19(水) 11:25
top-picks,ENCOUNT,西川貴教 品川-新大阪でゆで卵8個,8/19(水) 11:21,https://news.yahoo.co.jp/pickup/6592259,https://news.yahoo.co.jp/articles/6ce0cbc01f3ed915ce5d069b6c19aa10f87bdb1d,8/19(水) 11:21
top-picks,帝国データバンク,アニメ制作市場 ピークアウトか,8/19(水) 11:02,https://news.yahoo.co.jp/pickup/6592258,https://news.yahoo.co.jp/articles/c58a0fca833556d6a1a9a7557a60ad45703a39a4,8/19(水) 11:02
top-picks,ITmedia ビジネスオンライン,すしやコナン 空港の愛称の効果は,8/19(水) 10:45,https://news.yahoo.co.jp/pickup/6592256,https://news.yahoo.co.jp/articles/03d5abcd44b46f58f6a5d9fed696093a1a26e8d5,8/19(水) 10:45
top-picks,デイリースポーツ,大谷30号 6年連続大台到達の偉業,8/19(水) 10:37,https://news.yahoo.co.jp/pickup/6592257,https://news.yahoo.co.jp/articles/0cbe72f67c4a66a869a4908874bdd5f4b367d81b,8/19(水) 10:37
top-picks,Full-Count,岡本和真 球団の新人最多HR記録,8/19(水) 10:21,https://news.yahoo.co.jp/pickup/6592255,https://news.yahoo.co.jp/articles/7fa3cb9d961df868832dd8c8aadb2497dcf65b3c,8/19(水) 10:21
top-picks,Full-Count,岡本和真が25号 復活の134m弾,8/19(水) 10:15,https://news.yahoo.co.jp/pickup/6592254,https://news.yahoo.co.jp/articles/7fa3cb9d961df868832dd8c8aadb2497dcf65b3c,8/19(水) 10:15
top-picks,読売新聞オンライン,東海汽船 新年会で飲酒後に勤務か,8/19(水) 10:07,https://news.yahoo.co.jp/pickup/6592253,https://news.yahoo.co.jp/articles/bc216b64ebbd1738627259970d8fb576f8055e90,8/19(水) 10:07
top-picks,オリコン,青葉坂46 募集直後から応募殺到,8/19(水) 9:59,https://news.yahoo.co.jp/pickup/6592251,https://news.yahoo.co.jp/articles/8ab596ae844e7671f5a70e33dfcccf7c408032f5,8/19(水) 9:59
top-picks,Media info not found,四千頭身・都築さん 捜査の焦点は,お笑いトリオ「四千頭身」の都築拓紀氏が、東京都迷惑防止条例違反と暴行の容疑で書類送検されました。東京都内の音楽イベントで、面識のない20代女性に対し、スカートの上から下半身を触るなどしたとされています。都築氏は酒に酔っていましたが、容疑をおおむね認め、反省しているといいます。今後の捜査の焦点や刑事処分の行方について解説します。,https://news.yahoo.co.jp/pickup/6592249,https://news.yahoo.co.jp/articles/28ff310d53e7473a0ca8c4b40f0aa037ab1dc103,8/19(水) 9:43
top-picks,TBS NEWS DIG Powered by JNN,日経平均 一時2000円超の値下がり,8/19(水) 9:31,https://news.yahoo.co.jp/pickup/6592250,https://news.yahoo.co.jp/articles/0bbbc361da9500508cb6986d7562af7c52107e1f,8/19(水) 9:31
top-picks,日刊スポーツ,石原さとみ 新ドラマで女ルパン役,8/19(水) 9:16,https://news.yahoo.co.jp/pickup/6592248,https://news.yahoo.co.jp/articles/d1b40f788998484b698ae854a612719a4c91e1ca,8/19(水) 9:16
top-picks,STVニュース北海道,泊原発構内で作業員死亡 約9m転落,8/19(水) 9:14,https://news.yahoo.co.jp/pickup/6592247,https://news.yahoo.co.jp/articles/c5a0809bcb6aa5b661e1744fb46e7a0ca4634c11,8/19(水) 9:14
top-picks,共同通信,日豪 長射程ミサイル試験で協力,8/19(水) 9:12,https://news.yahoo.co.jp/pickup/6592246,https://news.yahoo.co.jp/articles/d81b29294edca0ae0c3e60957fd229e0f3c187f7,8/19(水) 9:12
top-picks,ITmedia NEWS,OpenAIの2人語る 注目の職種FDE,8/19(水) 9:04,https://news.yahoo.co.jp/pickup/6592242,https://news.yahoo.co.jp/articles/0f54edc31d83c32ac9ac1255950078cef81d0dbf,8/19(水) 9:04
top-picks,日刊スポーツ,石原さとみ新ドラマ 脚本に野木氏,8/19(水) 8:52,https://news.yahoo.co.jp/pickup/6592245,https://news.yahoo.co.jp/articles/d1b40f788998484b698ae854a612719a4c91e1ca,8/19(水) 8:52
top-picks,GOAL,バイエルンMF 2試合連続で倒れる,8/19(水) 8:49,https://news.yahoo.co.jp/pickup/6592244,https://news.yahoo.co.jp/articles/af6118e2ccc2804d6c161cf94f15cdc46eda4fdf,8/19(水) 8:49
top-picks,読売新聞オンライン,竹中工務店の万博現場責任者 逮捕,8/19(水) 8:45,https://news.yahoo.co.jp/pickup/6592243,https://news.yahoo.co.jp/articles/4ce4d5fef0441d9381c4b6ba695ab92145dc49c8,8/19(水) 8:45
top-picks,サッカーキング,W杯MVPロドリ バルセロナに加入,8/19(水) 8:16,https://news.yahoo.co.jp/pickup/6592240,https://news.yahoo.co.jp/articles/537f3deb2b16a7f702590b1267109f4596938d49,8/19(水) 8:16
top-picks,FBS福岡放送,高校生3人連携 池で溺れる3人救助,8/19(水) 8:15,https://news.yahoo.co.jp/pickup/6592241,https://news.yahoo.co.jp/articles/fc90386e278462953704b1a80694e1b50064d6ea,8/19(水) 8:15
top-picks,読売テレビ,琵琶湖で魚とりの男性死亡 溺死か,8/19(水) 8:13,https://news.yahoo.co.jp/pickup/6592239,https://news.yahoo.co.jp/articles/4c9367e6c91acd9a66da96ad8262a0ac44fb6f05,8/19(水) 8:13
top-picks,ロイター,イランが弾道ミサイル UAE発表,8/19(水) 8:03,https://news.yahoo.co.jp/pickup/6592237,,8/19(水) 8:03
top-picks,Media info not found,都築拓紀の謹慎 四千頭身どうなる,お笑いトリオ「四千頭身」の都築拓紀が、東京都迷惑防止条例違反と暴行の疑いで書類送検されたことがわかった。報道によると、事件があったのは6月下旬の深夜。都内のイベント会場を訪れていた20代女性に対し、顔を触れるような形で押したほか、スカートの上から下半身を触った疑いが持たれているという。,https://news.yahoo.co.jp/pickup/6592236,https://natalie.mu/owarai/news/685611,8/19(水) 7:51
top-picks,ダイヤモンド・オンライン,ジムニーノマド 担当語るデザイン,8/19(水) 7:41,https://news.yahoo.co.jp/pickup/6592235,https://news.yahoo.co.jp/articles/09350c8370d65e6db2d04e3b59d5e8d6ccc53d6c,8/19(水) 7:41
top-picks,ロイター,ディズニーとABC 米当局を提訴,8/19(水) 7:29,https://news.yahoo.co.jp/pickup/6592234,https://news.yahoo.co.jp/articles/9e9cfee3b8692ef305a879b31499a892d7fbd411,8/19(水) 7:29
top-picks,朝日新聞,豪雨の路上車両600台 撤去へ連携,8/19(水) 6:58,https://news.yahoo.co.jp/pickup/6592233,https://news.yahoo.co.jp/articles/e16c5be79e94113b0ad61c232ee881d7b518a1e7,8/19(水) 6:58
top-picks,tenki.jp,九州～東海で猛暑日続出か 警戒を,8/19(水) 6:42,https://news.yahoo.co.jp/pickup/6592232,https://news.yahoo.co.jp/articles/09ec363d700be67a1bad6b7052054b7a53971180,8/19(水) 6:42
top-picks,朝日新聞,ICC赤根所長らを制裁対象に 米国,8/19(水) 6:25,https://news.yahoo.co.jp/pickup/6592231,https://news.yahoo.co.jp/articles/ecf195bbf5d39cb77928e8624149fdcb4bd112f5,8/19(水) 6:25
top-picks,ABCニュース,草刈りの男性死亡 搬送時体温40℃,8/19(水) 6:17,https://news.yahoo.co.jp/pickup/6592230,https://news.yahoo.co.jp/articles/c82a7e4c44eb84b2201d586fca5fd0dd1ebf7c28,8/19(水) 6:17
top-picks,スポニチアネックス,横浜・江坂のプレー 松坂氏が称賛,8/19(水) 6:10,https://news.yahoo.co.jp/pickup/6592229,https://news.yahoo.co.jp/articles/e62009aeffb6150cd7cc9a96587e282105b2d4d5,8/19(水) 6:10
