ctgry,media_jp,title_pickup,title_articles,link_pickup,link_articles,date_original
top-picks,時事通信,金融庁が企画室新設へ 検査司令塔,8/21(金) 10:44,https://news.yahoo.co.jp/pickup/6592503,https://news.yahoo.co.jp/articles/abb9fe14a827d4ca2f3039e81a4c9ab1c847ed8f,8/21(金) 10:44
top-picks,共同通信,4人死亡 時速50kmで駅構内進入か,8/21(金) 10:34,https://news.yahoo.co.jp/pickup/6592502,https://news.yahoo.co.jp/articles/b9075e4de3ef3d644b36ad9ccfd7ad48996f33a7,8/21(金) 10:34
top-picks,テレビ朝日系（ANN）,金与正氏 米韓同盟は「主従関係」,8/21(金) 10:14,https://news.yahoo.co.jp/pickup/6592500,,8/21(金) 10:14
top-picks,Number Web,織田翔希を智弁和歌山が攻略 真相,8/21(金) 10:13,https://news.yahoo.co.jp/pickup/6592497,https://news.yahoo.co.jp/articles/5632065048da2515ceac0298697b6dc0cc72fa45,8/21(金) 10:13
top-picks,TBS NEWS DIG Powered by JNN,09年の15人死傷放火殺人 死刑執行,8/21(金) 10:04,https://news.yahoo.co.jp/pickup/6592499,,8/21(金) 10:04
top-picks,時事通信,タイ政府 500万人にAI無料提供,8/21(金) 9:33,https://news.yahoo.co.jp/pickup/6592496,https://news.yahoo.co.jp/articles/4ef1956d2012107d6cdddfe6cbd83df615a52921,8/21(金) 9:33
top-picks,テレビ朝日系（ANN）,北 ミサイル発射3回連続報道せず,8/21(金) 9:22,https://news.yahoo.co.jp/pickup/6592495,https://news.yahoo.co.jp/articles/c49e3150bb76ecee7b3df5b0c7bc11735eaef83e,8/21(金) 9:22
top-picks,Media info not found,「みい山」アニメ化 懸念の背景は,漫画『みいちゃんと山田さん』のアニメ化をめぐり、知的障害者支援組織が、偏見を助長しかねないとの意見書を公表しました。アニメ化そのものに一律で反対ではなく「適切なレーティング」を求め、未成年者が気軽に視聴できる環境は望ましくないとして、地上波での放送をけん制しています。映像化を表現の自由の一環として尊重しつつ、それによって偏見が広がるリスクへの自覚を促している形です。,https://news.yahoo.co.jp/pickup/6592494,https://news.yahoo.co.jp/articles/b8a807f45e0be0295b04e8785c41f07a6478d804,8/21(金) 9:10
top-picks,ハンギョレ新聞,SKハイニックス 宮城に工場案,8/21(金) 9:07,https://news.yahoo.co.jp/pickup/6592493,https://news.yahoo.co.jp/articles/cf1bd53c92b91f32f600c82c4e3e4474026f7c01,8/21(金) 9:07
top-picks,下野新聞デジタル,4人死亡 業務上過失致死疑い視野,8/21(金) 9:05,https://news.yahoo.co.jp/pickup/6592491,https://news.yahoo.co.jp/articles/80ca84bdd04a0f73c821408b3f04906dad90281f,8/21(金) 9:05
top-picks,読売新聞オンライン,大規模11私大 理系学生増など検討,8/21(金) 9:03,https://news.yahoo.co.jp/pickup/6592492,https://news.yahoo.co.jp/articles/9380cba9ee08ef2ad442858033968aa786cff3b5,8/21(金) 9:03
top-picks,読売新聞オンライン,防衛事業 再編の企業に国出資方針,8/21(金) 8:35,https://news.yahoo.co.jp/pickup/6592489,https://news.yahoo.co.jp/articles/16b076e6b9780500f2a58e73eb4ff54b4990194e,8/21(金) 8:35
top-picks,Bloomberg,「冷しカプヌ」1週間で供給分完売,8/21(金) 8:23,https://news.yahoo.co.jp/pickup/6592487,https://news.yahoo.co.jp/articles/ea309a230c85c1a18230bcb38f8c1a6c8036bab3,8/21(金) 8:23
top-picks,ウェザーマップ,暑さ続く 北陸・東北は大雨恐れ,8/21(金) 8:16,https://news.yahoo.co.jp/pickup/6592488,,8/21(金) 8:16
top-picks,読売新聞オンライン,防衛事業 統廃合企業に国出資方針,8/21(金) 8:07,https://news.yahoo.co.jp/pickup/6592486,https://news.yahoo.co.jp/articles/16b076e6b9780500f2a58e73eb4ff54b4990194e,8/21(金) 8:07
top-picks,日テレNEWS NNN,北方領土周辺で演習 露が映像公開,8/21(金) 8:02,https://news.yahoo.co.jp/pickup/6592485,,8/21(金) 8:02
top-picks,Media info not found,くら寿司最低価格下げる なぜ逆行,　『くら寿司』が20日、商品価格の見直しを発表しました。9月4日より最低価格を115円から110円に値下げする一方で、これまで最低価格の115円（最低価格は店舗により異なる）で提供していた「サーモン」や「ゆず塩かつおたたき」など33品目については120円へ改定します。,https://news.yahoo.co.jp/pickup/6592483,https://news.yahoo.co.jp/articles/807090d34fd192ff957fc413a3ec9e20f6246c9c,8/21(金) 7:56
top-picks,東海テレビ,小2が味に違和感 配布の水にネジ,8/21(金) 7:28,https://news.yahoo.co.jp/pickup/6592481,,8/21(金) 7:28
top-picks,福島テレビ,経費高騰 全国で減少する花火大会,8/21(金) 7:28,https://news.yahoo.co.jp/pickup/6592479,https://news.yahoo.co.jp/articles/06174ed93921f5ece22c569f707fbaa569453c4b,8/21(金) 7:28
top-picks,オリコン,田中樹 24時間テレビドラマ出演,8/21(金) 7:26,https://news.yahoo.co.jp/pickup/6592480,https://news.yahoo.co.jp/articles/14c7be2a54edb7bb5c1886599a5b3c9691deefd4,8/21(金) 7:26
top-picks,スポニチアネックス,岡本が26号 球団新人最多を更新,8/21(金) 7:12,https://news.yahoo.co.jp/pickup/6592477,https://news.yahoo.co.jp/articles/d58a23aa7e0194bd6dcd8039fb929dbdb609a123,8/21(金) 7:12
top-picks,デイリースポーツ,中日サヨナラ負け 9回異例の敬遠,8/21(金) 6:51,https://news.yahoo.co.jp/pickup/6592476,https://news.yahoo.co.jp/articles/8b6807bbebcab6a7da57706f1077b75c83e230da,8/21(金) 6:51
top-picks,読売新聞オンライン,内閣改造 来月中下旬で首相調整,8/21(金) 6:34,https://news.yahoo.co.jp/pickup/6592475,https://news.yahoo.co.jp/articles/5b1c632dafac972b8c920fbeb148831745e1f0c5,8/21(金) 6:34
top-picks,デイリースポーツ,新庄氏 リクエストは「食い違い」,8/21(金) 6:23,https://news.yahoo.co.jp/pickup/6592474,https://news.yahoo.co.jp/articles/9321ca2ebe882591d20312750c3603e7ab6b2864,8/21(金) 6:23
top-picks,テレビ高知,飛び込みスポット 20歳が意識不明,8/21(金) 6:05,https://news.yahoo.co.jp/pickup/6592473,https://news.yahoo.co.jp/articles/807aed70a170f39d653afaeecf3d73f18e97c217,8/21(金) 6:05
top-picks,BSS山陰放送,道沿いに連日のパン投棄 39kg確認,8/21(金) 0:17,https://news.yahoo.co.jp/pickup/6592472,https://news.yahoo.co.jp/articles/286e8943fc7bd1c3ed825e9185fc5c35a9e3cc66,8/21(金) 0:17
top-picks,共同通信,26年産新米 大幅値下がりの見通し,8/20(木) 23:47,https://news.yahoo.co.jp/pickup/6592471,https://news.yahoo.co.jp/articles/4001a8493fc5df0cdcea0690e326be265e38f2b2,8/20(木) 23:47
top-picks,共同通信,中国 沖縄の帰属を巡り「疑義」,8/20(木) 23:31,https://news.yahoo.co.jp/pickup/6592470,,8/20(木) 23:31
top-picks,TBS NEWS DIG Powered by JNN,郵便事業 縮小も視野に検討開始,8/20(木) 23:05,https://news.yahoo.co.jp/pickup/6592469,https://news.yahoo.co.jp/articles/bef36df62a7257648944033734213566a31c2a9c,8/20(木) 23:05
top-picks,ITmedia NEWS,Amazon 米国でドローン配送拡大,8/20(木) 22:49,https://news.yahoo.co.jp/pickup/6592467,https://news.yahoo.co.jp/articles/1bf9f422a517651a02e9a5ad8ef28042e4356832,8/20(木) 22:49
top-picks,Impress Watch,東京の地図情報サイト 都が公開,8/20(木) 22:49,https://news.yahoo.co.jp/pickup/6592466,https://news.yahoo.co.jp/articles/2896f9efafc9ffeddc9e93a5bc8569a88dfa173f,8/20(木) 22:49
top-picks,産経新聞,4人死亡 退避完了と見張りが合図,8/20(木) 22:32,https://news.yahoo.co.jp/pickup/6592465,https://news.yahoo.co.jp/articles/d7b7dff66cfb4398c4da3e73d0cf6fcab2022827,8/20(木) 22:32
top-picks,スポーツ報知,虎・伊原 暴行疑惑で球団通じ謝罪,8/20(木) 22:26,https://news.yahoo.co.jp/pickup/6592462,https://news.yahoo.co.jp/articles/c9edd7a46726111d7fced51da7378086c8c123d2,8/20(木) 22:26
top-picks,産経新聞,千葉豪雨 農業被害など約19億円,8/20(木) 22:06,https://news.yahoo.co.jp/pickup/6592460,https://news.yahoo.co.jp/articles/7c96f33983f93fcb4b9d3d69afc2553bb3e221e5,8/20(木) 22:06
top-picks,産経新聞,首相 7月就任の英首相と電話会談,8/20(木) 22:03,https://news.yahoo.co.jp/pickup/6592461,https://news.yahoo.co.jp/articles/aced0c41301e45d36588d618bd05b3a18332f418,8/20(木) 22:03
top-picks,BSS山陰放送,道沿いに連日のパン投棄 39㎏確認,8/20(木) 21:44,https://news.yahoo.co.jp/pickup/6592459,https://news.yahoo.co.jp/articles/286e8943fc7bd1c3ed825e9185fc5c35a9e3cc66,8/20(木) 21:44
top-picks,ウェザーマップ,21日 関東など急な雨や雷雨に注意,8/20(木) 21:41,https://news.yahoo.co.jp/pickup/6592458,https://news.yahoo.co.jp/articles/7fa171c135f2b7f674059386a66e7715463fc1f3,8/20(木) 21:41
top-picks,時事通信,中道との連携 連合地方組織で異論,8/20(木) 21:35,https://news.yahoo.co.jp/pickup/6592456,https://news.yahoo.co.jp/articles/18572a40150ce61ebd8e77e0a9c73a76f05aab47,8/20(木) 21:35
top-picks,BSS山陰放送,道沿いに連日パン投棄 鶏レバーも,8/20(木) 21:30,https://news.yahoo.co.jp/pickup/6592455,https://news.yahoo.co.jp/articles/286e8943fc7bd1c3ed825e9185fc5c35a9e3cc66,8/20(木) 21:30
top-picks,毎日新聞,日印 海洋安全保障で協力強化へ,8/20(木) 21:02,https://news.yahoo.co.jp/pickup/6592454,https://news.yahoo.co.jp/articles/9c05530d18862bde146079a9b6b838d27e85eb61,8/20(木) 21:02
top-picks,スポニチアネックス,セントチヒロ・チッチ 活動名統一,8/20(木) 21:01,https://news.yahoo.co.jp/pickup/6592453,https://news.yahoo.co.jp/articles/c206ad91fb8726156261336fdde212174ee69747,8/20(木) 21:01
top-picks,朝日新聞,時間外労働 一律抑制見直しに反発,8/20(木) 20:57,https://news.yahoo.co.jp/pickup/6592452,https://news.yahoo.co.jp/articles/a760a4f099b81ef05c1708c35eeb4a36f02cb354,8/20(木) 20:57
top-picks,スポニチアネックス,審判に不適切接待確認できず JFA,8/20(木) 20:30,https://news.yahoo.co.jp/pickup/6592451,https://news.yahoo.co.jp/articles/f2a6ced44217a4372f53f811ac90f54c25cb575c,8/20(木) 20:30
top-picks,TBS NEWS DIG Powered by JNN,列車に接触し4人死亡 身元判明,8/20(木) 20:24,https://news.yahoo.co.jp/pickup/6592450,https://news.yahoo.co.jp/articles/b5367260fbac414c489dafa782ac17e18ec06b0f,8/20(木) 20:24
top-picks,日刊スポーツ,伊原の疑惑 阪神がおおむね認める,8/20(木) 20:01,https://news.yahoo.co.jp/pickup/6592449,https://news.yahoo.co.jp/articles/231ed742c3b9332c6f5037c32ebd60f708f77751,8/20(木) 20:01
top-picks,Media info not found,北朝鮮の対日批判 激化の背景分析,北朝鮮の、日本に対する「言葉による威嚇」が激しさを増している。金与正（キム・ヨジョン）朝鮮労働党総務部長は19日付の談話で、再軍事化する日本を「軍事的目標」と見なす認識が強まったと明言。北朝鮮軍指導部が日本の脅威を「抑止し、制圧、またはそれ以上に作っておく」ことを軍事戦略の一環と見なし始めたとし、場合によっては日本に対して核兵器を先制使用する可能性すらほのめかした。,https://news.yahoo.co.jp/pickup/6592447,https://dailynk.jp/archives/322318,8/20(木) 19:53
top-picks,Media info not found,メガネにコスメ的な機能 各社注力,メガネは単なる視力補正から、メイク感覚で顔の印象を整えるツールへと変化しています。,https://news.yahoo.co.jp/pickup/6592448,https://twitter.com/fashionpressnet/status/2089963092654583892,8/20(木) 19:51
top-picks,中日スポーツ,DeNA藤浪が3回途中で降板 唇かむ,8/20(木) 19:36,https://news.yahoo.co.jp/pickup/6592446,https://news.yahoo.co.jp/articles/a8eea3d69fb492c8b49572668f3b8d5365ffaf20,8/20(木) 19:36
top-picks,読売新聞オンライン,マンション「共連れ」進む対策,8/20(木) 19:24,https://news.yahoo.co.jp/pickup/6592444,https://news.yahoo.co.jp/articles/c56589d6ade23229e2ca3d9b6d7af6667fd3602c,8/20(木) 19:24
top-picks,広島テレビ　ニュース,子2人の姿が土砂に消え 母の思い,8/20(木) 19:22,https://news.yahoo.co.jp/pickup/6592443,https://news.yahoo.co.jp/articles/eccd049d1deec195d6dc8519d355194ed8c24e83,8/20(木) 19:22
top-picks,朝日新聞,作業員4人死亡 東武鉄道が謝罪,8/20(木) 18:55,https://news.yahoo.co.jp/pickup/6592440,https://news.yahoo.co.jp/articles/d45d7c366ae8978663e090b4eb718fa6029c4f38,8/20(木) 18:55
top-picks,SOCCER DIGEST Web,DF板倉滉 ボルシアMGに電撃復帰,8/20(木) 18:55,https://news.yahoo.co.jp/pickup/6592442,https://news.yahoo.co.jp/articles/69c67f5bcf8b96d9cbd6cbdc06b39773f2c02bac,8/20(木) 18:55
top-picks,Media info not found,散歩中に犬同士がトラブル 注意点,兵庫県姫路市で、散歩中のトイプードルが中型犬にかみつかれ、翌日に死亡した事故をめぐる訴訟で、神戸地裁姫路支部は、被告に慰謝料など約35万5千円の支払いを命じました。,https://news.yahoo.co.jp/pickup/6592441,https://news.yahoo.co.jp/articles/d6054bcc13c0401a20373c0fd11df467e8726618,8/20(木) 18:47
top-picks,静岡放送（SBS）,富士山6合目 1人でいた7歳を救助,8/20(木) 18:42,https://news.yahoo.co.jp/pickup/6592439,,8/20(木) 18:42
top-picks,Media info not found,豚や鶏も肉価格高騰 食卓の今後は,　豚肉と鶏肉の全国平均小売価格が、2003年の調査開始以降で過去最高を更新しました。農林水産省が12日に発表した食品価格動向調査によると、8月の豚肉（ロース）は100グラムあたり前月比3円高の290円と2カ月連続で最高値となっており、鶏肉（もも肉）も同3円高の156円と、6月以来となる過去最高を更新しています。,https://news.yahoo.co.jp/pickup/6592436,https://www.asahi.com/articles/ASV8F2V63V8FULFA019M.html,8/20(木) 18:38
top-picks,テレビ朝日系（ANN）,北発射のミサイルは約10発 韓国軍,8/20(木) 18:32,https://news.yahoo.co.jp/pickup/6592438,https://news.yahoo.co.jp/articles/73594effc03b956e4d331c7e137f82b701725a22,8/20(木) 18:32
top-picks,鹿児島ニュースＫＴＳ,火星衛星探査機 10月20日打ち上げ,8/20(木) 18:29,https://news.yahoo.co.jp/pickup/6592434,https://news.yahoo.co.jp/articles/fdb7b16c7ad2c60173dc609516982b1af2b25bc3,8/20(木) 18:29
top-picks,KAI-YOU,「みい山」アニメ化に懸念 意見書,8/20(木) 18:25,https://news.yahoo.co.jp/pickup/6592433,https://news.yahoo.co.jp/articles/b8a807f45e0be0295b04e8785c41f07a6478d804,8/20(木) 18:25
top-picks,TBS NEWS DIG Powered by JNN,夏にインフル 首都圏で増加傾向,8/20(木) 18:20,https://news.yahoo.co.jp/pickup/6592437,https://news.yahoo.co.jp/articles/7b676123284b9558bc8ffd9a88a0e0295c1aafbf,8/20(木) 18:20
top-picks,Media info not found,愛犬が犬にかまれ 散歩時の注意点,兵庫県姫路市で、散歩中のトイプードルが中型犬にかみつかれ、翌日に死亡した事故をめぐる訴訟で、神戸地裁姫路支部は、被告に慰謝料など約35万5千円の支払いを命じました。,https://news.yahoo.co.jp/pickup/6592429,https://news.yahoo.co.jp/articles/d6054bcc13c0401a20373c0fd11df467e8726618,8/20(木) 18:05
top-picks,,中継 4人死亡受け東武鉄道が会見,8/20(木) 18:01,https://news.yahoo.co.jp/pickup/6592428,,8/20(木) 18:01
top-picks,共同通信,ネコの尿「においの名刺」の働き,8/20(木) 17:52,https://news.yahoo.co.jp/pickup/6592427,https://news.yahoo.co.jp/articles/73535e2bd6cd9abb2399cfd86c72593361cdec76,8/20(木) 17:52
top-picks,朝日新聞,クールジャパン機構廃止へ 経産省,8/20(木) 17:40,https://news.yahoo.co.jp/pickup/6592424,https://news.yahoo.co.jp/articles/6148c4c06979965db4486ede9109b86e998dbb2b,8/20(木) 17:40
top-picks,テレビ朝日系（ANN）,北発射 ミサイルはEEZ外に落下か,8/20(木) 17:33,https://news.yahoo.co.jp/pickup/6592426,https://news.yahoo.co.jp/articles/4199285c2a340ca2c646c7b2f6bd57ddbf0bfefd,8/20(木) 17:33
top-picks,HBCニュース北海道,旭川17歳殺害 遺族がコメント発表,8/20(木) 17:29,https://news.yahoo.co.jp/pickup/6592422,https://news.yahoo.co.jp/articles/94116b16b05f041650a5c392809abff6a225835f,8/20(木) 17:29
top-picks,テレビ朝日系（ANN）,北朝鮮が弾道ミサイルを発射か,8/20(木) 17:17,https://news.yahoo.co.jp/pickup/6592423,https://news.yahoo.co.jp/articles/bd3b38bd52bbcebc34efb717d43abcfe0cc4f293,8/20(木) 17:17
top-picks,スポーツ報知,決勝進出の健大高崎 5試合で2失点,8/20(木) 17:06,https://news.yahoo.co.jp/pickup/6592421,https://news.yahoo.co.jp/articles/8b899ed8e18f00db474c4614aac2ef01d8f0d686,8/20(木) 17:06
top-picks,STVニュース北海道,舟山瑠泉騎手 運転の車が衝突事故,8/20(木) 16:59,https://news.yahoo.co.jp/pickup/6592418,https://news.yahoo.co.jp/articles/4f90e0915671e7823af6bb553a8be50f3bfdf7a1,8/20(木) 16:59
top-picks,テレビ新広島,77人犠牲 広島土砂災害から12年,8/20(木) 16:53,https://news.yahoo.co.jp/pickup/6592420,https://news.yahoo.co.jp/articles/a353b507e63c619cb8ef681e7125a8e1b2866928,8/20(木) 16:53
top-picks,産経新聞,イオン 爆発巡り事故調査委を発足,8/20(木) 16:49,https://news.yahoo.co.jp/pickup/6592419,https://news.yahoo.co.jp/articles/87cd1ac6ef645ec387fa1d88e3d3228f234b59f1,8/20(木) 16:49
top-picks,毎日新聞,4人死亡 見張り役が列車に合図,8/20(木) 16:40,https://news.yahoo.co.jp/pickup/6592417,https://news.yahoo.co.jp/articles/eff72f625409b337e044824fcddaafc813bcbf88,8/20(木) 16:40
top-picks,神戸新聞NEXT,山口組と池田組の特定抗争解除へ,8/20(木) 16:39,https://news.yahoo.co.jp/pickup/6592416,https://news.yahoo.co.jp/articles/5ad6ee4d9d2e90e70f9cd182305aff39778361f6,8/20(木) 16:39
top-picks,スポーツ報知,阪神・伊原を抹消 暴行疑惑報道,8/20(木) 16:25,https://news.yahoo.co.jp/pickup/6592415,https://news.yahoo.co.jp/articles/859ff6884ea5467418f5cef41d8822324cbde518,8/20(木) 16:25
top-picks,東京商工リサーチ,布施博が代表の芸能プロ 破産,8/20(木) 16:21,https://news.yahoo.co.jp/pickup/6592413,,8/20(木) 16:21
top-picks,ロイター,北の核弾頭は80-120発 韓国国防相,8/20(木) 16:20,https://news.yahoo.co.jp/pickup/6592412,https://news.yahoo.co.jp/articles/69eab957b64bd2738bc7cb2d872e3859be839378,8/20(木) 16:20
top-picks,TBS NEWS DIG Powered by JNN,23区新築マンション平均2.6億円超,8/20(木) 16:20,https://news.yahoo.co.jp/pickup/6592414,https://news.yahoo.co.jp/articles/c7090552210914c060eeacd6b4d9ffb17db90a0c,8/20(木) 16:20
top-picks,スポニチアネックス,NPB 2軍戦挙行の暑さ基準明確化,8/20(木) 15:55,https://news.yahoo.co.jp/pickup/6592410,https://news.yahoo.co.jp/articles/52846789d509a6aabd8af5bf3d80ba2cbbfba7e4,8/20(木) 15:55
top-picks,鉄道コム,京王ライナー 10月から立席導入へ,8/20(木) 15:43,https://news.yahoo.co.jp/pickup/6592409,https://news.yahoo.co.jp/articles/e766e7da809c43d5530c1e5466583834845a1c06,8/20(木) 15:43
top-picks,関西テレビ,伊丹21時過ぎる離着陸制限 厳格化,8/20(木) 15:26,https://news.yahoo.co.jp/pickup/6592408,https://news.yahoo.co.jp/articles/9e6d3b9122e278bf628ced6bfbcc19210e94f55a,8/20(木) 15:26
top-picks,tenki.jp,西日本中心に猛烈な暑さ 対策を,8/20(木) 15:05,https://news.yahoo.co.jp/pickup/6592407,https://news.yahoo.co.jp/articles/01aa703add83afda8550c974eaa8870a313e87d8,8/20(木) 15:05
top-picks,Media info not found,赤根所長へ米制裁 ICC組織の実像,トランプ米政権が国際刑事裁判所（ICC）の赤根智子所長らを制裁対象に指定した。ルビオ国務長官はICCを「腐敗し、致命的なまでに政治化した超国家的裁判所」と痛烈に批判。ネット上でも「新疆ウイグル問題で中国に忖度している」との声がある。ICCは本当に不公正な組織なのか。中国を追及できない背景には管轄権の壁がある一方、大国ほど責任追及を免れやすいという弱点もある。しかし、こうした限界があるからといって、ICCそのものを不公正な組織と断じてよいのか。その実像を考える。,https://news.yahoo.co.jp/pickup/6592406,https://news.yahoo.co.jp/articles/2621857ee61818ac81e0fe6134f0f859c19973c4,8/20(木) 14:53
top-picks,テレビ朝日系（ANN）,公園のトイレで男性死亡 熱中症か,8/20(木) 14:41,https://news.yahoo.co.jp/pickup/6592405,,8/20(木) 14:41
top-picks,ロイター,中国恒大創業者に無期懲役判決,8/20(木) 14:40,https://news.yahoo.co.jp/pickup/6592404,https://news.yahoo.co.jp/articles/48e082a6088b8e00e3e66e399f565b3c5a487cc1,8/20(木) 14:40
top-picks,女性自身,いしだ壱成 植毛で取り戻した自信,8/20(木) 14:35,https://news.yahoo.co.jp/pickup/6592402,https://news.yahoo.co.jp/articles/cea35f31eccfdcfd167c51b397bb288450443aaa,8/20(木) 14:35
top-picks,ABEMA TIMES,「対日感情」に変化 韓国若者の今,8/20(木) 14:28,https://news.yahoo.co.jp/pickup/6592401,https://news.yahoo.co.jp/articles/723f866c593821cfadf34e6fb4f016717964936d,8/20(木) 14:28
top-picks,Media info not found,ICC所長へ米制裁 組織の「弱点」,トランプ米政権が国際刑事裁判所（ICC）の赤根智子所長らを制裁対象に指定した。ルビオ国務長官はICCを「腐敗し、致命的なまでに政治化した超国家的裁判所」と痛烈に批判。ネット上でも「新疆ウイグル問題で中国に忖度している」との声がある。ICCは本当に不公正な組織なのか。中国を追及できない背景には管轄権の壁がある一方、大国ほど責任追及を免れやすいという弱点もある。しかし、こうした限界があるからといって、ICCそのものを不公正な組織と断じてよいのか。その実像を考える。,https://news.yahoo.co.jp/pickup/6592389,https://news.yahoo.co.jp/articles/2621857ee61818ac81e0fe6134f0f859c19973c4,8/20(木) 14:03
top-picks,Media info not found,女児34人にわいせつ 判決の背景,勤務していた小学校の教室で教え子の女児にわいせつな行為をしたり、その様子を撮影したりしたとして、不同意わいせつなどの罪に問われた元教諭の男（40）に対する判決が話題です。被害者が9歳から12歳まで34人に上り、犯行期間も約2年半と長期に及ぶのに、広島地裁の量刑が懲役9年にとどまったからです。ネット上では「軽すぎる」という批判の声も上がっています。なぜこうした量刑に至ったのか、米国との対比も踏まえて解説します。,https://news.yahoo.co.jp/pickup/6592400,https://news.yahoo.co.jp/articles/0858748dee0c6e359da9317eb1139c936ca2109d,8/20(木) 13:59
top-picks,日テレNEWS NNN,22日決勝 智弁和歌山vs.健大高崎,8/20(木) 13:55,https://news.yahoo.co.jp/pickup/6592398,https://news.yahoo.co.jp/articles/fdd50e0af59214d0f6e9281cdc96b8d720b91715,8/20(木) 13:55
top-picks,TBS NEWS DIG Powered by JNN,特急電車に接触 作業員4人が死亡,8/20(木) 13:40,https://news.yahoo.co.jp/pickup/6592397,https://news.yahoo.co.jp/articles/936101d468dcd34caa92a67a342966ce47b234fb,8/20(木) 13:40
top-picks,Media info not found,外食で「ダブル看板」広がる 戦略,外食業界で一つの店舗に二つのブランドを掲げる「ダブル看板」が広がっている。,https://news.yahoo.co.jp/pickup/6592387,https://prtimes.jp/main/html/rd/p/000000121.000017486.html,8/20(木) 13:32
top-picks,Full-Count,健大高崎 天理を制し夏初の決勝へ,8/20(木) 13:22,https://news.yahoo.co.jp/pickup/6592396,https://news.yahoo.co.jp/articles/e52d618f0d6f86e8e11a2b4e6c314b979aafb278,8/20(木) 13:22
top-picks,Media info not found,フードデリバリー「3強」死角は,KDDI傘下のmenuがフードデリバリー事業から撤退し、市場はUber Eats、出前館、ロケットナウを中心とした「3強」の競争へ向かう。,https://news.yahoo.co.jp/pickup/6592390,https://news.yahoo.co.jp/articles/c3d04d043c24fd4985b69f0aa5bb020a955a2952,8/20(木) 13:20
top-picks,Full-Count,健大高崎 天理との接戦制し決勝へ,8/20(木) 13:03,https://news.yahoo.co.jp/pickup/6592394,https://news.yahoo.co.jp/articles/e52d618f0d6f86e8e11a2b4e6c314b979aafb278,8/20(木) 13:03
top-picks,テレビ朝日系（ANN）,特急に作業員4人はねられ心肺停止,8/20(木) 13:02,https://news.yahoo.co.jp/pickup/6592395,https://news.yahoo.co.jp/articles/c4125c495dae97342b5f0e513217977fe9e14a33,8/20(木) 13:02
top-picks,弁護士ドットコムニュース,県職員処分で私的情報公開 必要か,8/20(木) 12:41,https://news.yahoo.co.jp/pickup/6592392,,8/20(木) 12:41
top-picks,FNNプライムオンライン（フジテレビ系）,線路で特急と接触 作業員4人重体,8/20(木) 12:33,https://news.yahoo.co.jp/pickup/6592393,https://news.yahoo.co.jp/articles/541da733c92f837087e086e4c3c91661d6ea4a6d,8/20(木) 12:33
top-picks,スポーツ報知,織田の進路はMLBも視野 横浜監督,8/20(木) 12:18,https://news.yahoo.co.jp/pickup/6592391,https://news.yahoo.co.jp/articles/714c9932f5bae28893b7254a7c749519b2f65ac5,8/20(木) 12:18
top-picks,オリコン,くら寿司 最低価格の値下げ発表,8/20(木) 12:05,https://news.yahoo.co.jp/pickup/6592386,https://news.yahoo.co.jp/articles/807090d34fd192ff957fc413a3ec9e20f6246c9c,8/20(木) 12:05
top-picks,TBS NEWS DIG Powered by JNN,千葉豪雨1週間 元の生活に戻れず,8/20(木) 12:03,https://news.yahoo.co.jp/pickup/6592385,https://news.yahoo.co.jp/articles/a99e73dc9b531cee440686ea87ef94b7ade9d091,8/20(木) 12:03
top-picks,ENCOUNT,秋山竜次 元マネからCMオファー,8/20(木) 11:59,https://news.yahoo.co.jp/pickup/6592384,https://news.yahoo.co.jp/articles/d8ec802aec64c59de963c13dcccd587531e42866,8/20(木) 11:59
top-picks,共同通信,ロシアでガソリン不足「第2波」,8/20(木) 11:48,https://news.yahoo.co.jp/pickup/6592382,https://news.yahoo.co.jp/articles/d80521e3dc86be562f338fe62d9db8e43274fe26,8/20(木) 11:48
top-picks,TBS CROSS DIG with Bloomberg,中国のアニメ映画 酷評から快進撃,8/20(木) 11:46,https://news.yahoo.co.jp/pickup/6592381,https://news.yahoo.co.jp/articles/1b03da318e680bd5f92bb9e6c8229d091ea8f128,8/20(木) 11:46
top-picks,スポーツナビ,速報 健大高崎が天理をリード,8/20(木) 11:44,https://news.yahoo.co.jp/pickup/6592383,https://news.yahoo.co.jp/articles/acaee757868668258bfbaf4b2e9c6903def108ce,8/20(木) 11:44
top-picks,テレビ朝日系（ANN）,エンジン不具合で航空機停止 成田,8/20(木) 11:40,https://news.yahoo.co.jp/pickup/6592380,https://news.yahoo.co.jp/articles/3d5b587e5e603d97e9e01053dd3c0657caec6084,8/20(木) 11:40
top-picks,SPA!,うどん業界競争 丸亀に急ブレーキ,8/20(木) 11:36,https://news.yahoo.co.jp/pickup/6592377,https://news.yahoo.co.jp/articles/a337631c168d79890a3187dcd68bf13ecf0fa609,8/20(木) 11:36
top-picks,朝日新聞,福岡市の川に女性遺体 殺人と断定,8/20(木) 11:33,https://news.yahoo.co.jp/pickup/6592379,https://news.yahoo.co.jp/articles/6e2d96ec730ac7531d4a3f02b84d1c7b1d8acfae,8/20(木) 11:33
top-picks,共同通信,国産AIシステムの実証始動 政府,8/20(木) 11:31,https://news.yahoo.co.jp/pickup/6592378,,8/20(木) 11:31
top-picks,スポニチアネックス,横浜敗退 乱調の織田は大粒の涙,8/20(木) 11:23,https://news.yahoo.co.jp/pickup/6592375,https://news.yahoo.co.jp/articles/9585fc47d48777b99d73e64a32ec9dd36cb3c770,8/20(木) 11:23
top-picks,産経新聞,米大統領 対イラン制裁発動を表明,8/20(木) 10:55,https://news.yahoo.co.jp/pickup/6592374,https://news.yahoo.co.jp/articles/968a29b9c7b891a3f9f065827270000e368970b6,8/20(木) 10:55
top-picks,東スポWEB,オモロー山下57歳 第1子が誕生,8/20(木) 10:40,https://news.yahoo.co.jp/pickup/6592373,https://news.yahoo.co.jp/articles/d573e41e097e38eed6c9b59d4e207aa0c8196d20,8/20(木) 10:40
top-picks,スポーツナビ,速報甲子園 健大高崎vs.天理,8/20(木) 10:37,https://news.yahoo.co.jp/pickup/6592369,https://news.yahoo.co.jp/articles/acaee757868668258bfbaf4b2e9c6903def108ce,8/20(木) 10:37
top-picks,ベースボールチャンネル,智弁和歌山が横浜に逆転 決勝進出,8/20(木) 10:27,https://news.yahoo.co.jp/pickup/6592372,https://news.yahoo.co.jp/articles/7dc2673e8a5a6f1f89684142dc7530f5390850dc,8/20(木) 10:27
top-picks,ベースボールチャンネル,智弁和歌山 5年ぶりの決勝進出,8/20(木) 10:14,https://news.yahoo.co.jp/pickup/6592371,https://news.yahoo.co.jp/articles/7dc2673e8a5a6f1f89684142dc7530f5390850dc,8/20(木) 10:14
top-picks,magacol,仲里依紗 結婚で自由失いたくない,8/20(木) 9:55,https://news.yahoo.co.jp/pickup/6592368,https://news.yahoo.co.jp/articles/ab7074014fd6762ef66ada86fd109caa2c92748c,8/20(木) 9:55
top-picks,スポーツ報知,横浜・織田3ラン被弾で降板 騒然,8/20(木) 9:19,https://news.yahoo.co.jp/pickup/6592367,https://news.yahoo.co.jp/articles/be18192fbfe9648e2700735dbdffaa07f1f96d46,8/20(木) 9:19
top-picks,TBS NEWS DIG Powered by JNN,残業月45h以内の一律指導見直しへ,8/20(木) 9:16,https://news.yahoo.co.jp/pickup/6592366,https://news.yahoo.co.jp/articles/cb666bc6794a5a9c54670b70f120e35ef0877222,8/20(木) 9:16
top-picks,中国新聞デジタル,広島土砂災害 最愛の妻を失い後悔,8/20(木) 9:16,https://news.yahoo.co.jp/pickup/6592365,https://news.yahoo.co.jp/articles/ec63c2879765b87f60e0582db1239227ba07b978,8/20(木) 9:16
top-picks,CNN.co.jp,英ヘンリー王子夫妻 帰国を計画,8/20(木) 8:57,https://news.yahoo.co.jp/pickup/6592362,https://news.yahoo.co.jp/articles/d70b40fec044089449038671bc1c5c9b1f651a9a,8/20(木) 8:57
top-picks,スポーツナビ,速報 智弁和歌山HRで横浜に逆転,8/20(木) 8:55,https://news.yahoo.co.jp/pickup/6592364,https://news.yahoo.co.jp/articles/62dc75170a383505c6a8b6027111da5375bb973a,8/20(木) 8:55
top-picks,熊本日日新聞,イオン 避難後「客も戻れた」証言,8/20(木) 8:50,https://news.yahoo.co.jp/pickup/6592361,https://news.yahoo.co.jp/articles/afe75a446d27eefb673a498465473792412c8e5a,8/20(木) 8:50
top-picks,スポーツナビ,速報 横浜が智弁和歌山に先制,8/20(木) 8:35,https://news.yahoo.co.jp/pickup/6592360,https://news.yahoo.co.jp/articles/541d11533e7edda9d9d941982456439d57d82f5d,8/20(木) 8:35
top-picks,読売新聞オンライン,ウ軍無人機攻撃 露機を研究・改良,8/20(木) 8:25,https://news.yahoo.co.jp/pickup/6592358,https://news.yahoo.co.jp/articles/64f4bf58d3a431fdead567ed7d99f617a7c79bdb,8/20(木) 8:25
top-picks,神戸新聞NEXT,赤穂市 非正規130人雇い止めへ,8/20(木) 8:23,https://news.yahoo.co.jp/pickup/6592359,https://news.yahoo.co.jp/articles/63a743c83d1f03f8fc28c667f30f1afa903295d8,8/20(木) 8:23
top-picks,日本農業新聞,「エヴァ」とコラボ ショベル人気,8/20(木) 8:05,https://news.yahoo.co.jp/pickup/6592357,https://news.yahoo.co.jp/articles/d93f430ca17ee524708bdd9c58827a0d97a3d035,8/20(木) 8:05
top-picks,スポーツナビ,速報甲子園 智弁和歌山vs.横浜,8/20(木) 7:55,https://news.yahoo.co.jp/pickup/6592353,https://news.yahoo.co.jp/articles/541d11533e7edda9d9d941982456439d57d82f5d,8/20(木) 7:55
top-picks,読売新聞オンライン,万博工事背任疑い 関係者に衝撃,8/20(木) 7:53,https://news.yahoo.co.jp/pickup/6592356,https://news.yahoo.co.jp/articles/01ac12b52d84597238bf89d334a9ff2d3639f689,8/20(木) 7:53
top-picks,tenki.jp,台風18号 来週日本列島に影響恐れ,8/20(木) 7:40,https://news.yahoo.co.jp/pickup/6592355,https://news.yahoo.co.jp/articles/58916845fe3da96cb3e648af4af8cdf63324d513,8/20(木) 7:40
top-picks,京都新聞,直前中止の花火大会 知事「残念」,8/20(木) 7:28,https://news.yahoo.co.jp/pickup/6592354,https://news.yahoo.co.jp/articles/f17cf381d88b3aebc175bea22f30f13b357fe1c0,8/20(木) 7:28
top-picks,スポニチアネックス,オリドラ1藤川 トミージョン手術,8/20(木) 7:18,https://news.yahoo.co.jp/pickup/6592352,https://news.yahoo.co.jp/articles/a3410f38896fc4118f11927643c9f449b11fa722,8/20(木) 7:18
top-picks,ロイター,米大統領 正恩氏と会談の意向表明,8/20(木) 6:55,https://news.yahoo.co.jp/pickup/6592351,https://news.yahoo.co.jp/articles/c88007748c00bf6962fb04c14394cd8c91cf9b2f,8/20(木) 6:55
top-picks,tenki.jp,九州-東海で猛暑日の予想 警戒を,8/20(木) 6:38,https://news.yahoo.co.jp/pickup/6592350,https://news.yahoo.co.jp/articles/28caa2e5c93450d4f4e88b726d05640a048d519f,8/20(木) 6:38
top-picks,ロイター,ICC所長らへの米制裁 相次ぐ非難,8/20(木) 6:28,https://news.yahoo.co.jp/pickup/6592349,https://news.yahoo.co.jp/articles/c3f2b494642055cac932637f418cbf22a3e806e3,8/20(木) 6:28
top-picks,日刊スポーツ,阪神・大山 2試合連続サヨナラ打,8/20(木) 6:18,https://news.yahoo.co.jp/pickup/6592348,https://news.yahoo.co.jp/articles/05e2a86d7b9709d03395b0c8f67cc053a0c94cc4,8/20(木) 6:18
top-picks,オリコン,上白石萌音 ドラマ主演で1人2役,8/20(木) 6:09,https://news.yahoo.co.jp/pickup/6592347,https://news.yahoo.co.jp/articles/1d469ae3b564adcd2085efc0ff53e3cb2af28588,8/20(木) 6:09
top-picks,毎日新聞,8強の有明が熊本帰郷 市民ら歓声,8/19(水) 23:50,https://news.yahoo.co.jp/pickup/6592346,https://news.yahoo.co.jp/articles/a98faf86ac3335542e3076a897740558ef6222aa,8/19(水) 23:50
top-picks,関西テレビ,川遊びで流された男子高校生 死亡,8/19(水) 23:41,https://news.yahoo.co.jp/pickup/6592345,https://news.yahoo.co.jp/articles/441d8e61987a3168cc505815b620c288a7405bf8,8/19(水) 23:41
top-picks,TBS NEWS DIG Powered by JNN,日ハム 6点差逆転でサヨナラ勝ち,8/19(水) 23:29,https://news.yahoo.co.jp/pickup/6592344,https://news.yahoo.co.jp/articles/77253a08ae84e5425bbb36787bcc59551132f1bf,8/19(水) 23:29
top-picks,スポニチアネックス,東野圭吾さん遺作 相次ぐ重版,8/19(水) 23:13,https://news.yahoo.co.jp/pickup/6592342,https://news.yahoo.co.jp/articles/53b4f508c4bf04d3554c6962e187da93b8a32239,8/19(水) 23:13
top-picks,TBS NEWS DIG Powered by JNN,豪雨 千葉市幹線道路の車撤去完了,8/19(水) 22:50,https://news.yahoo.co.jp/pickup/6592341,https://news.yahoo.co.jp/articles/55e6b211c6b7ced42c35de8b0c6ae65f6c8026cd,8/19(水) 22:50
top-picks,オリコン,ロッキン千葉市と県に1千万円寄付,8/19(水) 22:20,https://news.yahoo.co.jp/pickup/6592340,https://news.yahoo.co.jp/articles/06ade137756ce4021913418dde60fc88bed82913,8/19(水) 22:20
top-picks,テレビ朝日系（ANN）,ガチ中華競争激化 レーン回る店も,8/19(水) 22:13,https://news.yahoo.co.jp/pickup/6592339,https://news.yahoo.co.jp/articles/0a6dcab270416e2112b5c89e5d35f11cf133df7d,8/19(水) 22:13
top-picks,ナショナル ジオグラフィック日本版,シロイルカも鏡の自分を認識 研究,8/19(水) 22:07,https://news.yahoo.co.jp/pickup/6592336,https://news.yahoo.co.jp/articles/24d0e4f0c2f88a39a86648934662f46b2fcb9464,8/19(水) 22:07
top-picks,スポニチアネックス,四千頭身・後藤 解散はありません,8/19(水) 21:56,https://news.yahoo.co.jp/pickup/6592337,https://news.yahoo.co.jp/articles/b2ab734b02e3c3c8f5ff0e1481b7026ab652a000,8/19(水) 21:56
top-picks,朝日新聞,JR九州被害額16年地震上回る恐れ,8/19(水) 21:49,https://news.yahoo.co.jp/pickup/6592335,https://news.yahoo.co.jp/articles/38eae8909b202d1657ccf8b43775120c19b84456,8/19(水) 21:49
top-picks,日テレNEWS NNN,千葉豪雨で冠水 内水氾濫が原因か,8/19(水) 21:48,https://news.yahoo.co.jp/pickup/6592334,https://news.yahoo.co.jp/articles/dbabbba5642b69440b10ee9233498ddd4026a0e4,8/19(水) 21:48
top-picks,スポニチアネックス,四千頭身 後藤と石橋ラジオで謝罪,8/19(水) 21:39,https://news.yahoo.co.jp/pickup/6592333,https://news.yahoo.co.jp/articles/b2ab734b02e3c3c8f5ff0e1481b7026ab652a000,8/19(水) 21:39
top-picks,tennis365.net,伊達公子氏 錦織は夢を現実にした,8/19(水) 21:38,https://news.yahoo.co.jp/pickup/6592331,https://news.yahoo.co.jp/articles/8febfc17874308945a892a9f99c33b198b80bfef,8/19(水) 21:38
top-picks,日刊スポーツ,カズ59歳 天皇杯1回戦で2ゴール,8/19(水) 21:14,https://news.yahoo.co.jp/pickup/6592330,https://news.yahoo.co.jp/articles/a3e3591122c24dd407f96808016f8ba5a536179d,8/19(水) 21:14
top-picks,産経新聞,中道落選者ら 政治団体ゴリラ設立,8/19(水) 20:59,https://news.yahoo.co.jp/pickup/6592328,https://news.yahoo.co.jp/articles/def0228f1de8c1ab958930832a9672c7e11b0e88,8/19(水) 20:59
top-picks,スポニチアネックス,F1角田裕毅 オランダGP緊急参戦,8/19(水) 20:53,https://news.yahoo.co.jp/pickup/6592329,https://news.yahoo.co.jp/articles/1052a544e9831472dfb8824f528205e4d5720bbe,8/19(水) 20:53
top-picks,Media info not found,VIVANT物議の「空爆シーン」考察,『VIVANT』第2シーズンで描かれた“空爆”を思わせる映像が波紋を呼んでいる。イスラエルに潜伏している警視庁公安部の野崎守が会食する場面で、窓の外の夜空に赤い爆発が映し出された。これがイスラエル軍によるガザ空爆を連想させるものだとして、SNSで批判の声が相次いでいる。劇中でもガザ情勢について明確に言及されていることから、現実のガザへの空爆を思い浮かべた視聴者がいたのは無理もない。,https://news.yahoo.co.jp/pickup/6592325,https://jisin.jp/entertainment/entertainment-news/2595999/,8/19(水) 20:36
top-picks,Media info not found,大谷「6年連続30本」他の達成者は,　ドジャースの大谷翔平が18日（日本時間19日）、敵地ロッキーズ戦で今季30号2ランを放ち、2021年から6年連続となる30本塁打に到達した。6季以上連続で30本塁打を記録した打者は、大谷がMLB史上35人目。今季はフィリーズのカイル・シュワバーも6季連続を達成している。だが、ウィリー・メイズやマーク・マグワイアら名だたる強打者は6季で記録が止まった。来季も30本を打てば7季連続となる大谷だが、その前には自身ではどうすることもできない「2027年問題」が待ち受けている。,https://news.yahoo.co.jp/pickup/6592313,https://news.yahoo.co.jp/articles/0cbe72f67c4a66a869a4908874bdd5f4b367d81b,8/19(水) 20:24
top-picks,集英社オンライン,呪怨2作品出演 トシオくん役の今,8/19(水) 20:22,https://news.yahoo.co.jp/pickup/6592324,https://news.yahoo.co.jp/articles/3ea941e275d2964f6e19a3b95ccc65a4934d0e9d,8/19(水) 20:22
top-picks,MRT宮崎放送,診察待つ列に車突っ込む 女性死亡,8/19(水) 20:21,https://news.yahoo.co.jp/pickup/6592327,https://news.yahoo.co.jp/articles/5c2a2ef05ca00b24040fe87e6ae9d4ee5afd2683,8/19(水) 20:21
top-picks,集英社オンライン,サマソニでも浮上「熱唱客問題」,8/19(水) 20:18,https://news.yahoo.co.jp/pickup/6592326,https://news.yahoo.co.jp/articles/ec663245064d060ca419f75a9cd878f28078f480,8/19(水) 20:18
top-picks,中海テレビ放送,道沿いに食パン大量投棄 3日連続,8/19(水) 19:30,https://news.yahoo.co.jp/pickup/6592320,https://news.yahoo.co.jp/articles/17f870103d76fc104ff929183068f1b3d0992fee,8/19(水) 19:30
top-picks,tenki.jp,20日 日本海側で激しい雨に注意,8/19(水) 19:25,https://news.yahoo.co.jp/pickup/6592323,https://news.yahoo.co.jp/articles/e40d6fd82320040716d62c8625f5d3f8275bd90c,8/19(水) 19:25
top-picks,朝日新聞,ICC赤根所長に制裁 首相「残念」,8/19(水) 18:41,https://news.yahoo.co.jp/pickup/6592318,https://news.yahoo.co.jp/articles/c12d941ecf014972be1ce02c23ac98fc12ba0e8e,8/19(水) 18:41
top-picks,CBCテレビ,警察が盗難車を追跡 運転手は15歳,8/19(水) 18:26,https://news.yahoo.co.jp/pickup/6592316,https://news.yahoo.co.jp/articles/cd90bc6e20a63fbeee9dd9926923fabf9abf8f49,8/19(水) 18:26
top-picks,ロイター,訪日客 7月として過去最多344万人,8/19(水) 18:25,https://news.yahoo.co.jp/pickup/6592317,https://news.yahoo.co.jp/articles/beab44b91024120c6e725862da8a070f5290ec7f,8/19(水) 18:25
top-picks,朝日新聞,競って電車遅延させた疑い7人立件,8/19(水) 18:07,https://news.yahoo.co.jp/pickup/6592312,https://news.yahoo.co.jp/articles/ee91d52874faae36cc771a8c9082b263f2f86475,8/19(水) 18:07
top-picks,CNN.co.jp,米警察 少女行方不明で霊能者頼る,8/19(水) 18:01,https://news.yahoo.co.jp/pickup/6592308,https://news.yahoo.co.jp/articles/c828a25fd915eea815acd562dd181d752f81f7d9,8/19(水) 18:01
top-picks,SOCCER DIGEST Web,GK鈴木彩艶アストンビラ加入決定,8/19(水) 17:58,https://news.yahoo.co.jp/pickup/6592310,https://news.yahoo.co.jp/articles/694a94343d816967e32c2f129f1ba24a6df865ee,8/19(水) 17:58
top-picks,読売新聞オンライン,動物園のアムールヤマネコ2匹死ぬ,8/19(水) 17:32,https://news.yahoo.co.jp/pickup/6592307,https://news.yahoo.co.jp/articles/bb8bf539e7b5f158509ec79070c8da5713699338,8/19(水) 17:32
top-picks,日テレNEWS NNN,2歳死亡 近隣で以前から子の悲鳴,8/19(水) 17:30,https://news.yahoo.co.jp/pickup/6592304,https://news.yahoo.co.jp/articles/0f79822847d5c9f48a0888bb8032542d32f3c757,8/19(水) 17:30
top-picks,共同通信,ロケット残骸衝突 月にクレーター,8/19(水) 17:20,https://news.yahoo.co.jp/pickup/6592303,https://news.yahoo.co.jp/articles/7a0171576fdf8ac987f73d6e09b752ee5a1c1eab,8/19(水) 17:20
top-picks,オリコン,ココリコ2人 コンビ名由来を回顧,8/19(水) 17:05,https://news.yahoo.co.jp/pickup/6592302,https://news.yahoo.co.jp/articles/04e40bc23fadfc0eb6f8f45d2bb77e90c9b2db79,8/19(水) 17:05
top-picks,毎日新聞,踏切で道ふさぎ殺人未遂疑い 逮捕,8/19(水) 16:59,https://news.yahoo.co.jp/pickup/6592301,https://news.yahoo.co.jp/articles/71752f4ee4b61b05278209b8a826397dfd9f89bb,8/19(水) 16:59
top-picks,デイリースポーツ,横綱・豊昇龍 右膝の手術を明かす,8/19(水) 16:50,https://news.yahoo.co.jp/pickup/6592299,https://news.yahoo.co.jp/articles/d37e6fd74b91e9e1c5f0145d53d21155fa9ecf9d,8/19(水) 16:50
top-picks,スポニチアネックス,脊髄梗塞公表 元中日の石川翔退院,8/19(水) 16:46,https://news.yahoo.co.jp/pickup/6592300,https://news.yahoo.co.jp/articles/696128a85b8a9caf22a73e310441e8720112bccd,8/19(水) 16:46
top-picks,スポニチアネックス,元西武・平井克典 今季限りで引退,8/19(水) 16:34,https://news.yahoo.co.jp/pickup/6592298,https://news.yahoo.co.jp/articles/391c5a7ed05694da8f5f3eba9e0bec9e8c3da185,8/19(水) 16:34
top-picks,朝日新聞,ICC所長へ米制裁 外務省「残念」,8/19(水) 16:28,https://news.yahoo.co.jp/pickup/6592296,https://news.yahoo.co.jp/articles/c12d941ecf014972be1ce02c23ac98fc12ba0e8e,8/19(水) 16:28
top-picks,RCC中国放送,女児34人にわいせつ 元教諭に実刑,8/19(水) 16:19,https://news.yahoo.co.jp/pickup/6592294,https://news.yahoo.co.jp/articles/1aedf4cc3b0b956162b540f96e96efc2f6e1f521,8/19(水) 16:19
top-picks,共同通信,東証続落 中東混乱の景気減速懸念,8/19(水) 16:19,https://news.yahoo.co.jp/pickup/6592295,https://news.yahoo.co.jp/articles/d430ceb1baf64950e9050b95e073daa6cd48fd2d,8/19(水) 16:19
top-picks,熊本日日新聞,陸自個人情報収集「任務の範囲」,8/19(水) 16:06,https://news.yahoo.co.jp/pickup/6592291,https://news.yahoo.co.jp/articles/d977032e0e3b09117ef8cb22889c06c790e2fafd,8/19(水) 16:06
top-picks,産経新聞,万博 盛況の影で工事の不祥事続々,8/19(水) 16:00,https://news.yahoo.co.jp/pickup/6592290,https://news.yahoo.co.jp/articles/3cf7049bee9ec2d2af2a89772d620d636578d5cb,8/19(水) 16:00
top-picks,オトナンサー,制汗剤の塗り直しはNG? 医師解説,8/19(水) 15:43,https://news.yahoo.co.jp/pickup/6592289,https://news.yahoo.co.jp/articles/490dab735df42999fcceea6ea02bd0c425f902fb,8/19(水) 15:43
top-picks,TBS NEWS DIG Powered by JNN,トロ安くなる? マグロ漁獲枠拡大,8/19(水) 15:35,https://news.yahoo.co.jp/pickup/6592288,https://news.yahoo.co.jp/articles/3a4225eab95e7887b40b653c209208ac3e8c46a3,8/19(水) 15:35
top-picks,スポニチアネックス,吉田正尚は残り全休か 重度肉離れ,8/19(水) 15:20,https://news.yahoo.co.jp/pickup/6592287,https://news.yahoo.co.jp/articles/6e92ea3e17f8fc6f3ace662b5a9f28eeffb63177,8/19(水) 15:20
top-picks,映画.com,ジョニデ 新作カリビアンで交渉中,8/19(水) 15:17,https://news.yahoo.co.jp/pickup/6592286,https://news.yahoo.co.jp/articles/d336cba16386d6c486969666079ffeaf7fc5e7db,8/19(水) 15:17
top-picks,読売新聞オンライン,転売目的で大量購入 悪性bot実態,8/19(水) 14:57,https://news.yahoo.co.jp/pickup/6592285,https://news.yahoo.co.jp/articles/de83488c63c0a7a5c9f561efae8b34c67ac5fb31,8/19(水) 14:57
top-picks,CNET Japan,フードデリバリー「menu」終了へ,8/19(水) 14:42,https://news.yahoo.co.jp/pickup/6592284,https://news.yahoo.co.jp/articles/c3d04d043c24fd4985b69f0aa5bb020a955a2952,8/19(水) 14:42
top-picks,読売テレビ,川で遊泳中の17歳流される 重体か,8/19(水) 14:39,https://news.yahoo.co.jp/pickup/6592283,https://news.yahoo.co.jp/articles/c345d046c83f7a9895b0f50d0252b5fd4f0b4ac2,8/19(水) 14:39
top-picks,読売新聞オンライン,ライブ券秒速買い占め botの実態,8/19(水) 14:25,https://news.yahoo.co.jp/pickup/6592282,https://news.yahoo.co.jp/articles/de83488c63c0a7a5c9f561efae8b34c67ac5fb31,8/19(水) 14:25
top-picks,読売新聞オンライン,岸恵子さん死去 真知子巻き大流行,8/19(水) 14:16,https://news.yahoo.co.jp/pickup/6592281,https://news.yahoo.co.jp/articles/b284b307dcb78dc5d24dc6dfb0c9e4220fb7bfb3,8/19(水) 14:16
top-picks,千葉日報オンライン,豪雨 放置車の所有者現れるか懸念,8/19(水) 14:14,https://news.yahoo.co.jp/pickup/6592280,https://news.yahoo.co.jp/articles/e16c5be79e94113b0ad61c232ee881d7b518a1e7,8/19(水) 14:14
top-picks,ABEMA TIMES,報知器鳴り藤井王位避難 対局遅れ,8/19(水) 13:39,https://news.yahoo.co.jp/pickup/6592279,https://news.yahoo.co.jp/articles/4579cf638d1eaa10765750faa1acefbf7f44775b,8/19(水) 13:39
top-picks,Media info not found,洋麺屋五右衛門 出店ラッシュの訳,「洋麺屋五右衛門」の出店が加速している。2025年には西川越、北本、東越谷、巣鴨、練馬など首都圏を中心に相次いで新店を開業。2026年に入ってからも、新宿小田急エース、イオンモールむさし村山、新越谷ヴァリエ、ラゾーナ川崎、海老名マルイなどへの出店が続いている。,https://news.yahoo.co.jp/pickup/6592278,https://finance.yahoo.co.jp/quote/3087.T/financials,8/19(水) 13:17
top-picks,朝日新聞,必要な便器数の算出基準 見直しへ,8/19(水) 13:03,https://news.yahoo.co.jp/pickup/6592277,https://news.yahoo.co.jp/articles/bc1b7026371271a81870b12ea46b7c17e43ec15a,8/19(水) 13:03
top-picks,Media info not found,米大統領娘婿がハマスと協議 背景,米メディアによるとトランプ大統領の娘婿クシュナー氏が8月16日、ガザの武装組織ハマスの代表団とエジプトで会談した。米国はハマスをテロ組織に指定しているため、これまでの交渉は仲介国を通じた間接協議がほとんどで、直接協議は異例だ。,https://news.yahoo.co.jp/pickup/6592273,https://www.aljazeera.com/news/2026/8/17/why-kushner-met-hamas-leaders-and-what-it-means-for-trumps-gaza-roadmap,8/19(水) 12:58
top-picks,Media info not found,洋麺屋五右衛門の出店加速 なぜ,「洋麺屋五右衛門」の出店が加速している。2025年には西川越、北本、東越谷、巣鴨、練馬など首都圏を中心に相次いで新店を開業。2026年に入ってからも、新宿小田急エース、イオンモールむさし村山、新越谷ヴァリエ、ラゾーナ川崎、海老名マルイなどへの出店が続いている。,https://news.yahoo.co.jp/pickup/6592274,https://finance.yahoo.co.jp/quote/3087.T/financials,8/19(水) 12:44
top-picks,Bloomberg,対カナダ50%関税発動を3日延期 米,8/19(水) 12:36,https://news.yahoo.co.jp/pickup/6592276,https://news.yahoo.co.jp/articles/9738985659528e4b062a49b84c9aee719e155112,8/19(水) 12:36
top-picks,日テレNEWS NNN,超党派議員団が訪中へ 中国側招待,8/19(水) 12:34,https://news.yahoo.co.jp/pickup/6592270,https://news.yahoo.co.jp/articles/6cab9d090d043328ab1d78cb87d66859bd935577,8/19(水) 12:34
top-picks,スポニチアネックス,池田直人 佐藤アナとの新婚生活,8/19(水) 12:30,https://news.yahoo.co.jp/pickup/6592271,https://news.yahoo.co.jp/articles/84fd2a9837f8879a2c247a37986114465bc76c82,8/19(水) 12:30
top-picks,朝日新聞,俳優・岸恵子さん死去,8/19(水) 12:12,https://news.yahoo.co.jp/pickup/6592272,https://news.yahoo.co.jp/articles/7e6fa0d2ddc39e6aa4d2eb41528e25b5d163362c,8/19(水) 12:12
top-picks,Full-Count,村上宗隆 ビジョン直撃の豪快29号,8/19(水) 11:59,https://news.yahoo.co.jp/pickup/6592268,https://news.yahoo.co.jp/articles/b9dc28db28b537bdfc61f5a5536c6eacad8b4cd8,8/19(水) 11:59
top-picks,ウェザーマップ,熊本など38℃前後予想 熱中症注意,8/19(水) 11:52,https://news.yahoo.co.jp/pickup/6592266,https://news.yahoo.co.jp/articles/1a59322eac3251c20ea46432734f093f3f19215c,8/19(水) 11:52
top-picks,毎日新聞,ヘルパーがパチンコ 障害者を放置,8/19(水) 11:49,https://news.yahoo.co.jp/pickup/6592267,https://news.yahoo.co.jp/articles/836071acd7668f52812f836d0bede9721c8d328a,8/19(水) 11:49
top-picks,共同通信,日立 日立建機の全株式売却へ,8/19(水) 11:42,https://news.yahoo.co.jp/pickup/6592264,https://news.yahoo.co.jp/articles/3ddb7a03b0e2b771c912b9ed4353c2c0bf789ed0,8/19(水) 11:42
top-picks,関西テレビ,従業員逮捕 竹中工務店がコメント,8/19(水) 11:41,https://news.yahoo.co.jp/pickup/6592265,https://news.yahoo.co.jp/articles/df10d2ce796a0c218c85347fbfd962e5b9755410,8/19(水) 11:41
top-picks,テレビ朝日系（ANN）,カリブ海 海藻で各地のビーチ茶色,8/19(水) 11:37,https://news.yahoo.co.jp/pickup/6592263,,8/19(水) 11:37
top-picks,ロイター,米国が赤根所長らに制裁 ICC非難,8/19(水) 11:30,https://news.yahoo.co.jp/pickup/6592261,https://news.yahoo.co.jp/articles/8ab7e0ae53884f2234e06f9d01ff80281d82430a,8/19(水) 11:30
top-picks,FNNプライムオンライン,大腸がん宣告 ボディビル励む男性,8/19(水) 11:25,https://news.yahoo.co.jp/pickup/6592260,https://news.yahoo.co.jp/articles/f5fb894d380f9ca6102cfdf64735f97164a16d98,8/19(水) 11:25
top-picks,CNN.co.jp,米韓軍事演習を短縮 米国側要請で,8/19(水) 11:25,https://news.yahoo.co.jp/pickup/6592262,https://news.yahoo.co.jp/articles/29e9ac1b9cfe3fb56dcfa46ed8684b273919e837,8/19(水) 11:25
top-picks,ENCOUNT,西川貴教 品川-新大阪でゆで卵8個,8/19(水) 11:21,https://news.yahoo.co.jp/pickup/6592259,https://news.yahoo.co.jp/articles/6ce0cbc01f3ed915ce5d069b6c19aa10f87bdb1d,8/19(水) 11:21
top-picks,帝国データバンク,アニメ制作市場 ピークアウトか,8/19(水) 11:02,https://news.yahoo.co.jp/pickup/6592258,https://news.yahoo.co.jp/articles/c58a0fca833556d6a1a9a7557a60ad45703a39a4,8/19(水) 11:02
top-picks,ITmedia ビジネスオンライン,すしやコナン 空港の愛称の効果は,8/19(水) 10:45,https://news.yahoo.co.jp/pickup/6592256,https://news.yahoo.co.jp/articles/03d5abcd44b46f58f6a5d9fed696093a1a26e8d5,8/19(水) 10:45
top-picks,デイリースポーツ,大谷30号 6年連続大台到達の偉業,8/19(水) 10:37,https://news.yahoo.co.jp/pickup/6592257,https://news.yahoo.co.jp/articles/0cbe72f67c4a66a869a4908874bdd5f4b367d81b,8/19(水) 10:37
top-picks,Full-Count,岡本和真 球団の新人最多HR記録,8/19(水) 10:21,https://news.yahoo.co.jp/pickup/6592255,https://news.yahoo.co.jp/articles/7fa3cb9d961df868832dd8c8aadb2497dcf65b3c,8/19(水) 10:21
top-picks,Full-Count,岡本和真が25号 復活の134m弾,8/19(水) 10:15,https://news.yahoo.co.jp/pickup/6592254,https://news.yahoo.co.jp/articles/7fa3cb9d961df868832dd8c8aadb2497dcf65b3c,8/19(水) 10:15
top-picks,読売新聞オンライン,東海汽船 新年会で飲酒後に勤務か,8/19(水) 10:07,https://news.yahoo.co.jp/pickup/6592253,https://news.yahoo.co.jp/articles/bc216b64ebbd1738627259970d8fb576f8055e90,8/19(水) 10:07
top-picks,オリコン,青葉坂46 募集直後から応募殺到,8/19(水) 9:59,https://news.yahoo.co.jp/pickup/6592251,https://news.yahoo.co.jp/articles/8ab596ae844e7671f5a70e33dfcccf7c408032f5,8/19(水) 9:59
top-picks,Media info not found,四千頭身・都築さん 捜査の焦点は,お笑いトリオ「四千頭身」の都築拓紀氏が、東京都迷惑防止条例違反と暴行の容疑で書類送検されました。東京都内の音楽イベントで、面識のない20代女性に対し、スカートの上から下半身を触るなどしたとされています。都築氏は酒に酔っていましたが、容疑をおおむね認め、反省しているといいます。今後の捜査の焦点や刑事処分の行方について解説します。,https://news.yahoo.co.jp/pickup/6592249,https://news.yahoo.co.jp/articles/28ff310d53e7473a0ca8c4b40f0aa037ab1dc103,8/19(水) 9:43
top-picks,TBS NEWS DIG Powered by JNN,日経平均 一時2000円超の値下がり,8/19(水) 9:31,https://news.yahoo.co.jp/pickup/6592250,https://news.yahoo.co.jp/articles/0bbbc361da9500508cb6986d7562af7c52107e1f,8/19(水) 9:31
top-picks,日刊スポーツ,石原さとみ 新ドラマで女ルパン役,8/19(水) 9:16,https://news.yahoo.co.jp/pickup/6592248,https://news.yahoo.co.jp/articles/d1b40f788998484b698ae854a612719a4c91e1ca,8/19(水) 9:16
top-picks,STVニュース北海道,泊原発構内で作業員死亡 約9m転落,8/19(水) 9:14,https://news.yahoo.co.jp/pickup/6592247,https://news.yahoo.co.jp/articles/c5a0809bcb6aa5b661e1744fb46e7a0ca4634c11,8/19(水) 9:14
top-picks,共同通信,日豪 長射程ミサイル試験で協力,8/19(水) 9:12,https://news.yahoo.co.jp/pickup/6592246,https://news.yahoo.co.jp/articles/d81b29294edca0ae0c3e60957fd229e0f3c187f7,8/19(水) 9:12
top-picks,ITmedia NEWS,OpenAIの2人語る 注目の職種FDE,8/19(水) 9:04,https://news.yahoo.co.jp/pickup/6592242,https://news.yahoo.co.jp/articles/0f54edc31d83c32ac9ac1255950078cef81d0dbf,8/19(水) 9:04
top-picks,日刊スポーツ,石原さとみ新ドラマ 脚本に野木氏,8/19(水) 8:52,https://news.yahoo.co.jp/pickup/6592245,https://news.yahoo.co.jp/articles/d1b40f788998484b698ae854a612719a4c91e1ca,8/19(水) 8:52
top-picks,GOAL,バイエルンMF 2試合連続で倒れる,8/19(水) 8:49,https://news.yahoo.co.jp/pickup/6592244,https://news.yahoo.co.jp/articles/af6118e2ccc2804d6c161cf94f15cdc46eda4fdf,8/19(水) 8:49
top-picks,読売新聞オンライン,竹中工務店の万博現場責任者 逮捕,8/19(水) 8:45,https://news.yahoo.co.jp/pickup/6592243,https://news.yahoo.co.jp/articles/4ce4d5fef0441d9381c4b6ba695ab92145dc49c8,8/19(水) 8:45
top-picks,サッカーキング,W杯MVPロドリ バルセロナに加入,8/19(水) 8:16,https://news.yahoo.co.jp/pickup/6592240,https://news.yahoo.co.jp/articles/537f3deb2b16a7f702590b1267109f4596938d49,8/19(水) 8:16
top-picks,FBS福岡放送,高校生3人連携 池で溺れる3人救助,8/19(水) 8:15,https://news.yahoo.co.jp/pickup/6592241,https://news.yahoo.co.jp/articles/fc90386e278462953704b1a80694e1b50064d6ea,8/19(水) 8:15
top-picks,読売テレビ,琵琶湖で魚とりの男性死亡 溺死か,8/19(水) 8:13,https://news.yahoo.co.jp/pickup/6592239,https://news.yahoo.co.jp/articles/4c9367e6c91acd9a66da96ad8262a0ac44fb6f05,8/19(水) 8:13
top-picks,ロイター,イランが弾道ミサイル UAE発表,8/19(水) 8:03,https://news.yahoo.co.jp/pickup/6592237,,8/19(水) 8:03
top-picks,Media info not found,都築拓紀の謹慎 四千頭身どうなる,お笑いトリオ「四千頭身」の都築拓紀が、東京都迷惑防止条例違反と暴行の疑いで書類送検されたことがわかった。報道によると、事件があったのは6月下旬の深夜。都内のイベント会場を訪れていた20代女性に対し、顔を触れるような形で押したほか、スカートの上から下半身を触った疑いが持たれているという。,https://news.yahoo.co.jp/pickup/6592236,https://natalie.mu/owarai/news/685611,8/19(水) 7:51
top-picks,ダイヤモンド・オンライン,ジムニーノマド 担当語るデザイン,8/19(水) 7:41,https://news.yahoo.co.jp/pickup/6592235,https://news.yahoo.co.jp/articles/09350c8370d65e6db2d04e3b59d5e8d6ccc53d6c,8/19(水) 7:41
top-picks,ロイター,ディズニーとABC 米当局を提訴,8/19(水) 7:29,https://news.yahoo.co.jp/pickup/6592234,https://news.yahoo.co.jp/articles/9e9cfee3b8692ef305a879b31499a892d7fbd411,8/19(水) 7:29
top-picks,朝日新聞,豪雨の路上車両600台 撤去へ連携,8/19(水) 6:58,https://news.yahoo.co.jp/pickup/6592233,https://news.yahoo.co.jp/articles/e16c5be79e94113b0ad61c232ee881d7b518a1e7,8/19(水) 6:58
top-picks,tenki.jp,九州～東海で猛暑日続出か 警戒を,8/19(水) 6:42,https://news.yahoo.co.jp/pickup/6592232,https://news.yahoo.co.jp/articles/09ec363d700be67a1bad6b7052054b7a53971180,8/19(水) 6:42
top-picks,朝日新聞,ICC赤根所長らを制裁対象に 米国,8/19(水) 6:25,https://news.yahoo.co.jp/pickup/6592231,https://news.yahoo.co.jp/articles/ecf195bbf5d39cb77928e8624149fdcb4bd112f5,8/19(水) 6:25
top-picks,ABCニュース,草刈りの男性死亡 搬送時体温40℃,8/19(水) 6:17,https://news.yahoo.co.jp/pickup/6592230,https://news.yahoo.co.jp/articles/c82a7e4c44eb84b2201d586fca5fd0dd1ebf7c28,8/19(水) 6:17
top-picks,スポニチアネックス,横浜・江坂のプレー 松坂氏が称賛,8/19(水) 6:10,https://news.yahoo.co.jp/pickup/6592229,https://news.yahoo.co.jp/articles/e62009aeffb6150cd7cc9a96587e282105b2d4d5,8/19(水) 6:10
top-picks,オリコン,青葉坂46 活動を経て3坂道へ配属,8/18(火) 23:28,https://news.yahoo.co.jp/pickup/6592228,https://news.yahoo.co.jp/articles/2f01202729741931115adf35303711c02e44182f,8/18(火) 23:28
top-picks,FNNプライムオンライン（フジテレビ系）,遭難女性8日ぶり救助 夫「感謝」,8/18(火) 23:16,https://news.yahoo.co.jp/pickup/6592227,https://news.yahoo.co.jp/articles/493d21dc97832d31639b2d3a66952874f352dbe8,8/18(火) 23:16
top-picks,スポニチアネックス,「踊る」新作スピンオフ配信決定,8/18(火) 22:57,https://news.yahoo.co.jp/pickup/6592225,https://news.yahoo.co.jp/articles/ad9bf386ba13ab7b098bbed30219104e1093e5f5,8/18(火) 22:57
top-picks,STVニュース北海道,米産ジャガイモ輸入巡り 農家懸念,8/18(火) 22:49,https://news.yahoo.co.jp/pickup/6592224,https://news.yahoo.co.jp/articles/88b306c05f5e5c4fcbefd97959ac0475a61c71c7,8/18(火) 22:49
top-picks,テレビ朝日系（ANN）,米朝首脳会談に含み 米大統領狙い,8/18(火) 22:41,https://news.yahoo.co.jp/pickup/6592223,https://news.yahoo.co.jp/articles/605be76f0ec12f1a0698b9322a9e3e044a12848c,8/18(火) 22:41
top-picks,スポーツ報知,横浜・織田翔希 156キロ7度の衝撃,8/18(火) 22:22,https://news.yahoo.co.jp/pickup/6592222,https://news.yahoo.co.jp/articles/5284a6249c5eb671ff2519211518a88b050491c4,8/18(火) 22:22
top-picks,朝日新聞,地震倒壊 工場煙突を国が全国調査,8/18(火) 22:19,https://news.yahoo.co.jp/pickup/6592221,https://news.yahoo.co.jp/articles/d4370bc0dd9b3b0aec79afce8f838ee99e16b1d0,8/18(火) 22:19
top-picks,日刊スポーツ,青葉坂46設立 1年限定で活動へ,8/18(火) 21:55,https://news.yahoo.co.jp/pickup/6592220,https://news.yahoo.co.jp/articles/7c46a984792f787892bd406cdd7bcb81e36a25ad,8/18(火) 21:55
top-picks,スポーツ報知,山本耕史 バスローブ姿で取材会,8/18(火) 21:51,https://news.yahoo.co.jp/pickup/6592219,https://news.yahoo.co.jp/articles/ac534eddd0d96ae16d3bce8457bb8e2fc0ce8a92,8/18(火) 21:51
top-picks,日刊スポーツ,新坂道G「青葉坂46」設立を発表,8/18(火) 21:45,https://news.yahoo.co.jp/pickup/6592217,https://news.yahoo.co.jp/articles/7c46a984792f787892bd406cdd7bcb81e36a25ad,8/18(火) 21:45
top-picks,共同通信,ロシアが日本大使呼び出し抗議,8/18(火) 21:42,https://news.yahoo.co.jp/pickup/6592218,https://news.yahoo.co.jp/articles/d67321e13f0efa1bc35b8c3b18e2f99e91cf7b2a,8/18(火) 21:42
top-picks,KBC九州朝日放送,放火し両親殺害未遂疑い 15歳逮捕,8/18(火) 21:33,https://news.yahoo.co.jp/pickup/6592211,https://news.yahoo.co.jp/articles/094a28a893456ac458986260b83304938df16641,8/18(火) 21:33
top-picks,ITmedia NEWS,通販生活が楽天市場から撤退,8/18(火) 21:20,https://news.yahoo.co.jp/pickup/6592215,https://news.yahoo.co.jp/articles/a9e9bb7dc38a1c6c28edfe6ffea7744704aef047,8/18(火) 21:20
top-picks,Media info not found,豪雨で水没「車両保険」の重要性,　8月13日から14日にかけて千葉県を襲った線状降水帯によるゲリラ豪雨。『令和8年8月千葉豪雨』と名付けられたこの災害は、県内のいたるところで道路の冠水をもたらし、水没してエンジンがストップした車が続出しました。,https://news.yahoo.co.jp/pickup/6592214,https://news.yahoo.co.jp/articles/934ecb704b15704a516256986773e18c12e1cccf,8/18(火) 21:11
top-picks,スポーツ報知,横浜高校監督 インタビューで号泣,8/18(火) 21:06,https://news.yahoo.co.jp/pickup/6592213,https://news.yahoo.co.jp/articles/0e387590603e65edeac856567d063f59ddce7cd5,8/18(火) 21:06
top-picks,オリコン,都築の冠ラジオ 代役立て放送へ,8/18(火) 20:52,https://news.yahoo.co.jp/pickup/6592212,https://news.yahoo.co.jp/articles/bf0e0f25846f1585bdcba2e525b18d4fb081ca08,8/18(火) 20:52
top-picks,読売新聞オンライン,LINEクレジット 都が業務改善命令,8/18(火) 20:38,https://news.yahoo.co.jp/pickup/6592197,https://news.yahoo.co.jp/articles/3e8695de54f6d56f892daa9bec717cc3e4efa923,8/18(火) 20:38
top-picks,熊本日日新聞,陸自の個人情報収集 昨年公益通報,8/18(火) 20:22,https://news.yahoo.co.jp/pickup/6592210,https://news.yahoo.co.jp/articles/11a0fadedfb9481d24c7b421924f2d3ded101c58,8/18(火) 20:22
top-picks,tbc東北放送,ポケGOイベと入試重複 宿泊困難,8/18(火) 20:10,https://news.yahoo.co.jp/pickup/6592209,https://news.yahoo.co.jp/articles/f9eb85c0ab51819ee405d866d3929c12ee721973,8/18(火) 20:10
top-picks,共同通信,ANAとJAL 互いのダイヤ調整発表,8/18(火) 19:46,https://news.yahoo.co.jp/pickup/6592208,https://news.yahoo.co.jp/articles/415cd590e2ac70af44f9e71128de255dc01c9b33,8/18(火) 19:46
top-picks,ベースボールチャンネル,健大高崎サヨナラ勝ち 夏初の4強,8/18(火) 19:22,https://news.yahoo.co.jp/pickup/6592206,https://news.yahoo.co.jp/articles/4a311c986aec1b52ac51ae68c6f22c27a702600a,8/18(火) 19:22
top-picks,デイリースポーツ,広島監督 小園のこと一日中考えた,8/18(火) 19:17,https://news.yahoo.co.jp/pickup/6592205,https://news.yahoo.co.jp/articles/db422bac8b01bf08f21a8111f25472b2af0b15ec,8/18(火) 19:17
top-picks,デイリースポーツ,小園の降格 広島監督が思い明かす,8/18(火) 19:04,https://news.yahoo.co.jp/pickup/6592200,https://news.yahoo.co.jp/articles/db422bac8b01bf08f21a8111f25472b2af0b15ec,8/18(火) 19:04
top-picks,スポーツナビ,速報 健大高崎vs.有明は延長戦,8/18(火) 18:57,https://news.yahoo.co.jp/pickup/6592203,,8/18(火) 18:57
top-picks,Yahoo!ニュース オリジナル 特集オリジナル,日本で走る ベトナム人運転手の今,8/18(火) 18:51,https://news.yahoo.co.jp/pickup/6592201,https://news.yahoo.co.jp/articles/60dde785d813df33b9114579ef1c6c224eaacf9b,8/18(火) 18:51
top-picks,文春オンライン,三木谷氏 消費減税に否定的な見解,8/18(火) 18:42,https://news.yahoo.co.jp/pickup/6592199,https://news.yahoo.co.jp/articles/1bf3893801ad45600e54c32f0c9f09928973c1d5,8/18(火) 18:42
top-picks,オリコン,漫画ヤニねこ全巻重版 編集長驚き,8/18(火) 18:41,https://news.yahoo.co.jp/pickup/6592198,https://news.yahoo.co.jp/articles/0193c608d305de91e5235b05bcdf3184d0820d1f,8/18(火) 18:41
top-picks,沖縄タイムス,空自機着陸 那覇空港滑走路が再開,8/18(火) 18:20,https://news.yahoo.co.jp/pickup/6592196,https://news.yahoo.co.jp/articles/6df8f7cae72fc04665a5955d400a62dd1f0d3386,8/18(火) 18:20
top-picks,Media info not found,大谷の連続弾 背景に打撃の再現性,　ドジャースの大谷翔平が8月17日（日本時間18日）に敵地で行われたロッキーズ戦で今季28、29号を2打席連続で放った。5回に菅野智之の低めのカットボールを左中間へ運び、6回にはフアン・メヒアのスイーパーを中堅へ。飛距離はそれぞれ427フィート（約130メートル）、451フィート（約137メートル）だった。ドジャースは11－5で大勝した。,https://news.yahoo.co.jp/pickup/6592188,https://twitter.com/MLB/status/2089534298030309448,8/18(火) 18:06
top-picks,共同通信,大型クロマグロ 漁獲枠25%拡大,8/18(火) 18:00,https://news.yahoo.co.jp/pickup/6592194,https://news.yahoo.co.jp/articles/0b3c7416d3d28bbed7843b679783edc75e305545,8/18(火) 18:00
top-picks,ウェザーマップ,19日危険な暑さ 九州北部38℃予想,8/18(火) 17:42,https://news.yahoo.co.jp/pickup/6592193,https://news.yahoo.co.jp/articles/876f8ca5c0865462ba7d5cae1f1fe874bd54e0a7,8/18(火) 17:42
top-picks,Yahoo!ニュース オリジナル 特集オリジナル,外国人運転手 安全第一をどう学ぶ,8/18(火) 17:39,https://news.yahoo.co.jp/pickup/6592178,https://news.yahoo.co.jp/articles/60dde785d813df33b9114579ef1c6c224eaacf9b,8/18(火) 17:39
top-picks,FASHIONSNAP,四千頭身・都築のブランド休止,8/18(火) 17:28,https://news.yahoo.co.jp/pickup/6592191,https://news.yahoo.co.jp/articles/1cac8ec9a0aa3a2b68b8229bd5d80161355de69e,8/18(火) 17:28
top-picks,スポーツナビ,速報甲子園 健大高崎vs.有明,8/18(火) 17:04,https://news.yahoo.co.jp/pickup/6592174,,8/18(火) 17:04
top-picks,TBS NEWS DIG Powered by JNN,千葉豪雨で13人死亡 1人行方不明,8/18(火) 16:55,https://news.yahoo.co.jp/pickup/6592186,,8/18(火) 16:55
top-picks,ベースボールチャンネル,横浜が4強 織田が10奪三振で完封,8/18(火) 16:54,https://news.yahoo.co.jp/pickup/6592185,https://news.yahoo.co.jp/articles/cdca99ac01de73e4014ee02286b0395abbf4229d,8/18(火) 16:54
top-picks,産経新聞,開店祝いに著名人名無断使用 謝罪,8/18(火) 16:40,https://news.yahoo.co.jp/pickup/6592184,https://news.yahoo.co.jp/articles/6338fc78597cf4cd977af4d1c2a5b4b176cb9d6b,8/18(火) 16:40
top-picks,HTB北海道ニュース,クレーン車に自転車ひかれ 死亡,8/18(火) 16:39,https://news.yahoo.co.jp/pickup/6592183,https://news.yahoo.co.jp/articles/387f606bce41853cc1a5ad6aabfa3337915b7761,8/18(火) 16:39
top-picks,スポーツ報知,広島・小園「無期限」2軍再調整,8/18(火) 16:33,https://news.yahoo.co.jp/pickup/6592181,https://news.yahoo.co.jp/articles/0a5b71889b5dedf5a53e02d244cfe20a3dc7b924,8/18(火) 16:33
top-picks,FNNプライムオンライン（フジテレビ系）,玉木氏 北方領土巡る政府対応批判,8/18(火) 16:19,https://news.yahoo.co.jp/pickup/6592180,https://news.yahoo.co.jp/articles/8398f96eafc1a32b3102d92a438bdc041cf0b1a8,8/18(火) 16:19
top-picks,共同通信,大型クロマグロ 漁獲枠拡大で合意,8/18(火) 15:52,https://news.yahoo.co.jp/pickup/6592177,https://news.yahoo.co.jp/articles/0b3c7416d3d28bbed7843b679783edc75e305545,8/18(火) 15:52
top-picks,スポーツナビ,速報甲子園 横浜が花巻東をリード,8/18(火) 15:38,https://news.yahoo.co.jp/pickup/6592176,https://news.yahoo.co.jp/articles/36acc50717b14586491cb985e25d142e7c6a3f73,8/18(火) 15:38
top-picks,スポニチアネックス,森高千里 熊本県に2000万円寄付,8/18(火) 15:24,https://news.yahoo.co.jp/pickup/6592175,https://news.yahoo.co.jp/articles/46fef6d230681830a56575abb7723af11ae49a82,8/18(火) 15:24
top-picks,RBC琉球放送,自衛隊の戦闘機 那覇空港で停止,8/18(火) 14:36,https://news.yahoo.co.jp/pickup/6592172,https://news.yahoo.co.jp/articles/d0ae4f74d9202b2f522a222e504a09ada7f0880c,8/18(火) 14:36
top-picks,TBS NEWS DIG Powered by JNN,四千頭身・都築メンバー 謹慎処分,8/18(火) 14:36,https://news.yahoo.co.jp/pickup/6592171,https://news.yahoo.co.jp/articles/ad7418d5bd323e5deda3de52397b015aa2097f3e,8/18(火) 14:36
top-picks,Media info not found,フィットネス倒産 会員のリスクは,　健康志向の高まりを背景にフィットネス市場が拡大する一方、事業者の倒産が過去最多ペースで増えている。帝国データバンクによると、倒産したフィットネスクラブ事業者のうち、設立10年未満が6割超を占め、パーソナルジムも6件あった。一方、矢野経済研究所によれば、2025年8月時点の全国フィットネス施設は1万3876施設で、直前1年間だけで1266施設が新たに開業した。市場が成長するなか、供給が急速に増えている。問題は、倒産の影響が経営者や従業員、取引先だけでなく、料金を前払いした会員にも及ぶことだ。,https://news.yahoo.co.jp/pickup/6592173,https://news.yahoo.co.jp/articles/ed0d8ed9e8b9c9961945ab4a2a778bd4d03060d2,8/18(火) 14:31
top-picks,読売新聞オンライン,福岡県議会の採決見送り憤りの声,8/18(火) 14:12,https://news.yahoo.co.jp/pickup/6592169,https://news.yahoo.co.jp/articles/519231ece9e8f912059216f33b15c79cc366c35c,8/18(火) 14:12
top-picks,スポーツナビ,速報甲子園 花巻東vs.横浜,8/18(火) 13:58,https://news.yahoo.co.jp/pickup/6592166,https://news.yahoo.co.jp/articles/646bf616e5c33918e4bbdc8aaf79cbe6631c971a,8/18(火) 13:58
top-picks,毎日新聞,地検 被告行方不明を即時公表せず,8/18(火) 13:46,https://news.yahoo.co.jp/pickup/6592167,https://news.yahoo.co.jp/articles/63086fa724d59dc7329e45d11a6b96f7e6858ea8,8/18(火) 13:46
top-picks,ベースボールチャンネル,智弁和歌山が4強 18安打11得点,8/18(火) 13:43,https://news.yahoo.co.jp/pickup/6592168,https://news.yahoo.co.jp/articles/d868e71973d0989314507c46fd5e13d481cc91f7,8/18(火) 13:43
top-picks,テレビ朝日系（ANN）,都築メンバー書類送検 とても反省,8/18(火) 13:16,https://news.yahoo.co.jp/pickup/6592165,https://news.yahoo.co.jp/articles/abda3116ef2152a1f95fcd6834145eda147a639d,8/18(火) 13:16
top-picks,読売新聞オンライン,千葉豪雨の死者 調査中含め11人に,8/18(火) 12:54,https://news.yahoo.co.jp/pickup/6592161,https://news.yahoo.co.jp/articles/1cc31700f1c0b9d093b7e8b8601b78e15936ad54,8/18(火) 12:54
top-picks,関西テレビ,14歳男子中学生 車にはねられ重体,8/18(火) 12:48,https://news.yahoo.co.jp/pickup/6592163,https://news.yahoo.co.jp/articles/f3a0a76a71918b7605a65e9762e24483d4dce3cb,8/18(火) 12:48
top-picks,朝日新聞,2歳男児殴った疑い逮捕 男児死亡,8/18(火) 12:47,https://news.yahoo.co.jp/pickup/6592162,https://news.yahoo.co.jp/articles/71a87b0baf7e363ce69932715a064a5900fd16bd,8/18(火) 12:47
top-picks,スポーツナビ,速報甲子園 仙台育英vs智弁和歌山,8/18(火) 12:38,https://news.yahoo.co.jp/pickup/6592164,https://news.yahoo.co.jp/articles/c8b021b68bca0ef0da71927ed2639bded162aace,8/18(火) 12:38
top-picks,Media info not found,「佐藤輝明シフト」ルールの現状,阪神・佐藤輝明内野手の打球が、極端な守備位置に阻まれる場面が目立っている。MLBでは2023年から内野シフトに制限が設けられ、NPBでも2026年度の野球規則改正で、4人の内野手を二塁ベースの両側に2人ずつ置く条文が整えられた。しかし、日本では同規定の内野手の守備位置について、左右2人ずつの配置さえ守れば内野手が芝生エリアまで深く下がって守ることも可能なため、実質的に「浅い外野フライ」や「強いライナー」をキャッチする網を張ることが可能。いわゆる“独自解釈”を含めた分かりにくいルールの現状を整理したい。,https://news.yahoo.co.jp/pickup/6592148,https://npb.jp/npb/2026rules.html?utm_source=chatgpt.com,8/18(火) 12:14
top-picks,毎日新聞,ちいかわに登場 しるこサンド話題,8/18(火) 11:59,https://news.yahoo.co.jp/pickup/6592157,https://news.yahoo.co.jp/articles/d918b3d893376316b56cd4d20b7e657512d37606,8/18(火) 11:59
top-picks,Media info not found,米 不法移民退去で人手不足の懸念,トランプ政権は不法移民対策の成果を強調するが、支持者以外の評価は低下しつつある。,https://news.yahoo.co.jp/pickup/6592153,https://yougov.com/en-us/articles/55345-few-americans-want-to-either-deport-all-illegal-immigrants-or-to-let-them-all-stay,8/18(火) 11:59
top-picks,Full-Count,大谷翔平2打席連発29号 敵地騒然,8/18(火) 11:53,https://news.yahoo.co.jp/pickup/6592156,https://news.yahoo.co.jp/articles/c47e1b1040955ed665d0ac9fc1d020f00d79a98b,8/18(火) 11:53
top-picks,Media info not found,電子書籍や動画「購入」巡る課題,漫画アプリ「comico」が、来年1月のサービス終了を発表しました。スマホ向けのタテ読み・フルカラー漫画を普及させた主要サービスの1つであり、『ReLIFE』『ナルどマ』などテレビアニメ化作品も輩出しただけに、時代の1つの区切りを感じさせます。,https://news.yahoo.co.jp/pickup/6592150,https://news.yahoo.co.jp/articles/e77863e014de38ea729374edc65085088f36d312,8/18(火) 11:51
top-picks,MBSニュース,兵庫県が財政悪化 起債許可団体に,8/18(火) 11:41,https://news.yahoo.co.jp/pickup/6592155,https://news.yahoo.co.jp/articles/10f655776135ebe1b5fba4e1e21eb40bd6f47aab,8/18(火) 11:41
top-picks,Media info not found,ジム倒産「料金前払い」リスクは,　健康志向の高まりを背景にフィットネス市場が拡大する一方、事業者の倒産が過去最多ペースで増えている。帝国データバンクによると、倒産したフィットネスクラブ事業者のうち、設立10年未満が6割超を占め、パーソナルジムも6件あった。一方、矢野経済研究所によれば、2025年8月時点の全国フィットネス施設は1万3876施設で、直前1年間だけで1266施設が新たに開業した。市場が成長するなか、供給が急速に増えている。問題は、倒産の影響が経営者や従業員、取引先だけでなく、料金を前払いした会員にも及ぶことだ。,https://news.yahoo.co.jp/pickup/6592152,https://news.yahoo.co.jp/articles/ed0d8ed9e8b9c9961945ab4a2a778bd4d03060d2,8/18(火) 11:40
top-picks,読売新聞オンライン,AI事業者向け政府知財保護案 判明,8/18(火) 11:38,https://news.yahoo.co.jp/pickup/6592154,https://news.yahoo.co.jp/articles/43f1ff6b5467318e1771446d420bd8d55e44513a,8/18(火) 11:38
top-picks,時事通信,高市首相お盆休み返上? Xで連投,8/18(火) 11:25,https://news.yahoo.co.jp/pickup/6592149,https://news.yahoo.co.jp/articles/99e0e25c1d153b8290bfedb58ff4034c73f9a529,8/18(火) 11:25
top-picks,TBS NEWS DIG Powered by JNN,大谷が28号「相性抜群」菅野から,8/18(火) 11:19,https://news.yahoo.co.jp/pickup/6592147,https://news.yahoo.co.jp/articles/d994c270a9ae084c43ea8be57e3e615972342b41,8/18(火) 11:19
top-picks,スポーツナビ,速報 智弁和歌山が仙台育英に先制,8/18(火) 11:07,https://news.yahoo.co.jp/pickup/6592145,https://news.yahoo.co.jp/articles/c8b021b68bca0ef0da71927ed2639bded162aace,8/18(火) 11:07
top-picks,TBS NEWS DIG Powered by JNN,四千頭身・都築メンバー 書類送検,8/18(火) 10:50,https://news.yahoo.co.jp/pickup/6592144,https://news.yahoo.co.jp/articles/4516ec4e0f44a089a9b00bc04626f05efff2b51b,8/18(火) 10:50
top-picks,スポーツナビ,速報甲子園 仙台育英vs智弁和歌山,8/18(火) 10:38,https://news.yahoo.co.jp/pickup/6592142,,8/18(火) 10:38
top-picks,TBS NEWS DIG Powered by JNN,甲子園 天理が三重を破り4強入り,8/18(火) 10:16,https://news.yahoo.co.jp/pickup/6592143,https://news.yahoo.co.jp/articles/389188c4f5f2236296fe5bc75f1dec1caade7194,8/18(火) 10:16
top-picks,withnews by 朝日新聞,「NISA貧乏」なぜ生まれる,8/18(火) 10:10,https://news.yahoo.co.jp/pickup/6592140,https://news.yahoo.co.jp/articles/20fab91e3eeca1043806eb4b2399f084a7f5d1a7,8/18(火) 10:10
top-picks,ビジネス＋IT,AIで時短も脳はヘトヘト なぜ,8/18(火) 10:09,https://news.yahoo.co.jp/pickup/6592139,https://news.yahoo.co.jp/articles/7ecc8690be2857b34f5f55a4efd6b9a8c03471da,8/18(火) 10:09
top-picks,デイリースポーツ,鈴木誠也22号 村上の眼前で特大弾,8/18(火) 9:51,https://news.yahoo.co.jp/pickup/6592138,https://news.yahoo.co.jp/articles/4e166f2023c226912581836150bcf94f8ee19d71,8/18(火) 9:51
top-picks,ロイター,トランプ氏支持率33% ロイター,8/18(火) 9:36,https://news.yahoo.co.jp/pickup/6592137,https://news.yahoo.co.jp/articles/ce02436a23255c01ea69fc60e984eb94af98096f,8/18(火) 9:36
top-picks,読売新聞オンライン,子が「自殺」検索で通知 インスタ,8/18(火) 9:22,https://news.yahoo.co.jp/pickup/6592135,https://news.yahoo.co.jp/articles/347a37e3d679cf6899ef97f7144c85812c21a5f5,8/18(火) 9:22
top-picks,ロイター,FIFA 会長を批判していたCOO退任,8/18(火) 9:14,https://news.yahoo.co.jp/pickup/6592134,https://news.yahoo.co.jp/articles/921215462dda43be443105a74a42b68b6e155348,8/18(火) 9:14
top-picks,日刊スポーツ,森七菜 4年ぶりに音楽活動再開,8/18(火) 9:01,https://news.yahoo.co.jp/pickup/6592131,https://news.yahoo.co.jp/articles/b3c949cb30b50075a40e3e8ec678f369bf8c894a,8/18(火) 9:01
top-picks,ロイター,米大統領 正恩氏巡り「彼を理解」,8/18(火) 8:55,https://news.yahoo.co.jp/pickup/6592133,https://news.yahoo.co.jp/articles/928cbfc5424e94919a244bae20edaafeb4a26b8b,8/18(火) 8:55
top-picks,ＳＢＣ信越放送,出産の子を殺人未遂疑い 16歳逮捕,8/18(火) 8:39,https://news.yahoo.co.jp/pickup/6592132,https://news.yahoo.co.jp/articles/356eb412919f02d034d25b8433738173f8e82d98,8/18(火) 8:39
top-picks,スポーツ報知,パドレスの売却 MLBが承認,8/18(火) 8:11,https://news.yahoo.co.jp/pickup/6592130,https://news.yahoo.co.jp/articles/e7ba5cec7e5fa9674ec04daa7df5eb4ce09f186a,8/18(火) 8:11
top-picks,スポーツナビ,速報甲子園 三重vs.天理,8/18(火) 7:58,https://news.yahoo.co.jp/pickup/6592127,,8/18(火) 7:58
top-picks,TBS NEWS DIG Powered by JNN,流され8日ぶり救助 食料でしのぐ,8/18(火) 7:53,https://news.yahoo.co.jp/pickup/6592129,,8/18(火) 7:53
top-picks,北日本放送,八村塁 富山でバスケ人生終えたい,8/18(火) 7:50,https://news.yahoo.co.jp/pickup/6592128,https://news.yahoo.co.jp/articles/bb5dfe2825e66b19e039958403dafcffe62e4eff,8/18(火) 7:50
top-picks,オリコン,高橋光臣がつんく役 24時間テレビ,8/18(火) 7:22,https://news.yahoo.co.jp/pickup/6592126,https://news.yahoo.co.jp/articles/b6b202228f3cf88c4a717988a69d1afe59a5c3d3,8/18(火) 7:22
top-picks,tenki.jp,18日九州や山陰など35℃超 対策を,8/18(火) 7:18,https://news.yahoo.co.jp/pickup/6592125,https://news.yahoo.co.jp/articles/32c3493c7c4c0557836ac90d2e4537bcd7c49c92,8/18(火) 7:18
top-picks,時事通信,露が日本大使に出頭要請 抗議受け,8/18(火) 7:05,https://news.yahoo.co.jp/pickup/6592124,https://news.yahoo.co.jp/articles/0d5edc9e03a447b624eb6be7094e45e59b71f7e1,8/18(火) 7:05
top-picks,朝日新聞,ゴルフ場で働く19歳自殺 労災認定,8/18(火) 6:36,https://news.yahoo.co.jp/pickup/6592122,https://news.yahoo.co.jp/articles/d436db48cca4e821f7d7f0b012d8de3ad806dac8,8/18(火) 6:36
top-picks,朝日新聞,「モネの池」一変 抹茶みたいに,8/18(火) 6:24,https://news.yahoo.co.jp/pickup/6592121,https://news.yahoo.co.jp/articles/8c32a07745e82e8535552af30aa661c8e92a57b2,8/18(火) 6:24
top-picks,毎日新聞,殺人未遂罪の被告が行方不明 函館,8/18(火) 6:08,https://news.yahoo.co.jp/pickup/6592120,https://news.yahoo.co.jp/articles/14f47d0a67919d108886353ef6634f9d579e1f46,8/18(火) 6:08
top-picks,スポーツ報知,渡辺元智さん死去 松坂大輔氏悼む,8/17(月) 23:32,https://news.yahoo.co.jp/pickup/6592119,https://news.yahoo.co.jp/articles/9f9f7ba4c14369a4ec4c5e8c84ea1b4daf2dde1a,8/17(月) 23:32
top-picks,産経新聞,熊本地震3週間「関連死」防ぐには,8/17(月) 23:19,https://news.yahoo.co.jp/pickup/6592118,https://news.yahoo.co.jp/articles/29ef43c32554165b17ae6f6a52178bfcd623294a,8/17(月) 23:19
top-picks,共同通信,踏切開いたまま電車通過 東急電鉄,8/17(月) 23:03,https://news.yahoo.co.jp/pickup/6592116,https://news.yahoo.co.jp/articles/949722334137135d97e9517712b0fa2305be0d11,8/17(月) 23:03
top-picks,毎日新聞,豪雨で車が浸水 金銭負担が心配,8/17(月) 22:36,https://news.yahoo.co.jp/pickup/6592117,https://news.yahoo.co.jp/articles/426eb5a50edf08c9df07c96754dfd3c82188f600,8/17(月) 22:36
top-picks,読売新聞オンライン,「夜に経済活動」夏暑すぎて注目,8/17(月) 22:27,https://news.yahoo.co.jp/pickup/6592113,https://news.yahoo.co.jp/articles/85e47287efe72c5acc448db871a888e3f088a727,8/17(月) 22:27
top-picks,Media info not found,永野芽郁が元キャバ嬢役 再起は,俳優の永野芽郁が、今冬からDMM TVで独占配信されるオリジナルドラマ『ヒマチの嬢王』で主演を務める。永野にとっては、2025年に起きた一連のスキャンダル報道を経て、本格的な再始動を印象づける作品となりそうだ。,https://news.yahoo.co.jp/pickup/6592111,https://natalie.mu/eiga/news/685337,8/17(月) 22:10
top-picks,日テレNEWS NNN,発電機で一酸化炭素中毒 注意点,8/17(月) 21:29,https://news.yahoo.co.jp/pickup/6592109,https://news.yahoo.co.jp/articles/22c29db381de85da914df88aaab0c742bec88f8c,8/17(月) 21:29
top-picks,読売テレビ,生成AIで標章偽造の疑い 書類送検,8/17(月) 21:05,https://news.yahoo.co.jp/pickup/6592107,https://news.yahoo.co.jp/articles/362118130466cd762b3094b3238b1642cb1e5893,8/17(月) 21:05
top-picks,群馬テレビ,9日に流され行方不明の女性 救助,8/17(月) 20:48,https://news.yahoo.co.jp/pickup/6592108,,8/17(月) 20:48
top-picks,日刊スポーツ,KEY TO LIT 今冬CDデビュー決定,8/17(月) 20:46,https://news.yahoo.co.jp/pickup/6592106,https://news.yahoo.co.jp/articles/eceeec5e2284f9c2d7c217699452e7ede1db38d5,8/17(月) 20:46
top-picks,スポニチアネックス,左手骨折の有明エース 代走出場も,8/17(月) 20:43,https://news.yahoo.co.jp/pickup/6592105,https://news.yahoo.co.jp/articles/d357ee331accfb72948a85f1de5ad76090c9123b,8/17(月) 20:43
top-picks,テレビ新広島,熊本地震の断層破壊は約38km 調査,8/17(月) 20:41,https://news.yahoo.co.jp/pickup/6592104,https://news.yahoo.co.jp/articles/4562a126909d3ce09cb6c3bccec1835ce85d44b4,8/17(月) 20:41
top-picks,オリコン,ロケットナウ つまみ食い動画拡散,8/17(月) 20:17,https://news.yahoo.co.jp/pickup/6592103,https://news.yahoo.co.jp/articles/f89400e305099762c23b7b223d0621d38883cbc2,8/17(月) 20:17
top-picks,共同通信,ANAとJAL 互いにダイヤを調整へ,8/17(月) 20:12,https://news.yahoo.co.jp/pickup/6592102,https://news.yahoo.co.jp/articles/b166f56864c594c1eb3b2ddea04e7cb7ce6cf9a1,8/17(月) 20:12
top-picks,Media info not found,シン・山の神卒業 青学5区候補は,　夏休み期間中、箱根駅伝を目指すチームは夏合宿で汗を流している。同大会で3連覇中の青学大は、「シン・山の神」と呼ばれた黒田朝日が卒業。前半のトラックシーズンでは早大や中大ほどのインパクトを残すことはできなかったが、今季の5000mベスト上位6人の平均タイムは13分37秒91で、3位につけている。OBの黒田も参加した長野・菅平高原での合宿では、箱根駅伝5区の候補選手も続々と台頭しているという。今季の青学大はどれほど強いのか。,https://news.yahoo.co.jp/pickup/6592093,https://news.yahoo.co.jp/expert/articles/606d6a4eb721e014f85ef634ee2f93dfebe22219,8/17(月) 20:10
top-picks,HTB北海道ニュース,クマ3頭飛び出し 走行中の車衝突,8/17(月) 19:50,https://news.yahoo.co.jp/pickup/6592101,https://news.yahoo.co.jp/articles/cc0a15b5d42f336e9a344fefd0faec722296c021,8/17(月) 19:50
top-picks,日刊スポーツ,渡辺元智さん死去 教え子に筒香ら,8/17(月) 19:50,https://news.yahoo.co.jp/pickup/6592100,https://news.yahoo.co.jp/articles/7b62026dfb581ceb819f53084e1c483434142088,8/17(月) 19:50
top-picks,TBS NEWS DIG Powered by JNN,熊本地震 月内にも支援パッケージ,8/17(月) 19:36,https://news.yahoo.co.jp/pickup/6592098,https://news.yahoo.co.jp/articles/aef99cc38b0ed536d349e57c95b5808330c64c7f,8/17(月) 19:36
top-picks,テレビ朝日系（ANN）,福岡県議会 蔵内氏が議長辞任意向,8/17(月) 19:27,https://news.yahoo.co.jp/pickup/6592099,https://news.yahoo.co.jp/articles/b72ef353ee5f6bff3db16151484cb59d2c4932c4,8/17(月) 19:27
top-picks,スポーツ報知,衛藤美彩&源田壮亮 第3子が誕生,8/17(月) 18:54,https://news.yahoo.co.jp/pickup/6592097,https://news.yahoo.co.jp/articles/e79d674be43d9ead4051f6e46c2945b904327bba,8/17(月) 18:54
top-picks,tenki.jp,広範囲でISS見るチャンス 見頃は,8/17(月) 18:38,https://news.yahoo.co.jp/pickup/6592095,https://news.yahoo.co.jp/articles/2c0d9f2a8f289747571b3096adf431a977259cb0,8/17(月) 18:38
top-picks,スポーツ報知,衛藤美彩が出産 源田「妻に感謝」,8/17(月) 18:38,https://news.yahoo.co.jp/pickup/6592096,https://news.yahoo.co.jp/articles/e79d674be43d9ead4051f6e46c2945b904327bba,8/17(月) 18:38
top-picks,Media info not found,仙台育英vs.智弁和歌山 鍵は継投,第108回全国高校野球選手権大会は8月18日、準々決勝第2試合で仙台育英と智弁和歌山が対戦する。仙台育英は2023年以来3年ぶりのベスト8進出。智弁和歌山は優勝した2021年以来5年ぶりに準々決勝へ戻ってきた。直近の全国制覇校同士の顔合わせである。,https://news.yahoo.co.jp/pickup/6592094,https://twitter.com/asahi_koshien/status/2088587846437462315,8/17(月) 18:36
top-picks,KSB瀬戸内海放送,指名手配中の男 建物侵入疑い逮捕,8/17(月) 18:14,https://news.yahoo.co.jp/pickup/6592089,https://news.yahoo.co.jp/articles/32a1fa7ac2dd7001e9fde7cf115889550c5ef579,8/17(月) 18:14
top-picks,時事通信,葬儀の料金複雑化 トラブル絶えず,8/17(月) 18:12,https://news.yahoo.co.jp/pickup/6592088,https://news.yahoo.co.jp/articles/c6ac504a03b1dfced23e444b8d4c181f1e19e024,8/17(月) 18:12
top-picks,TeNYテレビ新潟,11歳男児が海岸で溺れ死亡 新潟,8/17(月) 18:11,https://news.yahoo.co.jp/pickup/6592090,https://news.yahoo.co.jp/articles/04762aa34fb5f6c90b2beef216292a50e9063669,8/17(月) 18:11
top-picks,カナロコ by 神奈川新聞,横浜高校元監督 渡辺元智さん死去,8/17(月) 18:06,https://news.yahoo.co.jp/pickup/6592092,https://news.yahoo.co.jp/articles/928d00e576642c8c8ed65f865695ecec64cba1ae,8/17(月) 18:06
top-picks,Yahoo!ニュース オリジナル 特集オリジナル,ゲーム婚した夫婦たち 恋した瞬間,8/17(月) 17:53,https://news.yahoo.co.jp/pickup/6592086,https://news.yahoo.co.jp/articles/bbd26807152e25c390645ca203af6df9dc6f20ce,8/17(月) 17:53
top-picks,産経新聞,「いけず石」物議 大阪市タジタジ,8/17(月) 17:41,https://news.yahoo.co.jp/pickup/6592082,https://news.yahoo.co.jp/articles/891b29c3f99b762cc84d42e5d81b6aef0a3ad4d9,8/17(月) 17:41
top-picks,西日本新聞me,福岡県会議長の辞職勧告 採決中止,8/17(月) 17:32,https://news.yahoo.co.jp/pickup/6592084,https://news.yahoo.co.jp/articles/5f69e53399305ac0f1b7c6e8b44c853b8b2162e8,8/17(月) 17:32
top-picks,TeNYテレビ新潟,11歳が海岸で溺れ心肺停止 新潟,8/17(月) 17:26,https://news.yahoo.co.jp/pickup/6592085,https://news.yahoo.co.jp/articles/04762aa34fb5f6c90b2beef216292a50e9063669,8/17(月) 17:26
top-picks,スポニチアネックス,がん公表の大竹まこと ラジオ続行,8/17(月) 17:20,https://news.yahoo.co.jp/pickup/6592081,https://news.yahoo.co.jp/articles/eb4c16b798938ed388fd7fd96d9199b242f2897a,8/17(月) 17:20
top-picks,スポニチアネックス,「comico」来年1月でサービス終了,8/17(月) 17:09,https://news.yahoo.co.jp/pickup/6592078,https://news.yahoo.co.jp/articles/e77863e014de38ea729374edc65085088f36d312,8/17(月) 17:09
top-picks,共同通信,イラン 米軍へ再攻撃辞さない方針,8/17(月) 16:52,https://news.yahoo.co.jp/pickup/6592076,https://news.yahoo.co.jp/articles/7ff92382157ba0383705fe3c3654316bae989d7e,8/17(月) 16:52
top-picks,日刊スポーツ,武豊「残念」仏G1まさかの最下位,8/17(月) 16:51,https://news.yahoo.co.jp/pickup/6592077,https://news.yahoo.co.jp/articles/1d5d02fdc59eacfea8b28373e263a54392d7739c,8/17(月) 16:51
top-picks,共同通信,楽天 迎撃ドローンで独企業と提携,8/17(月) 16:33,https://news.yahoo.co.jp/pickup/6592073,https://news.yahoo.co.jp/articles/520b834b53852253c1a844bbc3c1ef4bcb4ea9e8,8/17(月) 16:33
top-picks,毎日新聞,コロンビア地震 日本が物資供与へ,8/17(月) 16:26,https://news.yahoo.co.jp/pickup/6592074,https://news.yahoo.co.jp/articles/1e6efef345ff1223953bce13d63880e62b6a2cd4,8/17(月) 16:26
top-picks,共同通信,浸水で放射性廃液が漏えい 千葉市,8/17(月) 15:55,https://news.yahoo.co.jp/pickup/6592072,https://news.yahoo.co.jp/articles/d0206a677ce615a8d793665e169df3b23a2f656d,8/17(月) 15:55
top-picks,読売新聞（ヨミドクター）,子どもの「3大夏風邪」予防策は,8/17(月) 15:54,https://news.yahoo.co.jp/pickup/6592069,https://news.yahoo.co.jp/articles/ca26e6b6269b80f67673e05d398da7290e677590,8/17(月) 15:54
top-picks,ロイター,EU 対露制裁を大幅拡大の方針,8/17(月) 15:46,https://news.yahoo.co.jp/pickup/6592071,https://news.yahoo.co.jp/articles/be8073f12cab27be73a364b18223c9f4e81479a9,8/17(月) 15:46
top-picks,オリコン,元乃木坂46・衛藤美彩が第3子出産,8/17(月) 15:27,https://news.yahoo.co.jp/pickup/6592068,https://news.yahoo.co.jp/articles/7557a0c92499c99955677adcb56ec2545919b79c,8/17(月) 15:27
top-picks,読売新聞オンライン,テンポ良い投球で打線活気? 検証,8/17(月) 15:20,https://news.yahoo.co.jp/pickup/6592064,https://news.yahoo.co.jp/articles/8996dae2cc3c2b1911d4143d27a955b2edd1319a,8/17(月) 15:20
top-picks,ENCOUNT,ギャル曽根 ご飯「1日24合炊く」,8/17(月) 15:14,https://news.yahoo.co.jp/pickup/6592067,https://news.yahoo.co.jp/articles/fc03ac3659a236b2d9d75c576cef7f49a683bab7,8/17(月) 15:14
top-picks,読売新聞オンライン,キョン 千葉県から分布拡大の恐れ,8/17(月) 14:55,https://news.yahoo.co.jp/pickup/6592066,https://news.yahoo.co.jp/articles/04066c71f5e3cbf5aa7dc44dc1f7521352ddfadf,8/17(月) 14:55
top-picks,静岡放送（SBS）,73歳運転 店に車突っ込み2人けが,8/17(月) 14:45,https://news.yahoo.co.jp/pickup/6592065,https://news.yahoo.co.jp/articles/3a4ef6976e8e52c809f5b408d2d8507a705880ca,8/17(月) 14:45
top-picks,ロイター,韓国で犬肉禁止へ 伝統惜しむ客,8/17(月) 14:23,https://news.yahoo.co.jp/pickup/6592063,https://news.yahoo.co.jp/articles/33170ad121fa94ed3fe73fef1f633feeecfa3809,8/17(月) 14:23
top-picks,CNN.co.jp,俳優 H・パネッティーアさん死去,8/17(月) 14:11,https://news.yahoo.co.jp/pickup/6592062,https://news.yahoo.co.jp/articles/b137494e6a5359a78746621dcc708732cd025e96,8/17(月) 14:11
top-picks,毎日新聞,公園の名称 異例の決選投票で決定,8/17(月) 13:52,https://news.yahoo.co.jp/pickup/6592058,https://news.yahoo.co.jp/articles/207e1e9053faecdfedb7c83f584f26dbccdb8d25,8/17(月) 13:52
top-picks,ロイター,コンゴ エボラ感染者の約半数死亡,8/17(月) 13:51,https://news.yahoo.co.jp/pickup/6592059,https://news.yahoo.co.jp/articles/1825c64c580c1c9cfa48f1f772bd1af9a8bf85f4,8/17(月) 13:51
top-picks,熊本日日新聞,旅館などへの2次避難進まず 熊本,8/17(月) 13:45,https://news.yahoo.co.jp/pickup/6592057,https://news.yahoo.co.jp/articles/14ffa8c263c143c1ea563fc998902856f825d51e,8/17(月) 13:45
top-picks,Media info not found,「都構想」と「副首都」巡る課題,副首都指定を巡っては7道府県、6政令市が申請を検討していると報じられたが、指定要件は政令で定められるので不明瞭なままだ。制度の必要性や合理性の検証よりも、取り敢えず副首都や首都中枢機能代替地域という名称や期待される補助金等の利益獲得に走る構図が両者に共通する。,https://news.yahoo.co.jp/pickup/6592046,https://news.yahoo.co.jp/articles/b629fe4cef7930b51df89e150336cd61e5c508fc,8/17(月) 13:31
top-picks,日テレNEWS NNN,千葉で遺体 豪雨で不明の男性か,8/17(月) 13:28,https://news.yahoo.co.jp/pickup/6592056,https://news.yahoo.co.jp/articles/9e8505d20083da7fa8f7188547d1a35dfae74dd5,8/17(月) 13:28
top-picks,千葉日報オンライン,千葉豪雨 冠水で高齢者施設が孤立,8/17(月) 12:59,https://news.yahoo.co.jp/pickup/6592053,https://news.yahoo.co.jp/articles/f5bc394f6d619e242ebf275334a15d73f2c49d2a,8/17(月) 12:59
top-picks,スポニチアネックス,大竹まこと 前立腺がんを公表,8/17(月) 12:57,https://news.yahoo.co.jp/pickup/6592055,https://news.yahoo.co.jp/articles/9242bbf6c28e3d29890c5ff7d0d41c4cf77f3895,8/17(月) 12:57
top-picks,日刊スポーツ,歌舞伎俳優・中村種之助が結婚,8/17(月) 12:39,https://news.yahoo.co.jp/pickup/6592054,https://news.yahoo.co.jp/articles/efae5a939ca622bbb845c4f67a3eba69adaa2b27,8/17(月) 12:39
top-picks,Media info not found,「カレー焼きそば」再評価 なぜ今,　「カレー」と「焼きそば」。日本人にとってどちらも馴染み深い人気の料理ですが、この二つを組み合わせた「カレー焼きそば」が、いま静かな盛り上がりを見せています。,https://news.yahoo.co.jp/pickup/6592049,https://newsdig.tbs.co.jp/articles/-/2863333?display=1,8/17(月) 12:39
top-picks,Media info not found,VIVANT考察疲れ「復習視聴」功罪,"TBS日曜劇場「VIVANT」シーズン2にまつわる二つの数字が注目されています。7月26日放送の初回世帯視聴率は18.8%と好発進を切りましたが、8月9日放送分では15.1%となりました。一方、TVerの再生数は初回分が8日間で887万回に到達し単一エピソードの歴代最高記録を更新、その他のアナザーストーリー的な関連動画も回を追うごとに話題になっています。二つの“ものさし”が交錯する中、SNSでは考察と伏線議論が加熱を続け「伏線を全部覚えていないと置いていかれる」という""考察疲れ""の声も広がっています。",https://news.yahoo.co.jp/pickup/6592050,https://news.yahoo.co.jp/articles/4100438d98051fe501c1972be16a20baf7b44b96,8/17(月) 12:35
top-picks,ＡＦＰ＝時事,露とウ 民間施設への空爆相次ぐ,8/17(月) 12:13,https://news.yahoo.co.jp/pickup/6592052,https://news.yahoo.co.jp/articles/1299664676f4c7b3cc2459dc074b8ab1f5f23e5f,8/17(月) 12:13
top-picks,東洋経済オンライン,ラヴ上等出演者の発言が物議 解説,8/17(月) 12:01,https://news.yahoo.co.jp/pickup/6592051,https://news.yahoo.co.jp/articles/0b68d698890696d79afced52cd50bce8b0e5507a,8/17(月) 12:01
top-picks,Media info not found,ちいかわ くりまんじゅう人気背景,『映画ちいかわ 人魚の島のひみつ』が公開20日で興行収入80.7億円を記録した。語られているのは救われない結末だけではない。SNSで名前が繰り返し挙がるのが、本筋にほとんど関わらないくりまんじゅうである。島の裏側で焼きそばとビールを楽しみ、二日酔いになり、シーサーに介抱され、バカンスを満喫していた一人だ。乾杯したい、あのパートがあるから本筋が際立つ脇にいたはずのキャラクターが、なぜここまで語られるのか。,https://news.yahoo.co.jp/pickup/6592048,https://realsound.jp/movie/2026/07/post-2466445.html,8/17(月) 11:56
top-picks,共同通信,精神疾患の日本兵に感染人体実験,8/17(月) 11:52,https://news.yahoo.co.jp/pickup/6592042,https://news.yahoo.co.jp/articles/22cc40013c546f3cd64480af5c6a2ccd8d0bffd3,8/17(月) 11:52
top-picks,東洋経済オンライン,ラヴ上等出演者の発言物議 問題点,8/17(月) 11:44,https://news.yahoo.co.jp/pickup/6592045,https://news.yahoo.co.jp/articles/0b68d698890696d79afced52cd50bce8b0e5507a,8/17(月) 11:44
top-picks,中京テレビＮＥＷＳ,運転手引きずり降ろし車奪う 逃走,8/17(月) 11:43,https://news.yahoo.co.jp/pickup/6592047,https://news.yahoo.co.jp/articles/63f3b235a4a121d5c721e7f14f6411c0675d5a95,8/17(月) 11:43
top-picks,スポーツ報知,吉田正尚がIL入り 無念の離脱,8/17(月) 11:29,https://news.yahoo.co.jp/pickup/6592043,https://news.yahoo.co.jp/articles/28753a484bab9be049e3e1eaf0fa08e1e5d75ad2,8/17(月) 11:29
top-picks,関西テレビ,定着するか 稼げるブルーカラー,8/17(月) 11:21,https://news.yahoo.co.jp/pickup/6592038,https://news.yahoo.co.jp/articles/4542579e204737a1c5f4b442de55d1c53e87f5e5,8/17(月) 11:21
top-picks,デイリースポーツ,ド軍監督 打線不振に苛立ち隠せず,8/17(月) 11:20,https://news.yahoo.co.jp/pickup/6592040,https://news.yahoo.co.jp/articles/70770415ab279894caad61263ca0a0ce1b005f3f,8/17(月) 11:20
top-picks,時事通信,長期金利が上昇 約30年ぶり高水準,8/17(月) 11:16,https://news.yahoo.co.jp/pickup/6592041,https://news.yahoo.co.jp/articles/c6f91ae9bf7d54730fde36a727d918de589e028a,8/17(月) 11:16
top-picks,読売新聞オンライン,篠山輝信さん 事務所との裁判語る,8/17(月) 11:03,https://news.yahoo.co.jp/pickup/6592036,https://news.yahoo.co.jp/articles/0815c7af7c31cbc0d1d3a9ff22a15a3baa1cbedd,8/17(月) 11:03
top-picks,中国新聞デジタル,岩国のシロヘビ 1年間で281匹死ぬ,8/17(月) 10:13,https://news.yahoo.co.jp/pickup/6592033,https://news.yahoo.co.jp/articles/d3a3dd27d5e98d9b566c9d090b627324f49d5705,8/17(月) 10:13
top-picks,朝日新聞,トミー・ジョン氏死去 手術の由来,8/17(月) 10:03,https://news.yahoo.co.jp/pickup/6592031,https://news.yahoo.co.jp/articles/dfa7886b2a4eed4f61e3afcb20ce69a97a979b7d,8/17(月) 10:03
top-picks,共同通信,米韓が軍事演習開始 北朝鮮は反発,8/17(月) 10:00,https://news.yahoo.co.jp/pickup/6592032,https://news.yahoo.co.jp/articles/7e1c32ab622dce02c02f3bdcd7f7258412538cbd,8/17(月) 10:00
top-picks,朝日新聞,キャッシュレス決済 浸透に地域差,8/17(月) 9:54,https://news.yahoo.co.jp/pickup/6592030,https://news.yahoo.co.jp/articles/0fc396bd8861916c1671904e135b10f046cb9a8c,8/17(月) 9:54
top-picks,デイリースポーツ,大谷悔しさあらわ 好機で痛恨併殺,8/17(月) 9:34,https://news.yahoo.co.jp/pickup/6592029,https://news.yahoo.co.jp/articles/742e89d87f2829aa3412355b6ecd868d7511f8f4,8/17(月) 9:34
top-picks,TBS NEWS DIG Powered by JNN,4-6月期の実質GDP 3期連続プラス,8/17(月) 9:15,https://news.yahoo.co.jp/pickup/6592026,https://news.yahoo.co.jp/articles/846b87237de90bf11522df22e2921c8b6ac874a3,8/17(月) 9:15
top-picks,tenki.jp,各地で厳しい残暑 熱中症に注意,8/17(月) 9:15,https://news.yahoo.co.jp/pickup/6592027,https://news.yahoo.co.jp/articles/4142106406c9c339e2c003d8336084fc571a0fa2,8/17(月) 9:15
top-picks,TNCテレビ西日本,マンホールの蓋複数飛ぶ 民家破損,8/17(月) 8:59,https://news.yahoo.co.jp/pickup/6592025,https://news.yahoo.co.jp/articles/88e4443a9a032d3bea6275c333905a688f542845,8/17(月) 8:59
top-picks,デイリースポーツ,大谷が好機で痛恨併殺 天を仰ぐ,8/17(月) 8:52,https://news.yahoo.co.jp/pickup/6592024,https://news.yahoo.co.jp/articles/742e89d87f2829aa3412355b6ecd868d7511f8f4,8/17(月) 8:52
top-picks,オリコン,永野芽郁 元キャバ嬢役で主演,8/17(月) 8:34,https://news.yahoo.co.jp/pickup/6592022,https://news.yahoo.co.jp/articles/a36783b29f6ada9da5b93d5d1fa24090247b0891,8/17(月) 8:34
top-picks,FNNプライムオンライン（フジテレビ系）,豪雨で放置車両 撤去見通し立たず,8/17(月) 8:29,https://news.yahoo.co.jp/pickup/6592023,https://news.yahoo.co.jp/articles/fcc09b07469a804c6d8f59290f6006312aed7234,8/17(月) 8:29
top-picks,時事通信,大戸屋HD社長 海外出店を加速,8/17(月) 8:14,https://news.yahoo.co.jp/pickup/6592019,https://news.yahoo.co.jp/articles/a15db407ed957240596f82d4ec363a324b3731a7,8/17(月) 8:14
top-picks,スポーツ報知,吉田正尚が太もも裏負傷 IL入り,8/17(月) 8:05,https://news.yahoo.co.jp/pickup/6592021,https://news.yahoo.co.jp/articles/28753a484bab9be049e3e1eaf0fa08e1e5d75ad2,8/17(月) 8:05
top-picks,MBSニュース,遊泳区域外で泳ぎ練習中 溺れ死亡,8/17(月) 7:59,https://news.yahoo.co.jp/pickup/6592020,https://news.yahoo.co.jp/articles/eb44a8054bbf448b757792ad41d07270737023dd,8/17(月) 7:59
top-picks,読売新聞オンライン,介護保険証とマイナ 一体化を促進,8/17(月) 7:39,https://news.yahoo.co.jp/pickup/6592015,https://news.yahoo.co.jp/articles/83719095eb312643fda5855681fd0652012b680b,8/17(月) 7:39
top-picks,スポーツ報知,剛力彩芽 事務所名イジりに笑顔,8/17(月) 7:38,https://news.yahoo.co.jp/pickup/6592016,https://news.yahoo.co.jp/articles/0083aff5534980ee421d6ef62d12b2967def73d1,8/17(月) 7:38
top-picks,毎日新聞,石綿除去に免許制 日本は未導入,8/17(月) 7:29,https://news.yahoo.co.jp/pickup/6592013,https://news.yahoo.co.jp/articles/b1e6a9fa0eaa02c041daf5af20faf0d1d9dcb6ef,8/17(月) 7:29
top-picks,朝日新聞,福岡県議長 自民会派相談役外れる,8/17(月) 7:26,https://news.yahoo.co.jp/pickup/6592014,https://news.yahoo.co.jp/articles/2762bc7c0a790a4ab2c7386cf939ffe1212fab81,8/17(月) 7:26
top-picks,テレビ朝日系（ANN）,トランプ氏 米韓軍事演習縮小指示,8/17(月) 7:20,https://news.yahoo.co.jp/pickup/6592012,https://news.yahoo.co.jp/articles/7aff76d377309f2d2a35f51219761f648e6d4cf8,8/17(月) 7:20
top-picks,スポーツ報知,トミー・ジョン氏死去 MLB発表,8/17(月) 6:58,https://news.yahoo.co.jp/pickup/6592011,https://news.yahoo.co.jp/articles/d257b7447ef6055ecb3f5cd8cb90abcae9b7e225,8/17(月) 6:58
top-picks,FNNプライムオンライン（フジテレビ系）,福岡県で震度4 津波の心配なし,8/17(月) 6:43,https://news.yahoo.co.jp/pickup/6592009,https://news.yahoo.co.jp/articles/ca0abc6a8f9eeae95522cb522c89ab62621c14a0,8/17(月) 6:43
top-picks,,地震情報,8/17(月) 6:40,https://news.yahoo.co.jp/pickup/6591051,,8/17(月) 6:40
top-picks,SOCCER DIGEST Web,Cロナウド 今季終了後の引退示唆,8/17(月) 6:24,https://news.yahoo.co.jp/pickup/6592008,https://news.yahoo.co.jp/articles/4849902c62911720e7144c5b71ee74ddaffcebd7,8/17(月) 6:24
top-picks,スポニチアネックス,村上宗隆が28号2ラン 快進撃主役,8/17(月) 6:09,https://news.yahoo.co.jp/pickup/6592007,https://news.yahoo.co.jp/articles/39d717252384991f3e3fd207d9d89d225227d173,8/17(月) 6:09
top-picks,読売新聞オンライン,オープンAI 経営幹部が相次ぎ退社,8/17(月) 0:00,https://news.yahoo.co.jp/pickup/6592006,https://news.yahoo.co.jp/articles/b12c70eea1870fe6d19b036884a06ae0c00729ef,8/17(月) 0:00
top-picks,KBC九州朝日放送,マンホールの蓋飛ぶ 虫駆除原因か,8/16(日) 23:47,https://news.yahoo.co.jp/pickup/6592005,https://news.yahoo.co.jp/articles/c66390e7c11a07dc11c613192c925781afacca30,8/16(日) 23:47
top-picks,毎日新聞,霞ケ浦選手へ横浜選手水渡す 拍手,8/16(日) 23:18,https://news.yahoo.co.jp/pickup/6592004,https://news.yahoo.co.jp/articles/2e4a09691a3a02f3b540708c4d89429ad4c2611a,8/16(日) 23:18
top-picks,スポニチアネックス,韓国に2連勝 河村勇輝が大暴れ,8/16(日) 23:06,https://news.yahoo.co.jp/pickup/6592003,https://news.yahoo.co.jp/articles/e66851e975bc23cb1be99c8e202b614178707162,8/16(日) 23:06
top-picks,ＡＦＰ＝時事,ドローン600機 露首都に向け飛行,8/16(日) 23:01,https://news.yahoo.co.jp/pickup/6592002,https://news.yahoo.co.jp/articles/bb82f19defbe48306cc86e958e40685353d3e6b8,8/16(日) 23:01
top-picks,共同通信,米イラン覚書期限 海峡開放見えず,8/16(日) 22:44,https://news.yahoo.co.jp/pickup/6592001,https://news.yahoo.co.jp/articles/c180d898d2b9321ba1560f65adc67dd5b988c589,8/16(日) 22:44
top-picks,テレビ朝日系（ANN）,BBQ中に川に流され 20代女性重体,8/16(日) 22:37,https://news.yahoo.co.jp/pickup/6592000,,8/16(日) 22:37
top-picks,スポーツ報知,広島・小園が懲罰交代 ミス連発,8/16(日) 22:27,https://news.yahoo.co.jp/pickup/6591997,https://news.yahoo.co.jp/articles/54bc462bc8559863b8f7dd170b253f95f4e9680c,8/16(日) 22:27
top-picks,スポーツ報知,カンヌ女優賞 岡本多緒が出産,8/16(日) 22:25,https://news.yahoo.co.jp/pickup/6591999,https://news.yahoo.co.jp/articles/30028d2dd85b79141b5e7cdcf7af497da4eeee29,8/16(日) 22:25
top-picks,読売新聞オンライン,千葉市の川沿いに遺体 豪雨関連か,8/16(日) 22:00,https://news.yahoo.co.jp/pickup/6591994,,8/16(日) 22:00
top-picks,TBS NEWS DIG Powered by JNN,逆走台風と千葉豪雨 なぜ起きた,8/16(日) 22:00,https://news.yahoo.co.jp/pickup/6591993,https://news.yahoo.co.jp/articles/764bb21f207301cb2cd8d449760f1a8f54e7dbd3,8/16(日) 22:00
top-picks,AERA DIGITAL,京急上大岡駅 液晶の「パタパタ」,8/16(日) 21:38,https://news.yahoo.co.jp/pickup/6591992,https://news.yahoo.co.jp/articles/37bd14b0a224b8839d788b2c2aa6d4f27ea7c480,8/16(日) 21:38
top-picks,共同通信,千葉豪雨 放置車両2700台を確認,8/16(日) 21:36,https://news.yahoo.co.jp/pickup/6591991,https://news.yahoo.co.jp/articles/5b5764d0194f386111b1bb5852c95a0a35a6c0d7,8/16(日) 21:36
top-picks,スポーツ報知,KISSベース始球式で4球投げる 米,8/16(日) 21:12,https://news.yahoo.co.jp/pickup/6591990,https://news.yahoo.co.jp/articles/6322d508fa50aa58984d271dfb71243690064621,8/16(日) 21:12
top-picks,デイリースポーツ,横浜・織田 登板するだけで大歓声,8/16(日) 21:08,https://news.yahoo.co.jp/pickup/6591989,https://news.yahoo.co.jp/articles/7a3fdd0926abbd897c00acf7187e5abcf91ea951,8/16(日) 21:08
top-picks,TBS NEWS DIG Powered by JNN,辞職勧告受け 福岡県議長続投考え,8/16(日) 21:07,https://news.yahoo.co.jp/pickup/6591987,https://news.yahoo.co.jp/articles/faa59f9486af3dcaf1becff7daaaa57d70bda37a,8/16(日) 21:07
top-picks,読売新聞オンライン,知人助けようとして行方不明 千葉,8/16(日) 20:16,https://news.yahoo.co.jp/pickup/6591985,https://news.yahoo.co.jp/articles/37d713fd0213f9ac9d8a7596a8414f67dbe9b83f,8/16(日) 20:16
top-picks,千葉日報オンライン,「迷子です」と女児 高校生ら保護,8/16(日) 20:16,https://news.yahoo.co.jp/pickup/6591984,https://news.yahoo.co.jp/articles/ccb46a6ede3a0e3256d2410dfcf4e439584e08a7,8/16(日) 20:16
top-picks,共同通信,内閣改造と自民役員人事 注目点は,8/16(日) 20:11,https://news.yahoo.co.jp/pickup/6591986,,8/16(日) 20:11
top-picks,スポニチアネックス,激震 有明ダブルエースの1人骨折,8/16(日) 20:11,https://news.yahoo.co.jp/pickup/6591983,https://news.yahoo.co.jp/articles/0dc70522ed99e283627ac00acad11660ebb9f494,8/16(日) 20:11
top-picks,日刊スポーツ,中日8回に10失点 ファン続々帰路,8/16(日) 19:33,https://news.yahoo.co.jp/pickup/6591979,https://news.yahoo.co.jp/articles/44be8480048514fac3a5f2af49e173329c952ce1,8/16(日) 19:33
top-picks,ABEMA TIMES,早期退職 第二の人生は甘くない?,8/16(日) 19:26,https://news.yahoo.co.jp/pickup/6591977,https://news.yahoo.co.jp/articles/0b3e41e85226058b5492d34ed3bde15eed4d7eab,8/16(日) 19:26
top-picks,HOME広島ホームテレビ,元サッカー監督 下村幸男さん死去,8/16(日) 19:18,https://news.yahoo.co.jp/pickup/6591978,https://news.yahoo.co.jp/articles/1b83d4342ff13fec490676513ffca018752450b1,8/16(日) 19:18
top-picks,47NEWS,ゆりかご初日に預けられ 今は22歳,8/16(日) 18:50,https://news.yahoo.co.jp/pickup/6591975,https://news.yahoo.co.jp/articles/84eb733ae6467df8d7fbed96c360ef249d4860cc,8/16(日) 18:50
top-picks,FNNプライムオンライン（フジテレビ系）,インドネシアの地震 死者50人超に,8/16(日) 18:48,https://news.yahoo.co.jp/pickup/6591974,https://news.yahoo.co.jp/articles/522104588f9eb52d52a77881d82fed350143b6c3,8/16(日) 18:48
top-picks,tenki.jp,千葉など17日から厳しい暑さ 注意,8/16(日) 18:41,https://news.yahoo.co.jp/pickup/6591973,https://news.yahoo.co.jp/articles/133187bee5f14dc813d2d75d87e4f047b5c4a0d4,8/16(日) 18:41
top-picks,読売新聞オンライン,千葉の車両撤去 JAFに要請が殺到,8/16(日) 18:37,https://news.yahoo.co.jp/pickup/6591972,https://news.yahoo.co.jp/articles/b63d07298132440c75017f973950c674449933b0,8/16(日) 18:37
top-picks,magacol,木村多江 結婚は流れに乗った感じ,8/16(日) 18:35,https://news.yahoo.co.jp/pickup/6591971,https://news.yahoo.co.jp/articles/34cab6700eb690ae215a156c2d6d20b34c62ff4d,8/16(日) 18:35
top-picks,共同通信,地震で停電 教室育ちサーモン全滅,8/16(日) 18:11,https://news.yahoo.co.jp/pickup/6591970,https://news.yahoo.co.jp/articles/12bf00fb5363a123ab63b864d1354b84c18a0e3f,8/16(日) 18:11
top-picks,日テレNEWS NNN,溺れ死んじゃう 浸水の車内で恐怖,8/16(日) 18:04,https://news.yahoo.co.jp/pickup/6591969,https://news.yahoo.co.jp/articles/19ddd053029a830ce45c91837d72d40de0e73e0f,8/16(日) 18:04
top-picks,日刊スポーツ,G小笠原に8秒間の大ブーイング,8/16(日) 18:00,https://news.yahoo.co.jp/pickup/6591968,https://news.yahoo.co.jp/articles/b11560cc1df1c6b7db9334fed52278b1ae16c84e,8/16(日) 18:00
top-picks,時事通信,豪で「ワーホリ」受け入れ抑制へ,8/16(日) 17:57,https://news.yahoo.co.jp/pickup/6591966,https://news.yahoo.co.jp/articles/1cb6edc9f45b14a1f31de57fd25469e6a26ce447,8/16(日) 17:57
top-picks,読売新聞オンライン,衆議院本館の女性トイレ 増設へ,8/16(日) 17:55,https://news.yahoo.co.jp/pickup/6591967,https://news.yahoo.co.jp/articles/afc0970a993e62c4a61cd678d1149b95ad808ac2,8/16(日) 17:55
top-picks,週刊女性PRIME,生まれた子に重い障害 8年間自責,8/16(日) 17:30,https://news.yahoo.co.jp/pickup/6591962,https://news.yahoo.co.jp/articles/9fde2ba7f3490dbdb7b43384bd6b4378d40ecce0,8/16(日) 17:30
top-picks,テレビ朝日系（ANN）,千葉豪雨の死者10人 1人行方不明,8/16(日) 17:27,https://news.yahoo.co.jp/pickup/6591964,https://news.yahoo.co.jp/articles/fe2b62d900ff12b105ee6437667c1c80164495ed,8/16(日) 17:27
top-picks,女性自身,モナキの快進撃 支えた純烈・酒井,8/16(日) 17:22,https://news.yahoo.co.jp/pickup/6591965,https://news.yahoo.co.jp/articles/c7ab795c49354a0f4437ba18b41bbc8393660cd3,8/16(日) 17:22
top-picks,TBS NEWS DIG Powered by JNN,横浜が8強進出 霞ケ浦に逆転勝利,8/16(日) 17:16,https://news.yahoo.co.jp/pickup/6591963,https://news.yahoo.co.jp/articles/86b455af17f5936d503f6bcf8612b71e6cf98b33,8/16(日) 17:16
top-picks,女性自身,モナキが明かす 純烈・酒井の金言,8/16(日) 17:13,https://news.yahoo.co.jp/pickup/6591957,https://news.yahoo.co.jp/articles/c7ab795c49354a0f4437ba18b41bbc8393660cd3,8/16(日) 17:13
top-picks,MBSニュース,地震で実家崩れ「助けて」父の声,8/16(日) 16:59,https://news.yahoo.co.jp/pickup/6591961,https://news.yahoo.co.jp/articles/1dc442e817126acdc341569791753718ab70fe40,8/16(日) 16:59
top-picks,MBSニュース,両親いた家崩れる 地震時の絶望感,8/16(日) 16:53,https://news.yahoo.co.jp/pickup/6591958,https://news.yahoo.co.jp/articles/1dc442e817126acdc341569791753718ab70fe40,8/16(日) 16:53
top-picks,スポーツナビ,速報甲子園 横浜が霞ケ浦を逆転,8/16(日) 16:41,https://news.yahoo.co.jp/pickup/6591959,https://news.yahoo.co.jp/articles/66bb5d1d7537163ad60ba6bc9e0ec94456f03028,8/16(日) 16:41
top-picks,日テレNEWS NNN,西武 ドミニカ出身17歳と育成契約,8/16(日) 16:38,https://news.yahoo.co.jp/pickup/6591955,https://news.yahoo.co.jp/articles/1d238a417c31be7a9df95b65aeb97e00be4187fc,8/16(日) 16:38
top-picks,日テレNEWS NNN,防空壕で生まれた自民森山氏 思い,8/16(日) 16:24,https://news.yahoo.co.jp/pickup/6591954,https://news.yahoo.co.jp/articles/b8163e070978628e2d47ddf30f874ea12f71fd6d,8/16(日) 16:24
top-picks,よろず～ニュース,子ども用ハーネス賛否 識者の見解,8/16(日) 16:23,https://news.yahoo.co.jp/pickup/6591953,https://news.yahoo.co.jp/articles/0c9028cacd6d9782df732cb90a100ebfae45cce9,8/16(日) 16:23
top-picks,ニュースイッチ,脱「絶叫遊園地」富士急G転換点,8/16(日) 16:03,https://news.yahoo.co.jp/pickup/6591952,https://news.yahoo.co.jp/articles/592f5061374857001c70854cd2efd4a006c4dc80,8/16(日) 16:03
top-picks,毎日新聞,高専「ネーミングライツ」広がる,8/16(日) 15:46,https://news.yahoo.co.jp/pickup/6591951,https://news.yahoo.co.jp/articles/ebbb4259e0140b8ff2b203137759f3c648fb929b,8/16(日) 15:46
top-picks,朝日新聞,3試合連続逆転勝ち 有明なぜ強い,8/16(日) 15:36,https://news.yahoo.co.jp/pickup/6591950,https://news.yahoo.co.jp/articles/d9d5f84d964a00662ff71f388e3b1eb5de14c1e6,8/16(日) 15:36
top-picks,毎日新聞,世界でブームのスクイーズ 事故も,8/16(日) 15:28,https://news.yahoo.co.jp/pickup/6591949,https://news.yahoo.co.jp/articles/7a417b24a965b9eb28b301e788948c7209b9dc5a,8/16(日) 15:28
top-picks,スポーツナビ,速報甲子園 霞ケ浦vs.横浜,8/16(日) 15:11,https://news.yahoo.co.jp/pickup/6591948,https://news.yahoo.co.jp/articles/66bb5d1d7537163ad60ba6bc9e0ec94456f03028,8/16(日) 15:11
top-picks,TBS NEWS DIG Powered by JNN,花巻東が3年ぶり8強 英明を破る,8/16(日) 14:51,https://news.yahoo.co.jp/pickup/6591947,https://news.yahoo.co.jp/articles/30eb8bfdc56e25a99a52d31c311b799263b840a7,8/16(日) 14:51
top-picks,NBS長野放送,釣り竿取りに池泳ぎ溺れたか 死亡,8/16(日) 14:41,https://news.yahoo.co.jp/pickup/6591945,https://news.yahoo.co.jp/articles/52f8b54f888e38e1cdbdb6c60cf5fe816f87e015,8/16(日) 14:41
top-picks,スポーツ報知,今福和志 1500m自由形で日本新,8/16(日) 14:39,https://news.yahoo.co.jp/pickup/6591946,https://news.yahoo.co.jp/articles/e91313d46b5c18ec50a672788ecff0af8277c3fc,8/16(日) 14:39
top-picks,TBS NEWS DIG Powered by JNN,ベルギーで過去最大規模の山火事,8/16(日) 14:38,https://news.yahoo.co.jp/pickup/6591943,https://news.yahoo.co.jp/articles/6cbbea004bb3c43160f87eb5ccb5faef47387177,8/16(日) 14:38
top-picks,スポーツ報知,元近鉄の左腕・神部年男さん死去,8/16(日) 14:33,https://news.yahoo.co.jp/pickup/6591944,https://news.yahoo.co.jp/articles/87e9f49a5f435c3cc9907aacd26d4cc4767abe5e,8/16(日) 14:33
top-picks,SPA!,前田敦子 子どもは完全に生きがい,8/16(日) 13:56,https://news.yahoo.co.jp/pickup/6591938,https://news.yahoo.co.jp/articles/7acf1de93b12c8eafe0aded4206ecc0e0c347335,8/16(日) 13:56
top-picks,スポーツ報知,緊急先発の有明・斉藤 109球完投,8/16(日) 13:36,https://news.yahoo.co.jp/pickup/6591936,https://news.yahoo.co.jp/articles/e29319999e3f25bd104f74059a40995084b887da,8/16(日) 13:36
top-picks,毎日新聞,多摩川で中学生が溺れる 意識不明,8/16(日) 13:14,https://news.yahoo.co.jp/pickup/6591935,https://news.yahoo.co.jp/articles/e3b16ff2c754c527601c734a6606ea316675287b,8/16(日) 13:14
top-picks,スポーツナビ,速報甲子園 花巻東vs.英明,8/16(日) 12:47,https://news.yahoo.co.jp/pickup/6591934,https://news.yahoo.co.jp/articles/a7b411b57ab67e4d64406887fb0f6af4e72089f8,8/16(日) 12:47
top-picks,たまひよONLINE,生後4カ月でがん 眼球摘出を決断,8/16(日) 12:44,https://news.yahoo.co.jp/pickup/6591932,https://news.yahoo.co.jp/articles/36cf4dfc769abd3c71acebd0c3eaec5ea709bb2d,8/16(日) 12:44
top-picks,FNNプライムオンライン（フジテレビ系）,お盆休み最終日 交通混雑がピーク,8/16(日) 12:22,https://news.yahoo.co.jp/pickup/6591931,https://news.yahoo.co.jp/articles/37a905cb662a9ee78aee51e298c6a6cc323dfb6b,8/16(日) 12:22
top-picks,スポニチアネックス,有明が一挙4点の逆転劇 快進撃8強,8/16(日) 12:19,https://news.yahoo.co.jp/pickup/6591933,https://news.yahoo.co.jp/articles/ee8bb045d44d79f0a5449224f026919a98cc5df9,8/16(日) 12:19
top-picks,朝日新聞,軍人に殴られた痛み 少年の記憶,8/16(日) 12:06,https://news.yahoo.co.jp/pickup/6591928,https://news.yahoo.co.jp/articles/d7fd6dc36ded4ace359af60118a93ea03bb811f1,8/16(日) 12:06
top-picks,スポーツナビ,速報 有明が東日大昌平を逆転,8/16(日) 12:00,https://news.yahoo.co.jp/pickup/6591930,,8/16(日) 12:00
top-picks,朝日新聞,プロテイン 価格の高騰止まらず,8/16(日) 11:55,https://news.yahoo.co.jp/pickup/6591929,https://news.yahoo.co.jp/articles/ada1400a54e416f36a1ccd33294366c0b0387bb1,8/16(日) 11:55
top-picks,毎日新聞,有明 バットを丁寧に置く決まり事,8/16(日) 11:51,https://news.yahoo.co.jp/pickup/6591927,https://news.yahoo.co.jp/articles/4c2bffb9235bd728d350d62199a76957d2fdc045,8/16(日) 11:51
top-picks,時事通信,首相異例の遥拝 保守層離反を警戒,8/16(日) 11:39,https://news.yahoo.co.jp/pickup/6591925,https://news.yahoo.co.jp/articles/1668abba0b8b54d8a11adeed6b2154e42ccb97c8,8/16(日) 11:39
top-picks,朝日新聞,プロテイン高騰 2年で価格倍増も,8/16(日) 11:38,https://news.yahoo.co.jp/pickup/6591926,https://news.yahoo.co.jp/articles/ada1400a54e416f36a1ccd33294366c0b0387bb1,8/16(日) 11:38
top-picks,読売新聞オンライン,米金融 新顔「ヨール街」に存在感,8/16(日) 11:14,https://news.yahoo.co.jp/pickup/6591924,https://news.yahoo.co.jp/articles/ceedc2b2f2fce2a5c82f44135e536ae0c2f2ce50,8/16(日) 11:14
top-picks,Full-Count,ド軍敗戦 大谷翔平は適時三塁打,8/16(日) 11:10,https://news.yahoo.co.jp/pickup/6591922,https://news.yahoo.co.jp/articles/a444233c84ba0e3ed550f293b2f67f79fdc0d707,8/16(日) 11:10
top-picks,弁護士ドットコムニュース,飼い犬殺害 裁判官が証言に苦言,8/16(日) 11:08,https://news.yahoo.co.jp/pickup/6591923,https://news.yahoo.co.jp/articles/a17e4679a39f292a76102d29c16119eca423edde,8/16(日) 11:08
top-picks,TBS NEWS DIG Powered by JNN,健大高崎が8強「北関東対決」制す,8/16(日) 10:46,https://news.yahoo.co.jp/pickup/6591919,https://news.yahoo.co.jp/articles/fbf4c2998053f6d372c742e0dd0eea75253b35ef,8/16(日) 10:46
top-picks,聯合ニュース,韓国「親日派財産」没収 本格化へ,8/16(日) 10:40,https://news.yahoo.co.jp/pickup/6591916,https://news.yahoo.co.jp/articles/c3aa914125dec7c304af0d3cd20f432ef22dd26c,8/16(日) 10:40
top-picks,週プレNEWS,命の危険に直面 炎天下で働く人々,8/16(日) 10:38,https://news.yahoo.co.jp/pickup/6591917,https://news.yahoo.co.jp/articles/ea04efa2e0216b58ba5234796e667aa16838a345,8/16(日) 10:38
top-picks,スポーツナビ,速報甲子園 東日大昌平vs.有明,8/16(日) 10:33,https://news.yahoo.co.jp/pickup/6591918,,8/16(日) 10:33
top-picks,朝日新聞,日本初確認の虫 SNS動画きっかけ,8/16(日) 10:19,https://news.yahoo.co.jp/pickup/6591912,,8/16(日) 10:19
top-picks,テレビ朝日系（ANN）,千葉豪雨で露呈 都市型水害の課題,8/16(日) 10:17,https://news.yahoo.co.jp/pickup/6591914,https://news.yahoo.co.jp/articles/549745473c1b8fa3a47acf4c05bc0b2a8f9e431f,8/16(日) 10:17
top-picks,AERA DIGITAL,露がウクライナの子連れ去り 実態,8/16(日) 10:13,https://news.yahoo.co.jp/pickup/6591913,https://news.yahoo.co.jp/articles/d13daaea6a5d9089dccfa87893094e43a3475e70,8/16(日) 10:13
top-picks,共同通信,新体操団体 ロス五輪へ日本勢1号,8/16(日) 9:43,https://news.yahoo.co.jp/pickup/6591910,https://news.yahoo.co.jp/articles/7b060335c3fc783497fd079c716d84f46ad55853,8/16(日) 9:43
top-picks,Hint-Pot,子の水難 助けに飛び込むのはNG,8/16(日) 9:38,https://news.yahoo.co.jp/pickup/6591904,https://news.yahoo.co.jp/articles/ae23b843bba0495174ae7bad2e7cb788c55a7302,8/16(日) 9:38
top-picks,FNNプライムオンライン（フジテレビ系）,お盆休み最終日 Uターン混雑予想,8/16(日) 9:16,https://news.yahoo.co.jp/pickup/6591906,https://news.yahoo.co.jp/articles/a2d742772a7e0afa76c0e7c6ca4ea7aeb436dff6,8/16(日) 9:16
top-picks,CBCテレビ,粗悪なモバイル電池 会社の闇追跡,8/16(日) 9:02,https://news.yahoo.co.jp/pickup/6591902,https://news.yahoo.co.jp/articles/b1df5de694ce3cdde1bd1a0771ad228b2a4a2d2e,8/16(日) 9:02
top-picks,ピンズバNEWS,長州小力 無免許運転を巡り胸中,8/16(日) 8:55,https://news.yahoo.co.jp/pickup/6591903,https://news.yahoo.co.jp/articles/5f7fd417cbdce18f5fc0989591366d0fc12deb10,8/16(日) 8:55
top-picks,スポニチアネックス,MLB初 デビュー戦で3打席連続HR,8/16(日) 8:54,https://news.yahoo.co.jp/pickup/6591901,https://news.yahoo.co.jp/articles/ec6b47ac3f80a188a52cf38744dca03471161f41,8/16(日) 8:54
top-picks,ピンズバNEWS,長州小力 騒動巡り長州力に救われ,8/16(日) 8:42,https://news.yahoo.co.jp/pickup/6591900,https://news.yahoo.co.jp/articles/5f7fd417cbdce18f5fc0989591366d0fc12deb10,8/16(日) 8:42
top-picks,ABEMA TIMES,プーチン氏の北方領土初訪問 狙い,8/16(日) 8:31,https://news.yahoo.co.jp/pickup/6591899,https://news.yahoo.co.jp/articles/ec607e962a7846cfd9e51dc1482b0cff436d6a2d,8/16(日) 8:31
top-picks,tenki.jp,お盆休み後は熱中症リスク高 警戒,8/16(日) 8:10,https://news.yahoo.co.jp/pickup/6591898,https://news.yahoo.co.jp/articles/c2e18b8e8663d27077dd376d771aa4f119ac87b0,8/16(日) 8:10
top-picks,読売新聞オンライン,首相の靖国参拝見送り 外交考慮か,8/16(日) 8:06,https://news.yahoo.co.jp/pickup/6591897,https://news.yahoo.co.jp/articles/a0332d079997313c18b24f3c924e786d491f7df0,8/16(日) 8:06
top-picks,tenki.jp,お盆休み後は熱中症リスク高 警戒,8/16(日) 8:10,https://news.yahoo.co.jp/pickup/6591898,https://news.yahoo.co.jp/articles/c2e18b8e8663d27077dd376d771aa4f119ac87b0,8/16(日) 8:10
top-picks,読売新聞オンライン,首相の靖国参拝見送り 外交考慮か,8/16(日) 8:06,https://news.yahoo.co.jp/pickup/6591897,https://news.yahoo.co.jp/articles/a0332d079997313c18b24f3c924e786d491f7df0,8/16(日) 8:06
top-picks,共同通信,中国船 尖閣周辺EEZで海洋調査か,8/16(日) 7:54,https://news.yahoo.co.jp/pickup/6591895,,8/16(日) 7:54
top-picks,BSS山陰放送,SAトイレに急病人 対応に反響,8/16(日) 7:52,https://news.yahoo.co.jp/pickup/6591896,https://news.yahoo.co.jp/articles/9128a7f1882527515967357761a52c3a683dd370,8/16(日) 7:52
top-picks,読売新聞オンライン,熊本地震 なお3205人が避難所に,8/16(日) 7:42,https://news.yahoo.co.jp/pickup/6591894,https://news.yahoo.co.jp/articles/571515fddaa8e93738cb582903bc1ef8e6cbb5e3,8/16(日) 7:42
top-picks,Media info not found,ラヴ上等と法務省コラボ なぜ物議,Netflixの恋愛リアリティ番組『ラヴ上等』と法務省保護局がコラボレーションしたポスターに対する物議が広がっている。,https://news.yahoo.co.jp/pickup/6591893,https://ddnavi.com/article/1430932/a/,8/16(日) 7:42
top-picks,SOCCER DIGEST Web,鈴木彩艶のPSG移籍は破談か 報道,8/16(日) 7:20,https://news.yahoo.co.jp/pickup/6591890,https://news.yahoo.co.jp/articles/78c3d700f62162c1acbbd788482f82db763d9d62,8/16(日) 7:20
top-picks,スポーツ報知,J1町田 FW小川航基の獲得に動く,8/16(日) 7:20,https://news.yahoo.co.jp/pickup/6591891,https://news.yahoo.co.jp/articles/fc6d02e9e13c411389fb314be01fc150bd301ab4,8/16(日) 7:20
top-picks,FNNプライムオンライン（フジテレビ系）,行方不明の英国籍12歳少女 保護,8/16(日) 7:14,https://news.yahoo.co.jp/pickup/6591888,https://news.yahoo.co.jp/articles/2130c2e607f575ca0ae6dea21dc1b5923d1ba1ae,8/16(日) 7:14
top-picks,テレビユー山形,花火が地上付近で爆発 3人けが,8/16(日) 0:08,https://news.yahoo.co.jp/pickup/6591887,,8/16(日) 0:08
top-picks,テレビユー山形,花火が地上付近で爆発 3人軽傷か,8/15(土) 23:52,https://news.yahoo.co.jp/pickup/6591886,,8/15(土) 23:52
top-picks,読売新聞オンライン,インドネシアの地震 40人超が死亡,8/15(土) 23:41,https://news.yahoo.co.jp/pickup/6591885,https://news.yahoo.co.jp/articles/852354235bee6885fac8cb8825ddf414c471be4a,8/15(土) 23:41
top-picks,TBS NEWS DIG Powered by JNN,米軍AIシステム「メイブン」とは,8/15(土) 23:22,https://news.yahoo.co.jp/pickup/6591883,https://news.yahoo.co.jp/articles/ab48c8ccfb810d1f09c47031cc2a0d28ff8972a6,8/15(土) 23:22
top-picks,スポーツ報知,中村七之助 第1子誕生を発表,8/15(土) 23:21,https://news.yahoo.co.jp/pickup/6591884,https://news.yahoo.co.jp/articles/cc075e423057c8af3899b6694e51c24c7d4bdd19,8/15(土) 23:21
top-picks,Media info not found,インド なぜ若者1000万人にAI研修,インドのモディ首相は８月15日の独立記念日演説で、今後1年間に若者1000万人へAI技術の習得研修を実施すると表明しました。,https://news.yahoo.co.jp/pickup/6591881,https://news.yahoo.co.jp/articles/899abb60fe021715bb27219d5cc6df5bee92f6b0,8/15(土) 23:09
top-picks,テレビ静岡NEWS,溺れ心肺停止 心肺蘇生で呼吸戻る,8/15(土) 23:04,https://news.yahoo.co.jp/pickup/6591880,https://news.yahoo.co.jp/articles/f198203433ad0d79d91ea1f1ece4525ef848064b,8/15(土) 23:04
top-picks,朝日新聞,放置車両レッカー追いつかず 千葉,8/15(土) 23:04,https://news.yahoo.co.jp/pickup/6591879,https://news.yahoo.co.jp/articles/8532ade782d9c512842bd0c0f863f373f9004e86,8/15(土) 23:04
top-picks,サンケイスポーツ,天山広吉が引退 蝶野が惜別ビンタ,8/15(土) 22:34,https://news.yahoo.co.jp/pickup/6591877,https://news.yahoo.co.jp/articles/718e42ecb139a7714176d1706a90a5c185225394,8/15(土) 22:34
top-picks,朝日新聞,熊本地震の住家被害 3万棟超え,8/15(土) 22:28,https://news.yahoo.co.jp/pickup/6591876,https://news.yahoo.co.jp/articles/f99606ad9d72916c7417640a4c4cdb943babfb9b,8/15(土) 22:28
top-picks,時事通信,豪で521kgの金塊鋳造 ギネス認定,8/15(土) 22:26,https://news.yahoo.co.jp/pickup/6591875,https://news.yahoo.co.jp/articles/58891a803cdc54bfe3a0a63dda1e8912aec174c5,8/15(土) 22:26
top-picks,時事通信,物価高 具材ない麺商品の投入加速,8/15(土) 22:06,https://news.yahoo.co.jp/pickup/6591874,https://news.yahoo.co.jp/articles/6801083a4604c56c78a0ae90b54a7634fd179227,8/15(土) 22:06
top-picks,読売新聞オンライン,戦地へ向かった父 1度の抱っこ,8/15(土) 21:53,https://news.yahoo.co.jp/pickup/6591872,https://news.yahoo.co.jp/articles/124c34996192419bc0a200bcb6e53a90e24945d2,8/15(土) 21:53
top-picks,スポニチアネックス,八村22得点大暴れ 2年ぶり代表戦,8/15(土) 21:47,https://news.yahoo.co.jp/pickup/6591873,https://news.yahoo.co.jp/articles/87db4181d7ae624f532c1d40d3bc0a328be4d731,8/15(土) 21:47
top-picks,読売テレビ,子と川遊びしようと 男性溺れ死亡,8/15(土) 21:36,https://news.yahoo.co.jp/pickup/6591869,https://news.yahoo.co.jp/articles/1f17f575c0aed76423ef35530883de70841720cb,8/15(土) 21:36
top-picks,共同通信,択捉島 ロシア大統領は軍艦で訪問,8/15(土) 21:27,https://news.yahoo.co.jp/pickup/6591871,https://news.yahoo.co.jp/articles/8a7152403c660825638b3f55630556086fb5e7c8,8/15(土) 21:27
top-picks,中日スポーツ,死球受けた中日・村松 肩甲骨骨折,8/15(土) 21:21,https://news.yahoo.co.jp/pickup/6591870,https://news.yahoo.co.jp/articles/562aab10d0e38da6901f7ba284c84871f3fd3185,8/15(土) 21:21
top-picks,TBS NEWS DIG Powered by JNN,甲子園 仙台育英が3年ぶり8強進出,8/15(土) 20:58,https://news.yahoo.co.jp/pickup/6591867,https://news.yahoo.co.jp/articles/8bf4f8459555a3aeb8863e11d237a86682cc3f86,8/15(土) 20:58
top-picks,京都新聞,京都市内の道に直径80cmの穴 調査,8/15(土) 20:48,https://news.yahoo.co.jp/pickup/6591865,https://news.yahoo.co.jp/articles/15fa96854b51733a354fae6c45db4ff4f13fb13a,8/15(土) 20:48
top-picks,テレビ朝日系（ANN）,千葉豪雨の死者は9人に 県が発表,8/15(土) 20:42,https://news.yahoo.co.jp/pickup/6591863,https://news.yahoo.co.jp/articles/073553137dbcd19a6e7c804af0dffe377cb4f926,8/15(土) 20:42
top-picks,デイリースポーツ,100m障害・中島ひとみ また日本新,8/15(土) 20:35,https://news.yahoo.co.jp/pickup/6591862,https://news.yahoo.co.jp/articles/363158bf581ede9497426aeb4f4c834345759d5e,8/15(土) 20:35
top-picks,週刊女性PRIME,3児の母 突然「余命2カ月」の宣告,8/15(土) 19:56,https://news.yahoo.co.jp/pickup/6591861,https://news.yahoo.co.jp/articles/05e3081eda68df76012b6b30489743d8e9c6260c,8/15(土) 19:56
top-picks,共同通信,米大統領 ガソリン高「謝らない」,8/15(土) 19:46,https://news.yahoo.co.jp/pickup/6591860,https://news.yahoo.co.jp/articles/71e8208ce7540b517adce90478753a95b1bd7252,8/15(土) 19:46
top-picks,スポニチアネックス,八村塁が得点 有明アリーナ大歓声,8/15(土) 19:30,https://news.yahoo.co.jp/pickup/6591859,https://news.yahoo.co.jp/articles/a6a68ca1254daa50c4d26d3db15593de54739bf8,8/15(土) 19:30
top-picks,共同通信,SUVの国内販売競争 激しさ増す,8/15(土) 19:18,https://news.yahoo.co.jp/pickup/6591858,https://news.yahoo.co.jp/articles/fc0de9b9594efaf3f9528100a3f897fb1bb87dae,8/15(土) 19:18
top-picks,テレビ新広島,被爆で顔に傷 思春期耐えられず,8/15(土) 19:05,https://news.yahoo.co.jp/pickup/6591857,https://news.yahoo.co.jp/articles/0e3238423a063c243ccc607e5cf515198bfceb7f,8/15(土) 19:05
top-picks,共同通信,盗難のセザンヌ絵画など奪還 伊,8/15(土) 18:59,https://news.yahoo.co.jp/pickup/6591856,https://news.yahoo.co.jp/articles/1ef8a5b8b75192671b8b0d87fdc02e626842e32c,8/15(土) 18:59
top-picks,JRT四国放送,車で撮り鉄殺そうとした疑い 逮捕,8/15(土) 18:38,https://news.yahoo.co.jp/pickup/6591852,https://news.yahoo.co.jp/articles/429839ccf82caf9eaa5f00bd3bd3baa14a8f0e0a,8/15(土) 18:38
top-picks,オリコン,映画「ズートピア3」制作決定,8/15(土) 18:35,https://news.yahoo.co.jp/pickup/6591853,https://news.yahoo.co.jp/articles/9d7dec8a48eaa989b21b24a93b0e03a22f0cfb22,8/15(土) 18:35
top-picks,THE ANSWER,陸上100mで珍事 10秒097で同着,8/15(土) 18:30,https://news.yahoo.co.jp/pickup/6591854,https://news.yahoo.co.jp/articles/27c1fbd802b1d0b0d0305271623121611dbefedb,8/15(土) 18:30
top-picks,共同通信,「ゲーム行動症」若年層10% 調査,8/15(土) 18:27,https://news.yahoo.co.jp/pickup/6591851,,8/15(土) 18:27
top-picks,読売新聞オンライン,立憲が財政難 頭痛める党執行部,8/15(土) 18:08,https://news.yahoo.co.jp/pickup/6591850,https://news.yahoo.co.jp/articles/584838e0fc93daa537df04f594474efe71758fdb,8/15(土) 18:08
top-picks,TBS NEWS DIG Powered by JNN,首相 離れた場所から靖国「遥拝」,8/15(土) 18:00,https://news.yahoo.co.jp/pickup/6591846,https://news.yahoo.co.jp/articles/9ab57e4fc4c1c92c12bbd3b41d2365469d652147,8/15(土) 18:00
top-picks,スポーツ報知,天山広吉の引退試合 観衆は7777人,8/15(土) 17:56,https://news.yahoo.co.jp/pickup/6591848,https://news.yahoo.co.jp/articles/02c50da5a7b577ccd69843c2ebdb9ae36c84cb69,8/15(土) 17:56
top-picks,テレビ新広島,友の犠牲で助かった 81年思い続け,8/15(土) 17:52,https://news.yahoo.co.jp/pickup/6591842,https://news.yahoo.co.jp/articles/0e3238423a063c243ccc607e5cf515198bfceb7f,8/15(土) 17:52
top-picks,AERA DIGITAL,学歴からかう動画 批判した教授,8/15(土) 17:39,https://news.yahoo.co.jp/pickup/6591847,https://news.yahoo.co.jp/articles/461538cfac6ab5f8ec11d0a30aac4fbfd6b07682,8/15(土) 17:39
top-picks,TBS NEWS DIG Powered by JNN,豪雨で放置車両 追突事故も発生,8/15(土) 17:30,https://news.yahoo.co.jp/pickup/6591845,https://news.yahoo.co.jp/articles/e74e0024a9ae1d3c2dcc26e757a10d1b319c1d53,8/15(土) 17:30
top-picks,テレビ朝日系（ANN）,英2階建てバス 暑すぎ運転手スト,8/15(土) 17:17,https://news.yahoo.co.jp/pickup/6591839,https://news.yahoo.co.jp/articles/be56e67641e3c222c1c2431460729d5778c3a546,8/15(土) 17:17
top-picks,小田大河,この学校に爆弾落ちた 17歳の葛藤,8/15(土) 17:03,https://news.yahoo.co.jp/pickup/6591840,,8/15(土) 17:03
top-picks,デイリースポーツ,ジュノンボーイ ベスト30に東大生,8/15(土) 16:56,https://news.yahoo.co.jp/pickup/6591831,https://news.yahoo.co.jp/articles/a12fd4f5e8c35a0fda3843bd588dfbcb7e59dd3a,8/15(土) 16:56
top-picks,Full-Count,履正社が涙の敗退 守備ミス目立つ,8/15(土) 16:52,https://news.yahoo.co.jp/pickup/6591838,https://news.yahoo.co.jp/articles/43a627dca86f0ba3bff4c7ae497e771f2ac59bfc,8/15(土) 16:52
top-picks,スポーツナビ,速報甲子園 拓大紅陵vs.仙台育英,8/15(土) 16:46,https://news.yahoo.co.jp/pickup/6591825,https://news.yahoo.co.jp/articles/5642533d425e7cc3a3b9f3c7ff658feb6369d511,8/15(土) 16:46
top-picks,オリコン,コミケ近くのベローチェ 高速提供,8/15(土) 16:34,https://news.yahoo.co.jp/pickup/6591836,https://news.yahoo.co.jp/articles/ce32838f698c40c1bbd93e4119868c65e7cfb8dd,8/15(土) 16:34
top-picks,ベースボールチャンネル,甲子園 三重が履正社に勝ち8強,8/15(土) 16:27,https://news.yahoo.co.jp/pickup/6591835,https://news.yahoo.co.jp/articles/8d6b341667661c4e6a19386295a8bd20d8c6a68b,8/15(土) 16:27
top-picks,日テレNEWS NNN,マンション爆発事故 住人が死亡,8/15(土) 16:25,https://news.yahoo.co.jp/pickup/6591834,https://news.yahoo.co.jp/articles/26140bef86a875b77c4fe24132774fc5318e5d41,8/15(土) 16:25
top-picks,スポニチアネックス,大谷の投手復帰プラン 監督明かす,8/15(土) 16:25,https://news.yahoo.co.jp/pickup/6591830,https://news.yahoo.co.jp/articles/91bb01f94f75e2026f36297d743fcf36a21dac17,8/15(土) 16:25
top-picks,毎日新聞,戦没者追悼式 式辞に高市カラー,8/15(土) 16:07,https://news.yahoo.co.jp/pickup/6591828,https://news.yahoo.co.jp/articles/1a95442d42f8dddd525b66756b42f0de6238676b,8/15(土) 16:07
top-picks,SPA!,人生に挫折した元東大生たち 実態,8/15(土) 15:59,https://news.yahoo.co.jp/pickup/6591829,https://news.yahoo.co.jp/articles/71d8ebbd02f7c13956b86bca3c047c932d34f0fc,8/15(土) 15:59
top-picks,ロイター,インドネシア東部で地震 20人死亡,8/15(土) 15:50,https://news.yahoo.co.jp/pickup/6591827,https://news.yahoo.co.jp/articles/11a4eb53e0a41bb8b125a8e59b3425e5b507bfff,8/15(土) 15:50
top-picks,HTB北海道ニュース,海に流された子2人助けに 父死亡,8/15(土) 15:42,https://news.yahoo.co.jp/pickup/6591826,https://news.yahoo.co.jp/articles/2049bea35992a25b1d06e863afe8c5cfd40a8dea,8/15(土) 15:42
top-picks,FITNESS LOVE,寺田心 ボディビル大会終え寝たい,8/15(土) 15:33,https://news.yahoo.co.jp/pickup/6591824,https://news.yahoo.co.jp/articles/3f83e72a6f5dd6028aaadca88b1826c2aa3cbb6a,8/15(土) 15:33
top-picks,読売新聞オンライン,戦死の兄のため 追悼式参列の98歳,8/15(土) 15:26,https://news.yahoo.co.jp/pickup/6591823,https://news.yahoo.co.jp/articles/5436a02880ccaccf721717fe772d9b10f77b6b6c,8/15(土) 15:26
top-picks,SPA!,自分やゆする元東大生 人生の誤算,8/15(土) 15:12,https://news.yahoo.co.jp/pickup/6591822,https://news.yahoo.co.jp/articles/71d8ebbd02f7c13956b86bca3c047c932d34f0fc,8/15(土) 15:12
top-picks,読売新聞オンライン,減税と給付 法案一本化へ政府調整,8/15(土) 14:56,https://news.yahoo.co.jp/pickup/6591819,https://news.yahoo.co.jp/articles/5b14a85094fc48acb215624749b7d9f1ee5d655f,8/15(土) 14:56
top-picks,Full-Count,西武 ウィンゲンターらと契約延長,8/15(土) 14:51,https://news.yahoo.co.jp/pickup/6591817,https://news.yahoo.co.jp/articles/bfffb19ede4641c99c892746bb5139e29e1c7707,8/15(土) 14:51
top-picks,tenki.jp,関東-近畿で局地的に雨雲 警戒を,8/15(土) 14:49,https://news.yahoo.co.jp/pickup/6591818,https://news.yahoo.co.jp/articles/d26209134a7eb30fb0527e123b162449488dc92e,8/15(土) 14:49
top-picks,共同通信,ウ和平仲介 米大統領は二転三転,8/15(土) 14:35,https://news.yahoo.co.jp/pickup/6591816,https://news.yahoo.co.jp/articles/477d6ca6a9faf5c4e0a2b6c879338cf0b74dfe92,8/15(土) 14:35
top-picks,デイリースポーツ,由伸が12勝目 チームの連敗を阻止,8/15(土) 14:23,https://news.yahoo.co.jp/pickup/6591815,https://news.yahoo.co.jp/articles/24aba8bdb3239e1a4bc4c8e14edc3018ed81f6ec,8/15(土) 14:23
top-picks,共同通信,閣僚の靖国参拝 中国が強烈な抗議,8/15(土) 14:19,https://news.yahoo.co.jp/pickup/6591814,,8/15(土) 14:19
top-picks,ロイター,インドネシア地震 5人死亡と発表,8/15(土) 14:15,https://news.yahoo.co.jp/pickup/6591813,https://news.yahoo.co.jp/articles/3f7d24f89ba7fd07a35ea2ed5002ea62a46b8ec2,8/15(土) 14:15
top-picks,弁護士ドットコムニュース,車水没 保険適用のためすべきこと,8/15(土) 14:06,https://news.yahoo.co.jp/pickup/6591810,https://news.yahoo.co.jp/articles/c3cd109cd647fab53bfdef1e61af8442306c75c7,8/15(土) 14:06
top-picks,デイリースポーツ,由伸が快投 6回9K1失点で12勝目,8/15(土) 14:04,https://news.yahoo.co.jp/pickup/6591812,https://news.yahoo.co.jp/articles/24aba8bdb3239e1a4bc4c8e14edc3018ed81f6ec,8/15(土) 14:04
top-picks,スポーツ報知,智弁和歌山 11回の激闘を制し8強,8/15(土) 13:58,https://news.yahoo.co.jp/pickup/6591811,https://news.yahoo.co.jp/articles/bf0ba920a5263923e229f677e2aac582ec8f6d83,8/15(土) 13:58
top-picks,くるまのニュース,外国人の重大事故が増加傾向 背景,8/15(土) 13:45,https://news.yahoo.co.jp/pickup/6591807,https://news.yahoo.co.jp/articles/6a83016cd8d1395d563262c4d61c650301cd88ed,8/15(土) 13:45
top-picks,共同通信,千葉豪雨 路上放置の車撤去続く,8/15(土) 13:27,https://news.yahoo.co.jp/pickup/6591808,,8/15(土) 13:27
top-picks,スポーツナビ,速報 ドジャースvs.ブリュワーズ,8/15(土) 13:00,https://news.yahoo.co.jp/pickup/6591805,https://news.yahoo.co.jp/articles/55dfa07d7c4ff62e3d26689351d894d40635e3a5,8/15(土) 13:00
top-picks,シネマトゥデイ,「キングダム ハーツ」アニメ化へ,8/15(土) 12:58,https://news.yahoo.co.jp/pickup/6591804,https://news.yahoo.co.jp/articles/d4359cb3def13e38ae6f5d866c67bcb1453e35b2,8/15(土) 12:58
top-picks,BBC News,壁から大量の金貨や金塊 ベルギー,8/15(土) 12:50,https://news.yahoo.co.jp/pickup/6591802,https://news.yahoo.co.jp/articles/b4f5fa6a474e1841acdce988bd9d1ec48ef12bc7,8/15(土) 12:50
top-picks,朝日新聞,首相「反省」触れず 戦没者追悼式,8/15(土) 12:48,https://news.yahoo.co.jp/pickup/6591801,https://news.yahoo.co.jp/articles/d0e636868e411a9a66160125834283943a75a2af,8/15(土) 12:48
top-picks,共同通信,李大統領 日韓協力の拡大を表明,8/15(土) 12:38,https://news.yahoo.co.jp/pickup/6591800,https://news.yahoo.co.jp/articles/1b4e4d2bceb7ec97a9d17141fa54de792951a3d1,8/15(土) 12:38
top-picks,デイリースポーツ,ボディビル大会に寺田心 どよめき,8/15(土) 12:14,https://news.yahoo.co.jp/pickup/6591799,https://news.yahoo.co.jp/articles/99240ab895de2e94e504431105b02ed1cd47ba27,8/15(土) 12:14
top-picks,読売新聞オンライン,インドネシアM7.7倒壊で2人死亡,8/15(土) 11:52,https://news.yahoo.co.jp/pickup/6591798,https://news.yahoo.co.jp/articles/574b8a48f07b146cf097a5ac4437fcf0f470728c,8/15(土) 11:52
top-picks,Yahoo!ニュース,中継 終戦81年の全国戦没者追悼式,8/15(土) 11:40,https://news.yahoo.co.jp/pickup/6591791,,8/15(土) 11:40
top-picks,読売新聞オンライン,「死にに帰った」同級生 空襲犠牲,8/15(土) 11:35,https://news.yahoo.co.jp/pickup/6591797,https://news.yahoo.co.jp/articles/6b0ab1830d3aa35c0be7bc610fc1f5c236401a4b,8/15(土) 11:35
top-picks,読売新聞オンライン,疎開先から帰京 生死を分けたもの,8/15(土) 11:26,https://news.yahoo.co.jp/pickup/6591796,https://news.yahoo.co.jp/articles/6b0ab1830d3aa35c0be7bc610fc1f5c236401a4b,8/15(土) 11:26
top-picks,ロイター,インドネシアM7.7現地で津波観測,8/15(土) 11:11,https://news.yahoo.co.jp/pickup/6591795,https://news.yahoo.co.jp/articles/3f7d24f89ba7fd07a35ea2ed5002ea62a46b8ec2,8/15(土) 11:11
top-picks,スポーツナビ,速報ドジャース 山本由伸が先発,8/15(土) 11:08,https://news.yahoo.co.jp/pickup/6591789,https://news.yahoo.co.jp/articles/55dfa07d7c4ff62e3d26689351d894d40635e3a5,8/15(土) 11:08
top-picks,スポーツナビ,速報 敦賀気比vs.智弁和歌山,8/15(土) 11:03,https://news.yahoo.co.jp/pickup/6591786,https://news.yahoo.co.jp/articles/ce0182fb720f8e7c03f5fa44812c8c9fe7ee03bc,8/15(土) 11:03
top-picks,スポーツ報知,大橋未歩アナ 不妊治療と流産告白,8/15(土) 10:39,https://news.yahoo.co.jp/pickup/6591790,https://news.yahoo.co.jp/articles/a83c96bb971a58fa9da8449937000544eb103041,8/15(土) 10:39
top-picks,弁護士ドットコムニュース,一緒にいたくて 冷凍庫に子を遺棄,8/15(土) 9:58,https://news.yahoo.co.jp/pickup/6591788,https://news.yahoo.co.jp/articles/91ea0421d5d9824ad564eb7bd4f109fa225ea5be,8/15(土) 9:58
top-picks,ＡＦＰ＝時事,インドネシアM7.7現地は津波警戒,8/15(土) 9:53,https://news.yahoo.co.jp/pickup/6591784,https://news.yahoo.co.jp/articles/fe2bc5d37b9d4257547f96fa94a2b50f25b59ea8,8/15(土) 9:53
top-picks,TBS NEWS DIG Powered by JNN,米治安当局が訓練にAI 実戦を再現,8/15(土) 9:44,https://news.yahoo.co.jp/pickup/6591781,https://news.yahoo.co.jp/articles/ecbacb11bc04a334d06a4a11d3dfff322e6aa376,8/15(土) 9:44
top-picks,デイリースポーツ,村上27号 大谷と並び日本勢トップ,8/15(土) 9:28,https://news.yahoo.co.jp/pickup/6591783,https://news.yahoo.co.jp/articles/b374a15eef86cdb8f33c28c877b8a2f336c0911a,8/15(土) 9:28
top-picks,TBS NEWS DIG Powered by JNN,自民幹部ら相次ぎ靖国神社を参拝,8/15(土) 9:08,https://news.yahoo.co.jp/pickup/6591779,https://news.yahoo.co.jp/articles/1feae511184b738d64b1258a13c095e630d09742,8/15(土) 9:08
top-picks,デイリースポーツ,村上宗隆が27号 日本勢トップタイ,8/15(土) 9:07,https://news.yahoo.co.jp/pickup/6591775,https://news.yahoo.co.jp/articles/b374a15eef86cdb8f33c28c877b8a2f336c0911a,8/15(土) 9:07
top-picks,メ～テレ（名古屋テレビ）,病院敷地に遺体遺棄疑い 3人逮捕,8/15(土) 9:06,https://news.yahoo.co.jp/pickup/6591777,https://news.yahoo.co.jp/articles/6a984159f32951f3e292263dd68f3bef0a655225,8/15(土) 9:06
top-picks,テレビ朝日系（ANN）,日本軍の秘密作戦 石油部隊とは,8/15(土) 8:43,https://news.yahoo.co.jp/pickup/6591772,https://news.yahoo.co.jp/articles/a9190203e860b8999d05fd7564bcf5d84674a5f0,8/15(土) 8:43
top-picks,時事通信,15歳未満SNS禁止に違憲判断 仏,8/15(土) 8:37,https://news.yahoo.co.jp/pickup/6591773,https://news.yahoo.co.jp/articles/5f8e502b93b349a14760e48801c29228881014a3,8/15(土) 8:37
top-picks,読売新聞オンライン,駅長かなわず戦死 父の無念思う娘,8/15(土) 8:31,https://news.yahoo.co.jp/pickup/6591771,,8/15(土) 8:31
top-picks,テレビ朝日系（ANN）,車の中に人が 豪雨で一変した街,8/15(土) 8:16,https://news.yahoo.co.jp/pickup/6591770,https://news.yahoo.co.jp/articles/1c0e7f00bd80b7f5a783f16268386d217876e3da,8/15(土) 8:16
top-picks,オタク総研,ニコニコ動画 有料会員90万人割れ,8/15(土) 8:12,https://news.yahoo.co.jp/pickup/6591769,https://news.yahoo.co.jp/articles/d2e7f2fc72baa1fdba0e5893ec2f6a6b363c7ef2,8/15(土) 8:12
top-picks,FNNプライムオンライン（フジテレビ系）,インドネシア付近でM7.7の地震,8/15(土) 7:59,https://news.yahoo.co.jp/pickup/6591768,,8/15(土) 7:59
top-picks,ロイター,米大統領 海峡巡り強硬姿勢強める,8/15(土) 7:57,https://news.yahoo.co.jp/pickup/6591767,https://news.yahoo.co.jp/articles/14d4ed6d010ec44c74febe5ab354f90a9e8f7cc6,8/15(土) 7:57
top-picks,時事通信,自民幹部 靖国に集団参拝で調整,8/15(土) 7:50,https://news.yahoo.co.jp/pickup/6591765,https://news.yahoo.co.jp/articles/e97f412c8e6c76821931a13f8ecda33b00e5e48e,8/15(土) 7:50
top-picks,熊本ニュース KAB ONLINE,映像 防犯カメラに断層出現の瞬間,8/15(土) 7:43,https://news.yahoo.co.jp/pickup/6591766,https://news.yahoo.co.jp/articles/f6ffdc86c6c7df8925210514286d402561c9065d,8/15(土) 7:43
top-picks,共同通信,7道府県が副首都申請を検討 共同,8/15(土) 7:40,https://news.yahoo.co.jp/pickup/6591762,,8/15(土) 7:40
top-picks,スポニチアネックス,鈴木誠也が21号 値千金の3ラン,8/15(土) 7:36,https://news.yahoo.co.jp/pickup/6591761,https://news.yahoo.co.jp/articles/2482a308bb3e347a3355a4e6b81f5b546a012a41,8/15(土) 7:36
top-picks,tenki.jp,15日 九州-東北で急な雷雨の恐れ,8/15(土) 7:34,https://news.yahoo.co.jp/pickup/6591764,https://news.yahoo.co.jp/articles/8b3e843f0d0644d6c183604c45fe0e35d2ab648a,8/15(土) 7:34
top-picks,共同通信,衆院区割り改定 12道府県が対象か,8/15(土) 7:33,https://news.yahoo.co.jp/pickup/6591763,https://news.yahoo.co.jp/articles/5b3259326bc91a834611c4ca1c170f18c82a4ebb,8/15(土) 7:33
top-picks,スポニチアネックス,村上宗隆 熊本に1千万円を寄付へ,8/15(土) 7:20,https://news.yahoo.co.jp/pickup/6591759,https://news.yahoo.co.jp/articles/0d1e0e685810b66143466b40504404a5eea08053,8/15(土) 7:20
top-picks,日刊スポーツ,はたらく細胞を歌舞伎化 愛之助ら,8/15(土) 7:19,https://news.yahoo.co.jp/pickup/6591760,https://news.yahoo.co.jp/articles/6c6a9561bb17ccc4695e36109bf1e5ffa6ad65df,8/15(土) 7:19
top-picks,メディカルドック,余命数週間と突然告知され 男性涙,8/15(土) 0:07,https://news.yahoo.co.jp/pickup/6591758,https://news.yahoo.co.jp/articles/72437d219a4948a292c6a5075ac4f8695c250b9d,8/15(土) 0:07
top-picks,時事通信,択捉島 露大統領は人気回復狙いか,8/15(土) 0:02,https://news.yahoo.co.jp/pickup/6591757,https://news.yahoo.co.jp/articles/82808bef16f657bee7c190916d6c359ba67c514f,8/15(土) 0:02
top-picks,読売新聞オンライン,千葉豪雨 住民も加わり懸命な救助,8/15(土) 0:00,https://news.yahoo.co.jp/pickup/6591756,https://news.yahoo.co.jp/articles/cf0ea617e65bc58026b407a2a3ca27b8c6f64ddc,8/15(土) 0:00
