ctgry,media_jp,title_pickup,title_articles,link_pickup,link_articles,date_original
top-picks,時事通信,米大統領 第2次大戦絡め異例発言,9/25(金) 14:44,https://news.yahoo.co.jp/pickup/6596484,https://news.yahoo.co.jp/articles/65034cd1324ea4ac85353ba14dcd92d277fcb9f8,9/25(金) 14:44
top-picks,デイリースポーツ,神木隆之介がド軍で始球式 歓声,9/25(金) 14:24,https://news.yahoo.co.jp/pickup/6596483,https://news.yahoo.co.jp/articles/e37000eedaf56fc7bba90f5f85e12f596151d8eb,9/25(金) 14:24
top-picks,スポニチアネックス,パパイヤ鈴木療養 公演出演見送り,9/25(金) 13:57,https://news.yahoo.co.jp/pickup/6596481,https://news.yahoo.co.jp/articles/4dc1722f6e9d31d8aa65abcb66554fdfa5963c93,9/25(金) 13:57
top-picks,CNN.co.jp,熱帯性ウミガメ 米加州海岸で産卵,9/25(金) 13:55,https://news.yahoo.co.jp/pickup/6596480,https://news.yahoo.co.jp/articles/ecc3161f297019ec8e72b1f2fb5aa1d309d5e056,9/25(金) 13:55
top-picks,デイリースポーツ,神木隆之介 始球式で由伸に一礼,9/25(金) 13:43,https://news.yahoo.co.jp/pickup/6596478,https://news.yahoo.co.jp/articles/e37000eedaf56fc7bba90f5f85e12f596151d8eb,9/25(金) 13:43
top-picks,TBS NEWS DIG Powered by JNN,印旛沼の決壊堤防 緊急復旧に着手,9/25(金) 13:34,https://news.yahoo.co.jp/pickup/6596477,,9/25(金) 13:34
top-picks,朝日新聞,中部電 浜岡の再稼働申請取り下げ,9/25(金) 13:19,https://news.yahoo.co.jp/pickup/6596476,https://news.yahoo.co.jp/articles/c716be9507d6374652f26db6169239b135eae69a,9/25(金) 13:19
top-picks,テレビ朝日系（ANN）,配達先で少女にわいせつ疑い 逮捕,9/25(金) 12:54,https://news.yahoo.co.jp/pickup/6596474,,9/25(金) 12:54
top-picks,tenki.jp,10/2頃まで 雨の日多くなる予想,9/25(金) 12:41,https://news.yahoo.co.jp/pickup/6596473,https://news.yahoo.co.jp/articles/385d309ca886187169de1bae628716b6e2ae87ba,9/25(金) 12:41
top-picks,時事通信,蘭首相 ICCへの米「攻撃」を批判,9/25(金) 12:22,https://news.yahoo.co.jp/pickup/6596469,https://news.yahoo.co.jp/articles/d4f5860c0c2670dc31045d682e2f5c87d3d6055a,9/25(金) 12:22
top-picks,日刊スポーツ,作新学院 野球部監督が不適切指導,9/25(金) 12:18,https://news.yahoo.co.jp/pickup/6596472,https://news.yahoo.co.jp/articles/2371d36ff126a154b20ea484e01e7543f01bd83f,9/25(金) 12:18
top-picks,TNCテレビ西日本,車と衝突 自転車の男子高校生重体,9/25(金) 12:13,https://news.yahoo.co.jp/pickup/6596471,https://news.yahoo.co.jp/articles/55703b93c3cab832d9fa5a9582d94f418ba9a693,9/25(金) 12:13
top-picks,TBS NEWS DIG Powered by JNN,スケボー長谷川瑞穂 アジア大会V,9/25(金) 11:51,https://news.yahoo.co.jp/pickup/6596466,https://news.yahoo.co.jp/articles/9286f30daddfa7a9632ade16c838f1d7f1170c6c,9/25(金) 11:51
top-picks,TBS NEWS DIG Powered by JNN,トランプ氏が円安けん制 会談で,9/25(金) 11:49,https://news.yahoo.co.jp/pickup/6596467,,9/25(金) 11:49
top-picks,オリコン,アニメちいかわ 新作を一時休止へ,9/25(金) 11:27,https://news.yahoo.co.jp/pickup/6596463,https://news.yahoo.co.jp/articles/662f22ba39ae9dee5ef76aafe5b5b000a7cd5332,9/25(金) 11:27
top-picks,ロイター,ネタニヤフ氏が国連演説 各国退席,9/25(金) 11:20,https://news.yahoo.co.jp/pickup/6596464,https://news.yahoo.co.jp/articles/ec03157a1ed0258a22786bd5fb15358de9866ac6,9/25(金) 11:20
top-picks,時事通信,長期金利一時3.115% 30年ぶり水準,9/25(金) 11:13,https://news.yahoo.co.jp/pickup/6596462,https://news.yahoo.co.jp/articles/f0ac865beb2b101a323f16df6bf8863dd214670c,9/25(金) 11:13
top-picks,ロイター,スタバ 北米で250店舗を閉鎖へ,9/25(金) 11:11,https://news.yahoo.co.jp/pickup/6596460,https://news.yahoo.co.jp/articles/492e82c36c847ddbc37d0bfa1fb590eee810101b,9/25(金) 11:11
top-picks,TBS NEWS DIG Powered by JNN,両陛下 29日に熊本地震被災地訪問,9/25(金) 11:01,https://news.yahoo.co.jp/pickup/6596459,https://news.yahoo.co.jp/articles/e8620b39810da23578a2f4d7c55473dbea8fee86,9/25(金) 11:01
top-picks,ロイター,ネタニヤフ氏 国連演説で自国擁護,9/25(金) 10:55,https://news.yahoo.co.jp/pickup/6596458,https://news.yahoo.co.jp/articles/ec03157a1ed0258a22786bd5fb15358de9866ac6,9/25(金) 10:55
top-picks,ITmedia ビジネスオンライン,日高屋と幸楽苑 成長を続ける理由,9/25(金) 10:13,https://news.yahoo.co.jp/pickup/6596455,https://news.yahoo.co.jp/articles/f118e55ef735734c1b31f68c2b5f4eff46f2b9ee,9/25(金) 10:13
top-picks,ウェザーマップ,今夜中秋の名月 お月見チャンスは,9/25(金) 10:09,https://news.yahoo.co.jp/pickup/6596456,,9/25(金) 10:09
top-picks,朝日新聞,全東信破産 カード会社が支払いへ,9/25(金) 10:04,https://news.yahoo.co.jp/pickup/6596454,https://news.yahoo.co.jp/articles/56e2f490a094c0f19467f974123abe61bb1f3b6c,9/25(金) 10:04
top-picks,時事通信,旧敵国条項 日中に新たな火種か,9/25(金) 9:50,https://news.yahoo.co.jp/pickup/6596453,https://news.yahoo.co.jp/articles/029d7868f10f93a3ffb0c32e4da4f7250909240e,9/25(金) 9:50
top-picks,共同通信,排除3社 ホワイトハウス入構可に,9/25(金) 9:43,https://news.yahoo.co.jp/pickup/6596452,https://news.yahoo.co.jp/articles/e2208310fc191d3a868d62697de1221410d666f1,9/25(金) 9:43
top-picks,茨城新聞クロスアイ,ストーカー 紛失防止タグ悪用急増,9/25(金) 9:33,https://news.yahoo.co.jp/pickup/6596450,https://news.yahoo.co.jp/articles/9d0589ee991cc66cc9961a1a0c5895c93d7ca779,9/25(金) 9:33
top-picks,AERA DIGITAL,ご当地駅メロ 首都圏で廃止続く訳,9/25(金) 9:30,https://news.yahoo.co.jp/pickup/6596451,https://news.yahoo.co.jp/articles/e68ddd99ec5753dcd1f0d1dd63fe15d36cc0bf8c,9/25(金) 9:30
top-picks,読売新聞オンライン,防護衛星を6基導入へ 防衛省検討,9/25(金) 9:08,https://news.yahoo.co.jp/pickup/6596447,https://news.yahoo.co.jp/articles/655babcd4c2bc0589ed054cbb5af1c20840d74a3,9/25(金) 9:08
top-picks,時事通信,米中首脳 ワインで友好ムード演出,9/25(金) 9:00,https://news.yahoo.co.jp/pickup/6596444,https://news.yahoo.co.jp/articles/525495dd0ece48f077481b6614781efcf0318601,9/25(金) 9:00
top-picks,ロイター,ICC脱退呼びかけ呼応 ナウルだけ,9/25(金) 8:58,https://news.yahoo.co.jp/pickup/6596446,https://news.yahoo.co.jp/articles/b424d263daf2ff9ccbd1158f71025dbe01863da6,9/25(金) 8:58
top-picks,スポーツ報知,村上宗隆絶叫 アイムジャパニーズ,9/25(金) 8:53,https://news.yahoo.co.jp/pickup/6596448,https://news.yahoo.co.jp/articles/21ffc868d56cbedd458772b9c82cd9ccd8df7acb,9/25(金) 8:53
top-picks,スポーツ報知,村上ずぶ濡れ 川崎宗則の名言絶叫,9/25(金) 8:39,https://news.yahoo.co.jp/pickup/6596445,https://news.yahoo.co.jp/articles/21ffc868d56cbedd458772b9c82cd9ccd8df7acb,9/25(金) 8:39
top-picks,神戸新聞NEXT,スマホで撮影され合鍵複製 防衛策,9/25(金) 8:27,https://news.yahoo.co.jp/pickup/6596443,https://news.yahoo.co.jp/articles/98002ce6baf994ffd08c824d0dacb5eada0e8139,9/25(金) 8:27
top-picks,Yahoo!リアルタイム検索,「風、薫る」が最終回 SNSの反応,9/25(金) 8:15,https://news.yahoo.co.jp/pickup/6596442,https://news.yahoo.co.jp/articles/1dedb3dc0efad6055594769f0d008d2ef4bdc19a,9/25(金) 8:15
top-picks,オリコン,声優・上坂すみれ 脅迫受け被害届,9/25(金) 8:12,https://news.yahoo.co.jp/pickup/6596441,https://news.yahoo.co.jp/articles/ea8980301da878743606ff6931f55b2b403f0c65,9/25(金) 8:12
top-picks,ITmedia NEWS,意図せず資金移動 楽天証券不具合,9/25(金) 8:09,https://news.yahoo.co.jp/pickup/6596439,https://news.yahoo.co.jp/articles/c21a12bea79996591506fad8a7702019aad4d8cd,9/25(金) 8:09
top-picks,関西テレビ,ファミマ「バイト改革」なぜ今,9/25(金) 7:57,https://news.yahoo.co.jp/pickup/6596440,https://news.yahoo.co.jp/articles/2373fbc609a59e42bf8b1e7fe898740a461e21fa,9/25(金) 7:57
top-picks,福井テレビ,返礼品の越前がに違法表示 福井,9/25(金) 7:50,https://news.yahoo.co.jp/pickup/6596438,,9/25(金) 7:50
top-picks,共同通信,米住宅ローン金利7%超 30年固定,9/25(金) 7:33,https://news.yahoo.co.jp/pickup/6596435,https://news.yahoo.co.jp/articles/6016473e9048a69419896de322aa89c6b95c836a,9/25(金) 7:33
top-picks,Full-Count,鈴木誠也26号 カブスPO進出決定,9/25(金) 7:12,https://news.yahoo.co.jp/pickup/6596434,https://news.yahoo.co.jp/articles/d4499e01b0ff2820bd8d6b8dc4d606fb53b0661b,9/25(金) 7:12
top-picks,テレビ朝日系（ANN）,北海道で今季全国初 氷点下を観測,9/25(金) 7:11,https://news.yahoo.co.jp/pickup/6596433,,9/25(金) 7:11
top-picks,tenki.jp,台風26号 強い勢力で沖縄に接近へ,9/25(金) 6:52,https://news.yahoo.co.jp/pickup/6596432,https://news.yahoo.co.jp/articles/656142d80f68e83b7173c377cdf1f6cd995b3a67,9/25(金) 6:52
top-picks,朝日新聞,習氏 米に台湾独立への反対求める,9/25(金) 6:36,https://news.yahoo.co.jp/pickup/6596431,https://news.yahoo.co.jp/articles/f6539cb825158302b2a1f97d76e5732259bdfdfe,9/25(金) 6:36
top-picks,ロイター,米イラン 段階的な戦闘終結模索,9/25(金) 6:27,https://news.yahoo.co.jp/pickup/6596430,https://news.yahoo.co.jp/articles/5b7befd151e5865176494c75b9dd4e8fb83098c5,9/25(金) 6:27
top-picks,日刊スポーツ,阪神・西勇輝 今季限りで現役引退,9/25(金) 6:16,https://news.yahoo.co.jp/pickup/6596429,https://news.yahoo.co.jp/articles/c1d561b375a6de31e4cd3d1b05345276891e5762,9/25(金) 6:16
top-picks,TBS CROSS DIG with Bloomberg,パンダ2頭近く米へ到着 習氏発表,9/25(金) 6:07,https://news.yahoo.co.jp/pickup/6596428,https://news.yahoo.co.jp/articles/b313a65ae8f880b26e6174061cd8d2478122ff3f,9/25(金) 6:07
top-picks,日刊スポーツ,WEST.ファンと対面イベなく解散,9/25(金) 0:00,https://news.yahoo.co.jp/pickup/6596427,https://news.yahoo.co.jp/articles/9cd48fa81a650a5c1ec14faec11716d2c30a4809,9/25(金) 0:00
top-picks,読売新聞オンライン,小林製薬 株式の非公開化を検討,9/24(木) 23:41,https://news.yahoo.co.jp/pickup/6596426,https://news.yahoo.co.jp/articles/a13f285d31ae885618312489f67ba1b58bae567b,9/24(木) 23:41
top-picks,KBC九州朝日放送,飯塚事件 3回目の再審請求へ,9/24(木) 23:29,https://news.yahoo.co.jp/pickup/6596425,,9/24(木) 23:29
top-picks,日刊スポーツ,男子団体で金 張本「中国超えた」,9/24(木) 23:20,https://news.yahoo.co.jp/pickup/6596423,https://news.yahoo.co.jp/articles/2903dec6f6cf94a629b8ed643d26cdcd59eb707f,9/24(木) 23:20
top-picks,産経新聞,白木万理さん死去 3年後公表の訳,9/24(木) 23:18,https://news.yahoo.co.jp/pickup/6596424,https://news.yahoo.co.jp/articles/a4ed635087446cb8382a72ab85964733a8f03c6b,9/24(木) 23:18
top-picks,オリコン,海原雄山役 父から大塚明夫が継ぐ,9/24(木) 23:06,https://news.yahoo.co.jp/pickup/6596422,https://news.yahoo.co.jp/articles/9e76689ba0902d2bc3db5e9db4ede09d1cdd378d,9/24(木) 23:06
top-picks,産経新聞,白木万理さん死去 SNS機に公表,9/24(木) 22:58,https://news.yahoo.co.jp/pickup/6596420,https://news.yahoo.co.jp/articles/a4ed635087446cb8382a72ab85964733a8f03c6b,9/24(木) 22:58
top-picks,TBS NEWS DIG Powered by JNN,卓球女子団体 中国に敗れ銀メダル,9/24(木) 22:35,https://news.yahoo.co.jp/pickup/6596418,https://news.yahoo.co.jp/articles/86d7fa022276360c6dea63cf10c554829cc09f0c,9/24(木) 22:35
top-picks,日刊スポーツ,銀座にBTSジョングク ファン殺到,9/24(木) 22:32,https://news.yahoo.co.jp/pickup/6596419,https://news.yahoo.co.jp/articles/8a22eb0d08551870063399b52f7ea4ede0e6ee10,9/24(木) 22:32
top-picks,読売新聞オンライン,カバディ男子敗退 ルール巡り混乱,9/24(木) 22:30,https://news.yahoo.co.jp/pickup/6596415,https://news.yahoo.co.jp/articles/cde3a29f0d0fd8ff8b32a2252789867ea6769c32,9/24(木) 22:30
top-picks,日刊スポーツ,銀座にBTSジョングク 1500人殺到,9/24(木) 22:08,https://news.yahoo.co.jp/pickup/6596416,https://news.yahoo.co.jp/articles/8a22eb0d08551870063399b52f7ea4ede0e6ee10,9/24(木) 22:08
top-picks,産経新聞,政府 米中首脳会談の動向を注視,9/24(木) 21:54,https://news.yahoo.co.jp/pickup/6596412,,9/24(木) 21:54
top-picks,共同通信,誤情報で民放批判 維新藤田氏謝罪,9/24(木) 21:52,https://news.yahoo.co.jp/pickup/6596414,https://news.yahoo.co.jp/articles/453f6dbac017fe575bbffa1082abac4cd434f74c,9/24(木) 21:52
top-picks,朝日新聞,崖崩落で死亡 夫が過去に対応要求,9/24(木) 21:42,https://news.yahoo.co.jp/pickup/6596413,https://news.yahoo.co.jp/articles/c61cfac3d2bfe77fc27f6da09ca2f160f4fd69c1,9/24(木) 21:42
top-picks,スポニチアネックス,森保J ウルグアイに3-1で勝利,9/24(木) 21:22,https://news.yahoo.co.jp/pickup/6596411,https://news.yahoo.co.jp/articles/d8d1d31c0b4a063d88b21ce9c871f851de612a86,9/24(木) 21:22
top-picks,スポニチアネックス,森保J W杯後の初陣は白星発進,9/24(木) 21:14,https://news.yahoo.co.jp/pickup/6596410,https://news.yahoo.co.jp/articles/d8d1d31c0b4a063d88b21ce9c871f851de612a86,9/24(木) 21:14
top-picks,毎日新聞,養魚場浸水 金魚など10万匹全滅か,9/24(木) 21:01,https://news.yahoo.co.jp/pickup/6596409,https://news.yahoo.co.jp/articles/7a3b374a3ac4de6b474a223b7a6308f88ff382e8,9/24(木) 21:01
top-picks,朝日新聞,獣医師ミスで犬に障害 和解が成立,9/24(木) 20:50,https://news.yahoo.co.jp/pickup/6596408,https://news.yahoo.co.jp/articles/bc3a3f2b6d2881ac5c8181aad848eb894cd528cc,9/24(木) 20:50
top-picks,AP通信,米#MeToo巡る性犯罪 禁錮15年,9/24(木) 20:29,https://news.yahoo.co.jp/pickup/6596406,https://news.yahoo.co.jp/articles/c28d7e6c78f6ed859465115125c8606bc750e0b4,9/24(木) 20:29
top-picks,TBS NEWS DIG Powered by JNN,卓球男子団体が「金」中国を撃破,9/24(木) 20:11,https://news.yahoo.co.jp/pickup/6596405,https://news.yahoo.co.jp/articles/153d7f0b99f03774014c7f4af0975539248d7fe8,9/24(木) 20:11
top-picks,CNN.co.jp,取材許可巡る米政権措置 差し止め,9/24(木) 20:01,https://news.yahoo.co.jp/pickup/6596403,https://news.yahoo.co.jp/articles/ad4e54e18405abf89f00b2bc83f505371b5012d5,9/24(木) 20:01
top-picks,日テレNEWS NNN,卓球男子団体 Vかけた最終試合へ,9/24(木) 19:51,https://news.yahoo.co.jp/pickup/6596402,https://news.yahoo.co.jp/articles/40882550b35d8dc38794b14269f850c32369f5ea,9/24(木) 19:51
top-picks,スポニチアネックス,リトグリ・結海 10月に活動再開へ,9/24(木) 19:31,https://news.yahoo.co.jp/pickup/6596399,https://news.yahoo.co.jp/articles/0641e356f8f958444c8a0485b4613546963d8b1e,9/24(木) 19:31
top-picks,日刊スポーツ,WEST解散 2人脱退発表から1カ月,9/24(木) 19:28,https://news.yahoo.co.jp/pickup/6596398,https://news.yahoo.co.jp/articles/b8d2addc1f616c042becb7f028e6ba7b9f8ca3ab,9/24(木) 19:28
top-picks,スポーツナビ,速報・森保ジャパンvs.ウルグアイ,9/24(木) 18:57,https://news.yahoo.co.jp/pickup/6596376,https://news.yahoo.co.jp/articles/ed2471550651496db61bbcc39e87a3fd73189dd1,9/24(木) 18:57
top-picks,時事通信,台風25号 死者11人行方不明3人に,9/24(木) 18:52,https://news.yahoo.co.jp/pickup/6596396,,9/24(木) 18:52
top-picks,Full-Count,西武・ネビンに制裁金10万円 NPB,9/24(木) 18:51,https://news.yahoo.co.jp/pickup/6596395,https://news.yahoo.co.jp/articles/b361c1992d8f5db4672472a0034144bfba1a0ca4,9/24(木) 18:51
top-picks,tenki.jp,週末は関東各地で雨の予報 注意,9/24(木) 18:40,https://news.yahoo.co.jp/pickup/6596394,https://news.yahoo.co.jp/articles/5f1a9dc40586b79db7230d44c1620be0470f7b6a,9/24(木) 18:40
top-picks,TBS NEWS DIG Powered by JNN,新党・民主改革の会 18人が入党へ,9/24(木) 18:36,https://news.yahoo.co.jp/pickup/6596393,https://news.yahoo.co.jp/articles/1202104f2753411b5b58b2c61a8215afa22c8e1b,9/24(木) 18:36
top-picks,,防災庁 もし熊本地震前にあったら,9/24(木) 18:15,https://news.yahoo.co.jp/pickup/6596373,,9/24(木) 18:15
top-picks,毎日新聞,印旛沼近く ウナギ5万匹流される,9/24(木) 18:04,https://news.yahoo.co.jp/pickup/6596389,https://news.yahoo.co.jp/articles/3b6e295b033a6ab7a2cc0446d1ad6d56e53cac8c,9/24(木) 18:04
top-picks,FBS福岡放送,匿名投稿で攻撃 林泰輔県議が釈明,9/24(木) 18:00,https://news.yahoo.co.jp/pickup/6596390,,9/24(木) 18:00
top-picks,MBSニュース,第二神明で10台絡む事故 1人重傷,9/24(木) 17:50,https://news.yahoo.co.jp/pickup/6596386,https://news.yahoo.co.jp/articles/48afbdacf2d2057f0f53ddf5d7f62e0bba89d672,9/24(木) 17:50
top-picks,スポニチアネックス,大橋信が世界新記録 200m平泳ぎ,9/24(木) 17:44,https://news.yahoo.co.jp/pickup/6596388,https://news.yahoo.co.jp/articles/8d0f2f810702d5c0e8188911c745dc215c6ee4d7,9/24(木) 17:44
top-picks,共同通信,「こどもNISA」競争に熱 証券各社,9/24(木) 17:22,https://news.yahoo.co.jp/pickup/6596381,,9/24(木) 17:22
top-picks,オリコン,浅香唯 ライブで足を捻り靱帯損傷,9/24(木) 17:21,https://news.yahoo.co.jp/pickup/6596384,https://news.yahoo.co.jp/articles/e9a083aecd3b8a9b43a42a6b5891693baa88e016,9/24(木) 17:21
top-picks,読売新聞オンライン,俳優・白木万理さん 3年前に死去,9/24(木) 17:15,https://news.yahoo.co.jp/pickup/6596382,https://news.yahoo.co.jp/articles/4fd11e929335c944899c3329dbc8c08f873354ab,9/24(木) 17:15
top-picks,共同通信,中小事業者のレジ改修補助へ 政府,9/24(木) 17:04,https://news.yahoo.co.jp/pickup/6596379,https://news.yahoo.co.jp/articles/d801689004d5e678211b1ec0cee41c460d8b5782,9/24(木) 17:04
top-picks,産経新聞,11歳がeスポーツ決勝へ ぷよぷよ,9/24(木) 16:39,https://news.yahoo.co.jp/pickup/6596375,https://news.yahoo.co.jp/articles/ac6946480417815fe07c5eb997a40603b3b6d6b2,9/24(木) 16:39
top-picks,毎日新聞,太陽光発電施設で発火 印旛沼付近,9/24(木) 16:01,https://news.yahoo.co.jp/pickup/6596372,https://news.yahoo.co.jp/articles/f37b56ea06fbd671bd00df10192d3b3d9eb86360,9/24(木) 16:01
top-picks,ウェザーマップ,台風26号 週明けに沖縄接近の恐れ,9/24(木) 15:42,https://news.yahoo.co.jp/pickup/6596371,https://news.yahoo.co.jp/articles/30d6d5fdd8951625db8239d7d0214dba25d88bc6,9/24(木) 15:42
top-picks,日刊スポーツ,WEST.解散発表 個々で思い吐露,9/24(木) 15:31,https://news.yahoo.co.jp/pickup/6596370,https://news.yahoo.co.jp/articles/78c99925bb53f99a3de322eb71c9bb10bd08c493,9/24(木) 15:31
top-picks,日刊スポーツ,バド女子団体が銀 山口茜は悔し涙,9/24(木) 15:26,https://news.yahoo.co.jp/pickup/6596369,https://news.yahoo.co.jp/articles/c23a904627e952fad68598e8d4a7db5632a0fa07,9/24(木) 15:26
top-picks,MBSニュース,鉄塔転落死 遺族が会社に要望書,9/24(木) 14:50,https://news.yahoo.co.jp/pickup/6596366,https://news.yahoo.co.jp/articles/bb906576286d43fcca541238325ef3d0cdc5bcd5,9/24(木) 14:50
top-picks,沖縄タイムス,ジャングリア親会社 173億円赤字,9/24(木) 14:49,https://news.yahoo.co.jp/pickup/6596367,https://news.yahoo.co.jp/articles/32356213539e5b3557aea783e84806d6032a8f30,9/24(木) 14:49
top-picks,スポーツ報知,由伸が9敗目 復帰の大谷は1安打,9/24(木) 14:33,https://news.yahoo.co.jp/pickup/6596365,https://news.yahoo.co.jp/articles/fbb50f3f39f3c529bfc0df6008da1dd9c1c29130,9/24(木) 14:33
top-picks,日刊スポーツ,WEST.活動終了 約5秒頭下げ謝罪,9/24(木) 14:32,https://news.yahoo.co.jp/pickup/6596364,https://news.yahoo.co.jp/articles/4963d31d805618afd0d8293f00219be5243f4cf2,9/24(木) 14:32
top-picks,RKB毎日放送,中学生10人に追われ観念 男を逮捕,9/24(木) 14:16,https://news.yahoo.co.jp/pickup/6596363,https://news.yahoo.co.jp/articles/dac0e246d633e51c1573e1715a8087abcd1351a4,9/24(木) 14:16
top-picks,TBS NEWS DIG Powered by JNN,トランプ氏が習氏を出迎え 思惑は,9/24(木) 14:14,https://news.yahoo.co.jp/pickup/6596362,https://news.yahoo.co.jp/articles/eb53264bdadae45f2268bfe16c204297d3c4bdfe,9/24(木) 14:14
top-picks,共同通信,イオンが送風機自主回収 発火恐れ,9/24(木) 13:36,https://news.yahoo.co.jp/pickup/6596359,https://news.yahoo.co.jp/articles/e1d3794c7a894e7cc74d6049088e56558a586506,9/24(木) 13:36
top-picks,ENCOUNT,the GazettEのRUKI 救急搬送,9/24(木) 13:33,https://news.yahoo.co.jp/pickup/6596357,https://news.yahoo.co.jp/articles/71e1faf84866ff3ae071a8c73baf456e402db586,9/24(木) 13:33
top-picks,FNNプライムオンライン（フジテレビ系）,円安進行 レートチェック効果相殺,9/24(木) 13:20,https://news.yahoo.co.jp/pickup/6596356,https://news.yahoo.co.jp/articles/4723529e2792d7d6dc06fe38c71d81cd3a63054a,9/24(木) 13:20
top-picks,スポーツ報知,WEST. 今月末で活動終了,9/24(木) 13:11,https://news.yahoo.co.jp/pickup/6596358,https://news.yahoo.co.jp/articles/2f1733177077ce7ed5d2a2a3b6cda6493e73bc13,9/24(木) 13:11
top-picks,FNNプライムオンライン（フジテレビ系）,千葉県内 約1万7000軒で停電続く,9/24(木) 12:58,https://news.yahoo.co.jp/pickup/6596355,https://news.yahoo.co.jp/articles/7f0f43d0301350aff929c4b31c6939f312904547,9/24(木) 12:58
top-picks,FNNプライムオンライン（フジテレビ系）,漂着の巨大クジラ 撤去めど立たず,9/24(木) 12:36,https://news.yahoo.co.jp/pickup/6596354,https://news.yahoo.co.jp/articles/02a77a85eaa8b764396c8d8d12f3f2440f2bb7d8,9/24(木) 12:36
top-picks,朝日新聞,37年前不明の子に失踪宣告 母手紙,9/24(木) 12:34,https://news.yahoo.co.jp/pickup/6596353,https://news.yahoo.co.jp/articles/31eb105510ffb45e4b1b69e75ea21cbff65d5b4e,9/24(木) 12:34
top-picks,読売新聞オンライン,印旛沼周辺 水が引かず住民不安,9/24(木) 12:30,https://news.yahoo.co.jp/pickup/6596352,https://news.yahoo.co.jp/articles/baf0b37201bd2cb1d54bf570b8f8ebd63adaecf8,9/24(木) 12:30
top-picks,ロイター,ウ 北朝鮮兵2人を韓国に引き渡し,9/24(木) 12:02,https://news.yahoo.co.jp/pickup/6596348,https://news.yahoo.co.jp/articles/9e6d05947722285a8374528c0c686f5f1e0a0953,9/24(木) 12:02
top-picks,スポニチアネックス,日ハム新庄剛志監督 来季も続投,9/24(木) 12:02,https://news.yahoo.co.jp/pickup/6596349,https://news.yahoo.co.jp/articles/7796f1f29b2dc25a6433e8cadc5ce92690b3b628,9/24(木) 12:02
top-picks,朝日新聞,東京都の中古マンション 価格下落,9/24(木) 11:48,https://news.yahoo.co.jp/pickup/6596346,https://news.yahoo.co.jp/articles/99d5dc4f7015a8ec2ad0b68cbba454a0126adf7d,9/24(木) 11:48
top-picks,時事通信,長期金利一時3.055% 米債券安で,9/24(木) 11:39,https://news.yahoo.co.jp/pickup/6596347,https://news.yahoo.co.jp/articles/7305953542ff2eb60a35b458e305c56321e1c38a,9/24(木) 11:39
top-picks,ロイター,AIエージェント 豪政府サイト侵入,9/24(木) 11:39,https://news.yahoo.co.jp/pickup/6596342,https://news.yahoo.co.jp/articles/8a1d35cde3bf1f8ff59ff5ad73bd05786304b941,9/24(木) 11:39
top-picks,オリコン,錦戸亮 23年ぶり朝ドラ出演決定,9/24(木) 11:38,https://news.yahoo.co.jp/pickup/6596341,https://news.yahoo.co.jp/articles/7535276d953a975e986c40fa8e4159d1490cbf88,9/24(木) 11:38
top-picks,スポニチアネックス,バレー佐藤駿一郎 代表への思い,9/24(木) 11:38,https://news.yahoo.co.jp/pickup/6596344,https://news.yahoo.co.jp/articles/2f2a80eed828c422cd8261836502e954c96c18d8,9/24(木) 11:38
top-picks,オリコン,林遣都&上白石萌音 映画で初共演,9/24(木) 11:31,https://news.yahoo.co.jp/pickup/6596343,https://news.yahoo.co.jp/articles/f99f366c52680e81abaf26ad8a1b11a1435bc08b,9/24(木) 11:31
top-picks,スポーツナビ,速報ドジャース 大谷翔平が復帰,9/24(木) 11:23,https://news.yahoo.co.jp/pickup/6596345,https://news.yahoo.co.jp/articles/664dbf4f880c31a00808c7fffda37c83707a3e78,9/24(木) 11:23
top-picks,スポーツナビ,速報 ドジャースvs.パドレス,9/24(木) 11:12,https://news.yahoo.co.jp/pickup/6596336,https://news.yahoo.co.jp/articles/664dbf4f880c31a00808c7fffda37c83707a3e78,9/24(木) 11:12
top-picks,共同通信,ネイリスト殺害 男に拘禁21年求刑,9/24(木) 11:11,https://news.yahoo.co.jp/pickup/6596340,https://news.yahoo.co.jp/articles/182378b077f66c341a0874df3bea641ccfb76bc7,9/24(木) 11:11
top-picks,関西テレビ,ススキ絶景に長い車列 住民悲鳴,9/24(木) 10:59,https://news.yahoo.co.jp/pickup/6596339,https://news.yahoo.co.jp/articles/fdc00a43b8334e09e62bcffff4d0ada199b0e679,9/24(木) 10:59
top-picks,FNNプライムオンライン（フジテレビ系）,中国でAI俳優が急成長 負の影響も,9/24(木) 10:29,https://news.yahoo.co.jp/pickup/6596338,,9/24(木) 10:29
top-picks,CNET Japan,Meta 100gの超軽量VRグラス発表,9/24(木) 10:08,https://news.yahoo.co.jp/pickup/6596337,https://news.yahoo.co.jp/articles/0f3d3ae8b9b575c09d63ff4f277f22a9332c9db0,9/24(木) 10:08
top-picks,スポニチアネックス,池江 体調不良で50m自由形棄権,9/24(木) 10:02,https://news.yahoo.co.jp/pickup/6596335,https://news.yahoo.co.jp/articles/5dd8aa6621aa6edc932d96117cc3fc654c2353b5,9/24(木) 10:02
top-picks,ITmedia ビジネスオンライン,「サバゲー」で企業研修 目的は,9/24(木) 9:45,https://news.yahoo.co.jp/pickup/6596334,https://news.yahoo.co.jp/articles/e48c177320bbcceb9a441df554b15abdf6de0868,9/24(木) 9:45
top-picks,Bloomberg,米中の貿易休戦 2カ月延長で合意,9/24(木) 9:36,https://news.yahoo.co.jp/pickup/6596332,https://news.yahoo.co.jp/articles/96a15c02ef626fd12a6e067556d910377a874547,9/24(木) 9:36
top-picks,日テレNEWS NNN,印旛沼「いつ決壊したのか」不明,9/24(木) 9:32,https://news.yahoo.co.jp/pickup/6596333,https://news.yahoo.co.jp/articles/a661d7b4f312d47c52e58f02cfa5f6b4fb3df443,9/24(木) 9:32
top-picks,ロイター,FRB 中間選挙直前に追加利上げか,9/24(木) 9:27,https://news.yahoo.co.jp/pickup/6596331,https://news.yahoo.co.jp/articles/c8a81197759bde93999f0d49eafd15a49d00592c,9/24(木) 9:27
top-picks,RBC琉球放送,ANA機脱出 乗客「ガタガタ音」,9/24(木) 9:24,https://news.yahoo.co.jp/pickup/6596330,https://news.yahoo.co.jp/articles/26c2cd9362c7630ead71acedf8bb591cbf8e23fe,9/24(木) 9:24
top-picks,TBS NEWS DIG Powered by JNN,台風25号被害 死者10人不明4人に,9/24(木) 8:44,https://news.yahoo.co.jp/pickup/6596329,https://news.yahoo.co.jp/articles/e72ce6816d61d4fc850ea4f4180f885cd1be7aaf,9/24(木) 8:44
top-picks,スポニチアネックス,バレー 佐藤駿一郎「全て失った」,9/24(木) 8:30,https://news.yahoo.co.jp/pickup/6596327,https://news.yahoo.co.jp/articles/08d6cbc6a1847d3e6498f7fc74eaada1439fc46a,9/24(木) 8:30
top-picks,共同通信,イラン首都でUFO飛行? SNS拡散,9/24(木) 8:27,https://news.yahoo.co.jp/pickup/6596328,https://news.yahoo.co.jp/articles/0b2ef1532e59f75d56f00b34362cddc33280ab51,9/24(木) 8:27
top-picks,テレビ朝日系（ANN）,会社役員刺され重体 従業員ら逮捕,9/24(木) 8:05,https://news.yahoo.co.jp/pickup/6596326,https://news.yahoo.co.jp/articles/f28a380f9f410bf559d42197f4792853eb814531,9/24(木) 8:05
top-picks,スポーツ報知,大谷が「2番DH」でスタメン復帰,9/24(木) 7:56,https://news.yahoo.co.jp/pickup/6596325,https://news.yahoo.co.jp/articles/94cbd1b3ed364a02a15ff67fb321b907407f40b9,9/24(木) 7:56
top-picks,千葉日報オンライン,台風影響 内房線の復旧に3カ月超,9/24(木) 7:36,https://news.yahoo.co.jp/pickup/6596323,https://news.yahoo.co.jp/articles/6f7a5b46efa483b098520265b66667f9ce0007cd,9/24(木) 7:36
top-picks,TBS NEWS DIG Powered by JNN,習氏が米到着 トランプ氏が出迎え,9/24(木) 7:26,https://news.yahoo.co.jp/pickup/6596324,https://news.yahoo.co.jp/articles/a32b57d78da8bb2bd830b424b1f6bdedce095672,9/24(木) 7:26
top-picks,朝日新聞,10年超不明の当時10歳未満 42人,9/24(木) 7:22,https://news.yahoo.co.jp/pickup/6596322,https://news.yahoo.co.jp/articles/df94cfc4bd8b9bd9d584616d5c4cf628418ac319,9/24(木) 7:22
top-picks,tenki.jp,台風26号発生 26日には沖縄の南へ,9/24(木) 6:58,https://news.yahoo.co.jp/pickup/6596321,https://news.yahoo.co.jp/articles/46485d7895dc8b838bde0da670b8b45840a00f39,9/24(木) 6:58
top-picks,ロイター,露側 プーチン氏のG20出席検討,9/24(木) 6:38,https://news.yahoo.co.jp/pickup/6596320,https://news.yahoo.co.jp/articles/0258aa871cf1efd4e01f810852e403269adda675,9/24(木) 6:38
top-picks,TBS NEWS DIG Powered by JNN,千葉の停電 復旧の見通し立たず,9/24(木) 6:30,https://news.yahoo.co.jp/pickup/6596319,https://news.yahoo.co.jp/articles/7b9e555e30a4f526afe9f61f440096dcb4cfd140,9/24(木) 6:30
top-picks,共同通信,ANA機脱出 重大インシデント認定,9/24(木) 6:22,https://news.yahoo.co.jp/pickup/6596318,https://news.yahoo.co.jp/articles/5c86fe8109c1ed6d844a8ee8dc4f775d152dff32,9/24(木) 6:22
top-picks,日刊スポーツ,DeNA藤浪晋太郎 来季戦力構想外,9/24(木) 6:06,https://news.yahoo.co.jp/pickup/6596317,https://news.yahoo.co.jp/articles/ed3bcff84c52c110feab88ed6e4be2ec3d07d725,9/24(木) 6:06
top-picks,TBS NEWS DIG Powered by JNN,ANA機が空港に緊急着陸 乗客脱出,9/23(水) 23:59,https://news.yahoo.co.jp/pickup/6596316,https://news.yahoo.co.jp/articles/c64b4bd1b0ab6c3b8a8e894003df71047d4191a4,9/23(水) 23:59
top-picks,スポーツ報知,体操女子団体は銀 杉原が感涙,9/23(水) 23:47,https://news.yahoo.co.jp/pickup/6596315,https://news.yahoo.co.jp/articles/d835195164caa1b0285f4a8e158766ee51f6d3c0,9/23(水) 23:47
top-picks,FNNプライムオンライン（フジテレビ系）,印旛沼 排水追い付かず堤防決壊か,9/23(水) 23:16,https://news.yahoo.co.jp/pickup/6596313,https://news.yahoo.co.jp/articles/6c2740458b5b2ffe7484ca4cb58f9c5da177a86b,9/23(水) 23:16
top-picks,茨城新聞クロスアイ,屋根材の撤去中に転落 77歳死亡,9/23(水) 23:15,https://news.yahoo.co.jp/pickup/6596314,https://news.yahoo.co.jp/articles/6cee726692e3984966cd926b20825267b5f037f8,9/23(水) 23:15
top-picks,テレビ朝日系（ANN）,金利上昇 住宅の駆け込み購入も,9/23(水) 22:52,https://news.yahoo.co.jp/pickup/6596308,,9/23(水) 22:52
top-picks,スポニチアネックス,小籔千豊 吉本退所後について言及,9/23(水) 22:44,https://news.yahoo.co.jp/pickup/6596310,https://news.yahoo.co.jp/articles/f8be15a0451798e72ffe65c98f83d385e25759b0,9/23(水) 22:44
top-picks,スポニチアネックス,小籔千豊 政界進出の噂を完全否定,9/23(水) 22:35,https://news.yahoo.co.jp/pickup/6596307,https://news.yahoo.co.jp/articles/f8be15a0451798e72ffe65c98f83d385e25759b0,9/23(水) 22:35
top-picks,FNNプライムオンライン（フジテレビ系）,「スクイーズ」から有害物質 韓国,9/23(水) 22:18,https://news.yahoo.co.jp/pickup/6596305,https://news.yahoo.co.jp/articles/989deef3bff6c16228f4d0b9133e094d6fb2ad31,9/23(水) 22:18
top-picks,バレーボールキング,バレー女子の中国主将 富山に加入,9/23(水) 22:09,https://news.yahoo.co.jp/pickup/6596306,https://news.yahoo.co.jp/articles/8517d37e9000d82fa9a137547f1241fb54874498,9/23(水) 22:09
top-picks,朝日新聞,新宿のビルで火災発生 3人負傷,9/23(水) 21:59,https://news.yahoo.co.jp/pickup/6596304,https://news.yahoo.co.jp/articles/a874c9fa07b11e6b113e70e0bb539f5257eefb28,9/23(水) 21:59
top-picks,日刊スポーツ,燕2軍戸田球場 最後はノーゲーム,9/23(水) 21:38,https://news.yahoo.co.jp/pickup/6596302,https://news.yahoo.co.jp/articles/785aadc5e4036ff8a44aaf406fcd9a6432f05ea0,9/23(水) 21:38
top-picks,毎日新聞,中国 高市首相の国連演説巡り反発,9/23(水) 21:27,https://news.yahoo.co.jp/pickup/6596301,https://news.yahoo.co.jp/articles/72c5685b44c329e0913d151d15636eae7b75d918,9/23(水) 21:27
top-picks,日テレNEWS NNN,日米首脳会談の目的は達成? 解説,9/23(水) 21:25,https://news.yahoo.co.jp/pickup/6596299,https://news.yahoo.co.jp/articles/7cb3912f560457ea92de0085b3631d35736c63ce,9/23(水) 21:25
top-picks,FNNプライムオンライン（フジテレビ系）,維持費高騰 減る「ご当地遊園地」,9/23(水) 21:12,https://news.yahoo.co.jp/pickup/6596298,https://news.yahoo.co.jp/articles/0817e4ea04dd606af85b8f58e7e2c68601988582,9/23(水) 21:12
top-picks,テレビユー山形,不明の6歳か 遺体は離島で発見,9/23(水) 20:55,https://news.yahoo.co.jp/pickup/6596296,https://news.yahoo.co.jp/articles/90c4d422481ddfcf2cea657b20502cf71e3e438e,9/23(水) 20:55
top-picks,関西テレビ,堤防決壊 老舗養魚場が壊滅的被害,9/23(水) 20:50,https://news.yahoo.co.jp/pickup/6596297,https://news.yahoo.co.jp/articles/622bffa388a5b73a2e7a9846f4eb1ffdb61278d1,9/23(水) 20:50
top-picks,読売新聞オンライン,JCOMのシステム障害 ほぼ復旧,9/23(水) 20:47,https://news.yahoo.co.jp/pickup/6596295,https://news.yahoo.co.jp/articles/f2a9ee2f9630663194cfe2413300e5871f95a868,9/23(水) 20:47
top-picks,共同通信,神戸市 会議の委員発言を無断修正,9/23(水) 20:37,https://news.yahoo.co.jp/pickup/6596294,https://news.yahoo.co.jp/articles/0702966b7ef24a46b827ce723c4426a1b2ea5572,9/23(水) 20:37
top-picks,関西テレビ,台風で養魚場浸水 被害10億円にも,9/23(水) 20:32,https://news.yahoo.co.jp/pickup/6596291,https://news.yahoo.co.jp/articles/622bffa388a5b73a2e7a9846f4eb1ffdb61278d1,9/23(水) 20:32
top-picks,デイリースポーツ,競泳リレー銀 足引っ張ったと池江,9/23(水) 20:30,https://news.yahoo.co.jp/pickup/6596293,https://news.yahoo.co.jp/articles/22495050b0ca95a0db8ba3cc68453be138ba67d5,9/23(水) 20:30
top-picks,読売新聞オンライン,社員寮や社宅が増加 企業の期待は,9/23(水) 20:08,https://news.yahoo.co.jp/pickup/6596288,https://news.yahoo.co.jp/articles/de7c14b313428f8a09dad99c00d80d3322374dfe,9/23(水) 20:08
top-picks,AERA with Kids＋,石田純一「一番の味方は家族」,9/23(水) 19:51,https://news.yahoo.co.jp/pickup/6596287,https://news.yahoo.co.jp/articles/942eae1810c03b7d86e77452643edb4cff874a62,9/23(水) 19:51
top-picks,スポーツ報知,巨人衝撃 助っ人ハワードが帰国,9/23(水) 19:24,https://news.yahoo.co.jp/pickup/6596284,https://news.yahoo.co.jp/articles/8cad34f8061ac95765167de2912fca66eef74a28,9/23(水) 19:24
top-picks,日テレNEWS NNN,台風 千葉・神奈川で計10人死亡,9/23(水) 19:19,https://news.yahoo.co.jp/pickup/6596286,,9/23(水) 19:19
top-picks,毎日新聞,収賄の疑い JR貨物社員を逮捕,9/23(水) 19:03,https://news.yahoo.co.jp/pickup/6596282,https://news.yahoo.co.jp/articles/c10ddb147cf3b6410035d8f2808706c4216d09f8,9/23(水) 19:03
top-picks,オリコン,田口淳之介結婚 中丸雄一が祝福,9/23(水) 18:54,https://news.yahoo.co.jp/pickup/6596283,https://news.yahoo.co.jp/articles/db704f48394d21840a475bb0774063ae3fccaa44,9/23(水) 18:54
top-picks,MBSニュース,徳島刑務所で集団食中毒 18人症状,9/23(水) 18:36,https://news.yahoo.co.jp/pickup/6596280,https://news.yahoo.co.jp/articles/880b310163e5cc7793f957bcc487395a0d9e50d7,9/23(水) 18:36
top-picks,ITmedia Mobile,iPhone18Pro 先代と外観の違いは,9/23(水) 18:32,https://news.yahoo.co.jp/pickup/6596278,https://news.yahoo.co.jp/articles/97271083c46fe4a3fd37eeea534378c581f2e5bd,9/23(水) 18:32
top-picks,東海テレビ,アジア大会の国歌誤り 組織委説明,9/23(水) 18:31,https://news.yahoo.co.jp/pickup/6596279,https://news.yahoo.co.jp/articles/e617039a2ab30e75698071ced560616e02a5bce4,9/23(水) 18:31
top-picks,テレビ朝日系（ANN）,首相 米大統領との会談成果を強調,9/23(水) 18:10,https://news.yahoo.co.jp/pickup/6596276,https://news.yahoo.co.jp/articles/b20f03c1375145058f8c79dba55a5b7de3b2d442,9/23(水) 18:10
top-picks,TBS NEWS DIG Powered by JNN,体操男子団体 12年ぶりの金ならず,9/23(水) 18:02,https://news.yahoo.co.jp/pickup/6596273,https://news.yahoo.co.jp/articles/0d126aa5980d553ba091a4abc31534f4ff9c0c5e,9/23(水) 18:02
top-picks,オリコン,中丸雄一 田口淳之介の結婚祝福,9/23(水) 18:00,https://news.yahoo.co.jp/pickup/6596274,https://news.yahoo.co.jp/articles/db704f48394d21840a475bb0774063ae3fccaa44,9/23(水) 18:00
top-picks,読売新聞オンライン,JCOMで障害 復旧の見通し立たず,9/23(水) 17:52,https://news.yahoo.co.jp/pickup/6596275,https://news.yahoo.co.jp/articles/f2a9ee2f9630663194cfe2413300e5871f95a868,9/23(水) 17:52
top-picks,テレビユー山形,行方不明の6歳か 身元不明の遺体,9/23(水) 17:43,https://news.yahoo.co.jp/pickup/6596272,https://news.yahoo.co.jp/articles/a359f69e580b087fbc52147954c6672339d0e7ae,9/23(水) 17:43
top-picks,文春オンライン,波田陽区 芸人はやめてと子に思う,9/23(水) 17:36,https://news.yahoo.co.jp/pickup/6596270,https://news.yahoo.co.jp/articles/695b1241cc41e300573b73b59332c20dd1b33fa0,9/23(水) 17:36
top-picks,産経新聞,英検替え玉の男 別に答案改ざんも,9/23(水) 17:23,https://news.yahoo.co.jp/pickup/6596267,,9/23(水) 17:23
top-picks,サンケイスポーツ,綾瀬はるか 舞台あいさつで関西弁,9/23(水) 17:17,https://news.yahoo.co.jp/pickup/6596265,https://news.yahoo.co.jp/articles/a80121def0b0cb8a516fc8c6aaf9c829ad9b589d,9/23(水) 17:17
top-picks,Media info not found,脱・大手代理店 アジア大会が問う,愛知・名古屋アジア競技大会では、宿泊先の割り当てや選手輸送、登録システム、競技進行などを巡るトラブルが相次ぎました。複数の記事が背景として指摘しているのが、東京五輪の汚職・談合事件を受け、大手広告代理店が大会運営の中枢を担わなかったことです。自治体中心の組織委員会と海外企業、地元代理店などによる新体制では、巨大イベントを統括する経験や調整力が不足していたとの見方が出ています。,https://news.yahoo.co.jp/pickup/6596263,https://news.yahoo.co.jp/articles/5464b7ccec98f2a273ff0b21f75defabcd4b3234,9/23(水) 16:56
top-picks,朝日新聞,印旛沼で堤防決壊 復旧時期は未定,9/23(水) 16:55,https://news.yahoo.co.jp/pickup/6596264,https://news.yahoo.co.jp/articles/0e1d87a1d261ad78e62fbafdad15cb7a46b3e75c,9/23(水) 16:55
top-picks,デイリースポーツ,虎森下に2日連続死球 ブーイング,9/23(水) 16:37,https://news.yahoo.co.jp/pickup/6596262,https://news.yahoo.co.jp/articles/61bb49ec4bea763bba3b4b0cd8b0676780ae07d1,9/23(水) 16:37
top-picks,北海道ニュースUHB,漁船と衝突 ボート乗船の男性死亡,9/23(水) 16:33,https://news.yahoo.co.jp/pickup/6596261,https://news.yahoo.co.jp/articles/d6cfba272fd2b5730c091145d9ce9befff76ae45,9/23(水) 16:33
top-picks,Media info not found,ミスドが中国に再進出 勝算は,「ミスタードーナツ」が、2019年の撤退から7年ぶりに中国へ再進出しました。上海に1号店を開き、2029年までに30店舗を展開する計画です。,https://news.yahoo.co.jp/pickup/6596260,https://twitter.com/nikkei/status/2102314465769279663,9/23(水) 16:19
top-picks,ロイター,マスク氏 習主席は偉大な指導者,9/23(水) 16:10,https://news.yahoo.co.jp/pickup/6596259,https://news.yahoo.co.jp/articles/62c8ec0c2d072b88547f57520407db4d964badb7,9/23(水) 16:10
top-picks,ABEMA TIMES,非正規拡大は国の責任?識者見解,9/23(水) 16:06,https://news.yahoo.co.jp/pickup/6596257,https://news.yahoo.co.jp/articles/4982085264a2b11e39b99108fb958b3b8da2ab37,9/23(水) 16:06
top-picks,ウェザーマップ,週末は広く雨予報 土砂災害に注意,9/23(水) 16:04,https://news.yahoo.co.jp/pickup/6596258,https://news.yahoo.co.jp/articles/7bf5dbfc5a637e9d3a2bcac74976ce0f15ad1038,9/23(水) 16:04
top-picks,日刊スポーツ,中国選手を日本語読みで実況 なぜ,9/23(水) 15:46,https://news.yahoo.co.jp/pickup/6596253,,9/23(水) 15:46
top-picks,テレビ朝日系（ANN）,インフル拡大「長引く雨」一因か,9/23(水) 15:30,https://news.yahoo.co.jp/pickup/6596256,https://news.yahoo.co.jp/articles/e0d778c70826b9c2d02381b8f70fa53f62d50c04,9/23(水) 15:30
top-picks,テレビユー山形,6歳行方不明 手がかり見つからず,9/23(水) 15:23,https://news.yahoo.co.jp/pickup/6596254,https://news.yahoo.co.jp/articles/d47a8eb4f0684f66918f97926f864d44ae4b58e7,9/23(水) 15:23
top-picks,khb東日本放送,泳ぎ離島へ?漁船居座ったクマか,9/23(水) 15:03,https://news.yahoo.co.jp/pickup/6596252,https://news.yahoo.co.jp/articles/b728e114b5714b71a5f67ba319b559ec34f00651,9/23(水) 15:03
top-picks,THE ANSWER,バド女子決勝へ 韓国との死闘制す,9/23(水) 14:38,https://news.yahoo.co.jp/pickup/6596250,https://news.yahoo.co.jp/articles/e8530bf0ccca562efc668794285a1c0d45211f9f,9/23(水) 14:38
top-picks,ITmedia NEWS,JCOMで障害 ネット利用できず,9/23(水) 13:53,https://news.yahoo.co.jp/pickup/6596246,,9/23(水) 13:53
top-picks,オリコン,バンドcinema staff 来年9月解散,9/23(水) 13:43,https://news.yahoo.co.jp/pickup/6596245,https://news.yahoo.co.jp/articles/0079eab1785fb620352338f3daa7d7a64e1cb8a9,9/23(水) 13:43
top-picks,TeNYテレビ新潟,無人の軽トラ動き男性下敷き 死亡,9/23(水) 13:39,https://news.yahoo.co.jp/pickup/6596244,https://news.yahoo.co.jp/articles/58e8f9eab02bfdbb3c94b8e159f6d9a57fd361a9,9/23(水) 13:39
top-picks,読売新聞オンライン,「疲れた」1カ月余りで店3度被災,9/23(水) 13:19,https://news.yahoo.co.jp/pickup/6596243,https://news.yahoo.co.jp/articles/441dcb8e35e12ae9f47519d3585d3d747dab9335,9/23(水) 13:19
top-picks,共同通信,首相 ゼレンスキー大統領と初会談,9/23(水) 12:59,https://news.yahoo.co.jp/pickup/6596241,https://news.yahoo.co.jp/articles/abfdf281e794d557f8fc63742d410e9fc01766a7,9/23(水) 12:59
top-picks,スポニチアネックス,小林悠が引退決意 1週間泣いた妻,9/23(水) 12:54,https://news.yahoo.co.jp/pickup/6596240,https://news.yahoo.co.jp/articles/4699163490fcdc09e95b6dac82799336f533525a,9/23(水) 12:54
top-picks,スポーツ報知,朗希が今季初リリーフ登板 大歓声,9/23(水) 12:35,https://news.yahoo.co.jp/pickup/6596239,https://news.yahoo.co.jp/articles/51f92d70d5111f1ae51832443e698bce9c4bc6ed,9/23(水) 12:35
top-picks,TBS NEWS DIG Powered by JNN,5連休最終日 Uターンで交通混雑,9/23(水) 12:32,https://news.yahoo.co.jp/pickup/6596238,https://news.yahoo.co.jp/articles/d1d7327a9e87b6b4af312a41d2fa89f2a331f6ab,9/23(水) 12:32
top-picks,オリコン,7年ぶり「深夜食堂」出演者発表,9/23(水) 12:14,https://news.yahoo.co.jp/pickup/6596237,https://news.yahoo.co.jp/articles/325efdda8a048286e9d04f6ee6c7196f25ee0cd3,9/23(水) 12:14
top-picks,時事通信,イスラエル 動画で国連各国やゆ,9/23(水) 12:13,https://news.yahoo.co.jp/pickup/6596236,https://news.yahoo.co.jp/articles/2ffc9e0edb5f0829a6cfbc0fc230dbf90c0b25b6,9/23(水) 12:13
top-picks,ＡＦＰ＝時事,エルニーニョで雨 チリ砂漠に花畑,9/23(水) 12:08,https://news.yahoo.co.jp/pickup/6596235,https://news.yahoo.co.jp/articles/e64638dcb2f61b7d15171751558b31b1f16c22b7,9/23(水) 12:08
top-picks,47NEWS,光学迷彩を開発 SF漫画きっかけ,9/23(水) 11:34,https://news.yahoo.co.jp/pickup/6596231,https://news.yahoo.co.jp/articles/07b665e4d54a4cd7ac2cd30a5b079c7f4e8edd60,9/23(水) 11:34
top-picks,スポニチアネックス,池江「ゴーグルに水」も決勝進出,9/23(水) 11:33,https://news.yahoo.co.jp/pickup/6596230,https://news.yahoo.co.jp/articles/8ff38fc00c7b4055b4e5a9e8ba233f1c82ab194e,9/23(水) 11:33
top-picks,FOOTBALL ZONE,元代表FW小林悠 来年1/1で引退,9/23(水) 11:31,https://news.yahoo.co.jp/pickup/6596232,https://news.yahoo.co.jp/articles/df0f80f07f3f7743a2cec48b2a7f9ceb779a606e,9/23(水) 11:31
top-picks,デイリースポーツ,村上宗隆が33号 岡本和真に並ぶ,9/23(水) 10:46,https://news.yahoo.co.jp/pickup/6596229,https://news.yahoo.co.jp/articles/32b54042478f273b67384f04536a8484b4370af3,9/23(水) 10:46
top-picks,ITmedia ビジネスオンライン,進化系おにぎり専門店 売れる訳,9/23(水) 10:43,https://news.yahoo.co.jp/pickup/6596228,https://news.yahoo.co.jp/articles/d79570456ea079ca2b3490cd3686c2e89b5b383f,9/23(水) 10:43
top-picks,tenki.jp,関東は24日朝まで雨 土砂災害注意,9/23(水) 10:38,https://news.yahoo.co.jp/pickup/6596227,https://news.yahoo.co.jp/articles/22c02a5391337e08992042e636df9d75ccef1491,9/23(水) 10:38
top-picks,THE ANSWER,アジア大会競歩 違反連発の波乱,9/23(水) 10:25,https://news.yahoo.co.jp/pickup/6596224,https://news.yahoo.co.jp/articles/5fc9c4f629e5199f9478d15f847b48005357abc6,9/23(水) 10:25
top-picks,日刊スポーツ,赤井英和の長男 プロボクサー引退,9/23(水) 10:22,https://news.yahoo.co.jp/pickup/6596225,https://news.yahoo.co.jp/articles/4cfb074e2e237ab943cd1f7833b67fafabb90d0e,9/23(水) 10:22
top-picks,スポーツ報知,村上宗隆うずくまる 152キロ死球,9/23(水) 10:19,https://news.yahoo.co.jp/pickup/6596226,https://news.yahoo.co.jp/articles/c34d7fff34d16b0c19bdfb49a10f6ac1dda6cb59,9/23(水) 10:19
top-picks,MBSニュース,徘徊「ダチョウ」エミューだった,9/23(水) 9:58,https://news.yahoo.co.jp/pickup/6596223,https://news.yahoo.co.jp/articles/d7c16ecad779254e871982b1187ac35e2e30a063,9/23(水) 9:58
top-picks,オリコン,浅野忠信テレ東で女王アリ役 裏側,9/23(水) 9:46,https://news.yahoo.co.jp/pickup/6596222,https://news.yahoo.co.jp/articles/7839e40af8dfcd79a7210d80a3d8f99de5bf767e,9/23(水) 9:46
top-picks,毎日新聞,台風25号の死者9人に 4人行方不明,9/23(水) 9:43,https://news.yahoo.co.jp/pickup/6596221,https://news.yahoo.co.jp/articles/1cf0cb2a10d47af28d73624363b16f28c86e7027,9/23(水) 9:43
top-picks,ロイター,高市首相が国連演説 ICCに言及,9/23(水) 9:27,https://news.yahoo.co.jp/pickup/6596219,https://news.yahoo.co.jp/articles/1f71e4565e8e4754c4802662f33ef734aa097ea7,9/23(水) 9:27
top-picks,共同通信,台風25号による死者8人に 不明5人,9/23(水) 9:18,https://news.yahoo.co.jp/pickup/6596218,,9/23(水) 9:18
top-picks,スポーツ報知,村上宗隆 肘に死球で苦もんの表情,9/23(水) 9:18,https://news.yahoo.co.jp/pickup/6596216,https://news.yahoo.co.jp/articles/c34d7fff34d16b0c19bdfb49a10f6ac1dda6cb59,9/23(水) 9:18
top-picks,日テレNEWS NNN,クジラが千葉漂着 爆発の危険性も,9/23(水) 9:05,https://news.yahoo.co.jp/pickup/6596217,https://news.yahoo.co.jp/articles/625b4dd452aef0e795480541816974baa0109771,9/23(水) 9:05
top-picks,スポーツ報知,大谷があすの試合で復帰 監督明言,9/23(水) 8:48,https://news.yahoo.co.jp/pickup/6596214,https://news.yahoo.co.jp/articles/8746e962c228281570a29869f7f7c11be9cb5791,9/23(水) 8:48
top-picks,MBSニュース,「ダチョウが徘徊」と通報 滋賀,9/23(水) 8:47,https://news.yahoo.co.jp/pickup/6596215,https://news.yahoo.co.jp/articles/d7c16ecad779254e871982b1187ac35e2e30a063,9/23(水) 8:47
top-picks,MBSニュース,ダチョウ1頭が徘徊と通報 滋賀,9/23(水) 8:37,https://news.yahoo.co.jp/pickup/6596212,https://news.yahoo.co.jp/articles/d7c16ecad779254e871982b1187ac35e2e30a063,9/23(水) 8:37
top-picks,スポニチアネックス,波乱 卓球世界8位が275位に敗れる,9/23(水) 8:28,https://news.yahoo.co.jp/pickup/6596211,https://news.yahoo.co.jp/articles/0f8ad52f9b478d5053305c47f728f75fd1507d59,9/23(水) 8:28
top-picks,Media info not found,波紋 大食い動画の収益停止相次ぐ,YouTubeが摂食障害や過食に関するコンテンツへの規制適用を強めたことで、韓国のモッパン・ダイエット系ユーチューバーの一部で収益化停止や動画削除が相次ぎ、波紋が広がっています。,https://news.yahoo.co.jp/pickup/6596210,https://japanese.joins.com/JArticle/355379,9/23(水) 8:23
top-picks,東京商工リサーチ,とび職に逆風 倒産過去最多ペース,9/23(水) 8:20,https://news.yahoo.co.jp/pickup/6596209,https://news.yahoo.co.jp/articles/169aa4481a3318d7b3b33e29f88742e17477546f,9/23(水) 8:20
top-picks,帝国データバンク,退職代行サービス 1年で2割停止か,9/23(水) 8:06,https://news.yahoo.co.jp/pickup/6596208,https://news.yahoo.co.jp/articles/739dfbe6ded117c7a7824faedc0112c62baf5ba2,9/23(水) 8:06
top-picks,Media info not found,アジア大会批判 運営の反論妥当か,愛知・名古屋アジア大会で、運営面のトラブルが次々と持ち上がっています。,https://news.yahoo.co.jp/pickup/6596207,https://news.yahoo.co.jp/articles/742c227b341bb2d1c7c81b8ac6a166d2fd2a496f,9/23(水) 8:05
top-picks,スポーツ報知,オリひと筋12年 西野真弘が引退へ,9/23(水) 7:58,https://news.yahoo.co.jp/pickup/6596206,https://news.yahoo.co.jp/articles/652f9d601ea8eb36cee9aea1004a885f0ab0353f,9/23(水) 7:58
top-picks,BSS山陰放送,キツネが玄関先にモグラ置く なぜ,9/23(水) 7:47,https://news.yahoo.co.jp/pickup/6596204,https://news.yahoo.co.jp/articles/ccfa276151291be776757fe32b6cb81aa6655131,9/23(水) 7:47
top-picks,読売新聞オンライン,米大統領 質問したCNN記者を威圧,9/23(水) 7:47,https://news.yahoo.co.jp/pickup/6596205,https://news.yahoo.co.jp/articles/f80a7e0ed11f04e0206d50a48d714f3f15cc83d4,9/23(水) 7:47
top-picks,FOOTBALL ZONE,MF堂安律 サウジ移籍破談に言及,9/23(水) 7:32,https://news.yahoo.co.jp/pickup/6596203,https://news.yahoo.co.jp/articles/5d2c62195931d0d81eeaf01ce1318a1bcafc7d58,9/23(水) 7:32
top-picks,tenki.jp,新たな台風発生へ 27日沖縄の南に,9/23(水) 7:30,https://news.yahoo.co.jp/pickup/6596202,https://news.yahoo.co.jp/articles/ba5e5a313939eb52e65ff2e8a95f7180707f73a6,9/23(水) 7:30
top-picks,朝日新聞,AIは「SI」に改称 米大統領宣言,9/23(水) 7:30,https://news.yahoo.co.jp/pickup/6596201,https://news.yahoo.co.jp/articles/8512839dfee0dcb9d6ccf1bf2405d15470412d8e,9/23(水) 7:30
top-picks,オリコン,カウコン Netflixが世界同時配信,9/23(水) 7:23,https://news.yahoo.co.jp/pickup/6596199,https://news.yahoo.co.jp/articles/fd55354bc89d685cc0de9ab2a17ea6d83b9a3dab,9/23(水) 7:23
top-picks,共同通信,日米 経済安保で連携の方針一致,9/23(水) 7:15,https://news.yahoo.co.jp/pickup/6596200,https://news.yahoo.co.jp/articles/cdad0a16afdbd8348951e7c61a5537e509941f93,9/23(水) 7:15
top-picks,共同通信,米大統領 国連でICC脱退呼びかけ,9/23(水) 7:11,https://news.yahoo.co.jp/pickup/6596198,https://news.yahoo.co.jp/articles/2428774a22e6dd7341a8c24ffe4566a285c2da08,9/23(水) 7:11
top-picks,Full-Count,中日 ド軍のウォードを電撃獲得,9/23(水) 7:11,https://news.yahoo.co.jp/pickup/6596197,https://news.yahoo.co.jp/articles/eab29219d68639d1660d379418dfb386913e06ac,9/23(水) 7:11
top-picks,モデルプレス,田口淳之介 年下の一般女性と結婚,9/22(火) 23:54,https://news.yahoo.co.jp/pickup/6596195,https://news.yahoo.co.jp/articles/458be1006e28f9cc0823e22159a0ec737ef3efe9,9/22(火) 23:54
top-picks,産経新聞,維新が大阪で苦戦 問われる存在感,9/22(火) 23:22,https://news.yahoo.co.jp/pickup/6596194,https://news.yahoo.co.jp/articles/377724d3175a8e05159c8339f32bf2184d03c409,9/22(火) 23:22
top-picks,MBSニュース,琵琶湖で3人捜しに出た男性 死亡,9/22(火) 23:21,https://news.yahoo.co.jp/pickup/6596193,https://news.yahoo.co.jp/articles/6d0ce7c873b9cac9498388e74e3667481d550c83,9/22(火) 23:21
top-picks,集英社オンライン,地方のキャバクラ 経営「四重苦」,9/22(火) 23:01,https://news.yahoo.co.jp/pickup/6596192,https://news.yahoo.co.jp/articles/42123ae87bc7bc22f57a15bd8b5f8ae6bbf54540,9/22(火) 23:01
top-picks,時事通信,インドネシア 緊急地震速報整備へ,9/22(火) 22:47,https://news.yahoo.co.jp/pickup/6596190,,9/22(火) 22:47
top-picks,ロイター,サウジのパイプライン 稼働再開,9/22(火) 22:33,https://news.yahoo.co.jp/pickup/6596177,https://news.yahoo.co.jp/articles/e6590c77bf9cce62b595ea4cf3e9c1a37e5dc096,9/22(火) 22:33
top-picks,スポーツ報知,timelesz佐藤と原 ラジオで謝罪,9/22(火) 22:29,https://news.yahoo.co.jp/pickup/6596189,https://news.yahoo.co.jp/articles/b6f4956fbee85ae164cbaea80a143b0485937097,9/22(火) 22:29
top-picks,共同通信,薬過剰摂取 調査で深刻化浮き彫り,9/22(火) 22:24,https://news.yahoo.co.jp/pickup/6596186,,9/22(火) 22:24
top-picks,文春オンライン,元暴力団員 諦めなかった慶大受験,9/22(火) 22:13,https://news.yahoo.co.jp/pickup/6596188,https://news.yahoo.co.jp/articles/43f52751f0a625bd5c63334c3746bedad4230730,9/22(火) 22:13
top-picks,スポーツ報知,続投の広島監督 自分しかできない,9/22(火) 22:11,https://news.yahoo.co.jp/pickup/6596187,https://news.yahoo.co.jp/articles/46407626678f09c5fb5e342a1e7998ec9c52d5a7,9/22(火) 22:11
top-picks,ENCOUNT,田口淳之介パパになる 本当に幸せ,9/22(火) 21:43,https://news.yahoo.co.jp/pickup/6596185,https://news.yahoo.co.jp/articles/ed0f6e89a83180121266e5f302b0422537cdf7e3,9/22(火) 21:43
top-picks,共同通信,AI搭載の人型ロボ 防衛活用研究へ,9/22(火) 21:38,https://news.yahoo.co.jp/pickup/6596184,,9/22(火) 21:38
top-picks,毎日新聞,今年3度目の大雨被害 千葉に爪痕,9/22(火) 21:24,https://news.yahoo.co.jp/pickup/6596183,https://news.yahoo.co.jp/articles/33337bf9299e0607501750ca89407ad1069aa0ce,9/22(火) 21:24
top-picks,東海テレビ,SUPに2人乗りし落ちたか 1人死亡,9/22(火) 21:18,https://news.yahoo.co.jp/pickup/6596181,https://news.yahoo.co.jp/articles/2e97e958303aa8ca46cb6b1a9d994d1e8110ca1d,9/22(火) 21:18
top-picks,日テレNEWS NNN,台風 千葉・神奈川で死者計7人に,9/22(火) 21:06,https://news.yahoo.co.jp/pickup/6596179,https://news.yahoo.co.jp/articles/e36e47b6e1db40cb6369852e9c8188798adf90f3,9/22(火) 21:06
top-picks,共同通信,AIで鉄道運行支援 日立が本格展開,9/22(火) 21:01,https://news.yahoo.co.jp/pickup/6596176,https://news.yahoo.co.jp/articles/d451fe560733a060f6cf888e146e2468f1cd52ef,9/22(火) 21:01
top-picks,デイリースポーツ,DeNA宮崎が死球受け交代 騒然,9/22(火) 21:00,https://news.yahoo.co.jp/pickup/6596180,https://news.yahoo.co.jp/articles/d8ede694a0a66246996759254bb5caf53410118c,9/22(火) 21:00
top-picks,TBS NEWS DIG Powered by JNN,バレー女子 48年ぶりの金ならず,9/22(火) 20:59,https://news.yahoo.co.jp/pickup/6596182,https://news.yahoo.co.jp/articles/b5a6f0fd254c4452df8424fbc9f7f42c8f589c38,9/22(火) 20:59
top-picks,FOOTBALL ZONE,DF板倉 川口春奈との結婚に言及,9/22(火) 20:58,https://news.yahoo.co.jp/pickup/6596178,https://news.yahoo.co.jp/articles/1c0351aac8fd5a0debdea246c07e3633d4b42bc4,9/22(火) 20:58
top-picks,デイリースポーツ,巨人痛恨 延長11回にサヨナラ負け,9/22(火) 20:23,https://news.yahoo.co.jp/pickup/6596175,https://news.yahoo.co.jp/articles/09add60df08eae91a7b5ece6da55f5501b99f09f,9/22(火) 20:23
top-picks,KBC九州朝日放送,事故巻き添えで3歳死亡 両親心境,9/22(火) 19:54,https://news.yahoo.co.jp/pickup/6596173,https://news.yahoo.co.jp/articles/1c07bdf106d53ab5152e0b860fc1488ba79d7782,9/22(火) 19:54
top-picks,日テレNEWS NNN,台風 千葉・神奈川で死者計6人に,9/22(火) 19:21,https://news.yahoo.co.jp/pickup/6596171,,9/22(火) 19:21
top-picks,スポニチアネックス,田口淳之介 結婚&第1子誕生を発表,9/22(火) 19:20,https://news.yahoo.co.jp/pickup/6596169,https://news.yahoo.co.jp/articles/458be1006e28f9cc0823e22159a0ec737ef3efe9,9/22(火) 19:20
top-picks,スポーツナビ,速報バレー女子決勝 日本vs中国,9/22(火) 19:17,https://news.yahoo.co.jp/pickup/6596170,https://news.yahoo.co.jp/articles/8789fae4968d56e192d8bc8a499a8074b72f770c,9/22(火) 19:17
top-picks,たまひよONLINE,3歳娘が白血病に 闘う姿から教え,9/22(火) 18:53,https://news.yahoo.co.jp/pickup/6596168,https://news.yahoo.co.jp/articles/f097b36676c0cc9185cb3f7c4617751c77b0c474,9/22(火) 18:53
top-picks,中京テレビＮＥＷＳ,村の歌舞伎に尾上右近 サイン攻め,9/22(火) 18:36,https://news.yahoo.co.jp/pickup/6596166,https://news.yahoo.co.jp/articles/9c0952755b8bb6b285f0d104d9e543b50c1bfa1b,9/22(火) 18:36
top-picks,スポニチアネックス,柄本時生&さとうほなみ 第1子誕生,9/22(火) 18:18,https://news.yahoo.co.jp/pickup/6596167,https://news.yahoo.co.jp/articles/34fc801f8ffdadd5d9a0ef49bf74fc17355b06a8,9/22(火) 18:18
top-picks,毎日新聞,東南アジア食品市場 日本の勝機は,9/22(火) 18:07,https://news.yahoo.co.jp/pickup/6596162,https://news.yahoo.co.jp/articles/94952d7fc83cc3ab63e830dd17111028a08848b7,9/22(火) 18:07
top-picks,FNNプライムオンライン（フジテレビ系）,タイに130歳?の女性 信じる家族,9/22(火) 18:04,https://news.yahoo.co.jp/pickup/6596163,https://news.yahoo.co.jp/articles/a6a2b232c624b48b47109a955e22d7826a5bb3ab,9/22(火) 18:04
top-picks,共同通信,博士号授与されず 学生が大学提訴,9/22(火) 18:01,https://news.yahoo.co.jp/pickup/6596164,https://news.yahoo.co.jp/articles/ca8bbfefa36a171a31e3cb47814e9b5472404ae1,9/22(火) 18:01
top-picks,毎日新聞,台風で停電 ろうそくで民家全焼,9/22(火) 17:38,https://news.yahoo.co.jp/pickup/6596160,https://news.yahoo.co.jp/articles/86152a17108acbb4271659e1bb7e61a0dcb132ee,9/22(火) 17:38
top-picks,ロイター,パラマウント WBD買収へ前進,9/22(火) 17:30,https://news.yahoo.co.jp/pickup/6596158,https://news.yahoo.co.jp/articles/d64662fb360956bfa1b6ef5824d81ab53f39194b,9/22(火) 17:30
top-picks,ロイター,G7外相 フーシ派の攻撃強く非難,9/22(火) 17:29,https://news.yahoo.co.jp/pickup/6596159,https://news.yahoo.co.jp/articles/a5fcfa009772ea816b9d0044767a3a17d38e7520,9/22(火) 17:29
top-picks,Media info not found,ちいかわ映画 なぜ今年の興行首位,　「映画ちいかわ 人魚の島のひみつ」の興行収入が158億円を突破し、2026年の公開興行ランキングの首位に躍り出たことが報じられています。「ちいかわ」のアニメ映画は、原作マンガとテレビアニメの人気、スクリーン数の多さから一定水準のヒットは確実視されていましたが、公開前からどこまで伸びるかは、関係者に聞いても見解が分かれていました。近年、アニメ映画は好調であるにしても、なぜここまで数字を伸ばしているのでしょうか。現時点の状況を踏まえ、背景について考えてみます。,https://news.yahoo.co.jp/pickup/6596157,https://twitter.com/WANPOWANWAN/status/2101670799027679402,9/22(火) 17:24
top-picks,tenki.jp,水害後 片付け・復旧作業の注意点,9/22(火) 17:21,https://news.yahoo.co.jp/pickup/6596156,https://news.yahoo.co.jp/articles/6257a00c12ee7281f369db3d233906f549baa262,9/22(火) 17:21
top-picks,スポニチアネックス,田口壮氏 侍Jヘッドコーチに就任,9/22(火) 17:04,https://news.yahoo.co.jp/pickup/6596153,https://news.yahoo.co.jp/articles/880c79429b282212af31bb270036c2e8e9933526,9/22(火) 17:04
top-picks,MBSニュース,琵琶湖に遺体 3人を捜索の知人か,9/22(火) 16:56,https://news.yahoo.co.jp/pickup/6596151,https://news.yahoo.co.jp/articles/84f59d1f3e78cf3abee760fe6ab65a010f71bd93,9/22(火) 16:56
top-picks,関西テレビ,自転車にはねられ女性死亡 男逮捕,9/22(火) 16:41,https://news.yahoo.co.jp/pickup/6596152,https://news.yahoo.co.jp/articles/9b50c5138749e8b2c6187f41e14e276fa1dfd97f,9/22(火) 16:41
top-picks,朝日新聞,配偶者と性行為つらい 向き合い方,9/22(火) 16:28,https://news.yahoo.co.jp/pickup/6596150,https://news.yahoo.co.jp/articles/8c8e8e0d85bb9b93493f584f3b42d9c0f9c665d7,9/22(火) 16:28
top-picks,共同通信,日米 中国を念頭に連携強化確認へ,9/22(火) 16:11,https://news.yahoo.co.jp/pickup/6596148,https://news.yahoo.co.jp/articles/4283e6fe1372db69b3215ab9d4eb11ae1f058d69,9/22(火) 16:11
top-picks,日テレNEWS NNN,土砂崩れ 高齢者施設の180人孤立,9/22(火) 16:10,https://news.yahoo.co.jp/pickup/6596149,https://news.yahoo.co.jp/articles/f639251e9a4aa2de2bfe6a1e2e0bbe921013f093,9/22(火) 16:10
top-picks,オリコン,GLAYチラシ誤り 仮タイトル載る,9/22(火) 15:54,https://news.yahoo.co.jp/pickup/6596146,https://news.yahoo.co.jp/articles/79af55136f47a1d0cd9e99442f869f3cf641cb74,9/22(火) 15:54
top-picks,日刊スポーツ,諸橋愛さん死去 JKA会長コメント,9/22(火) 15:45,https://news.yahoo.co.jp/pickup/6596147,https://news.yahoo.co.jp/articles/12f6a0fec32d7be44d110081e738edc804e47425,9/22(火) 15:45
top-picks,サンケイスポーツ,新井監督続投へ 託す広島オーナー,9/22(火) 15:31,https://news.yahoo.co.jp/pickup/6596143,https://news.yahoo.co.jp/articles/8fcb586c729cc078f1b15fed7e160cbcbd25bbae,9/22(火) 15:31
top-picks,日テレNEWS NNN,古書店に大量注文 AI学習目的か,9/22(火) 15:26,https://news.yahoo.co.jp/pickup/6596144,https://news.yahoo.co.jp/articles/b5bf35aac135601dde27ef7d43cbf5d7fe95e671,9/22(火) 15:26
top-picks,FBS福岡放送,3歳死亡事故「前日夜と当日飲酒」,9/22(火) 15:13,https://news.yahoo.co.jp/pickup/6596142,https://news.yahoo.co.jp/articles/f2fa0c49f4b589c93ed29b2d85df71102fb9009c,9/22(火) 15:13
top-picks,ABEMA TIMES,「キューアグ」注目 なぜ衝動発生,9/22(火) 15:12,https://news.yahoo.co.jp/pickup/6596141,https://news.yahoo.co.jp/articles/11b6fb8e304dc7c937a864e2101882164f182d08,9/22(火) 15:12
top-picks,読売新聞オンライン,「解党」の中道に交付金満額 批判,9/22(火) 14:55,https://news.yahoo.co.jp/pickup/6596140,https://news.yahoo.co.jp/articles/c30101ec324fe90ee9a0838377b320933d499165,9/22(火) 14:55
top-picks,日刊スポーツ,アジア大会巡る不手際 運営側反論,9/22(火) 14:49,https://news.yahoo.co.jp/pickup/6596139,https://news.yahoo.co.jp/articles/657fe3a7177ce673b1676b62ea31e6e6f62ce139,9/22(火) 14:49
top-picks,ロイター,トランプ氏支持率32% 過去最低,9/22(火) 14:44,https://news.yahoo.co.jp/pickup/6596138,https://news.yahoo.co.jp/articles/7249128103f36bf293aeedc97fe838c8da171f78,9/22(火) 14:44
top-picks,ITmedia Mobile,SNS潮流変化 「仲間内」の安心感,9/22(火) 14:39,https://news.yahoo.co.jp/pickup/6596137,https://news.yahoo.co.jp/articles/dcbf1897446273dcac04d26b61ffa5ed5fd8879d,9/22(火) 14:39
top-picks,朝日新聞,冠水の佐倉市 帰宅できず住民落胆,9/22(火) 14:25,https://news.yahoo.co.jp/pickup/6596136,https://news.yahoo.co.jp/articles/0010c77bb63a7c8db89df7e8fb2b2edf7e79adda,9/22(火) 14:25
top-picks,FRIDAY,中山忍 美穂さんの遺品整理で涙,9/22(火) 14:15,https://news.yahoo.co.jp/pickup/6596134,https://news.yahoo.co.jp/articles/07a1a2868fa9d38c8816cb7aa1a50f4ab892026f,9/22(火) 14:15
top-picks,BBC News,リトアニア 露が攻撃なら反撃する,9/22(火) 14:02,https://news.yahoo.co.jp/pickup/6596133,https://news.yahoo.co.jp/articles/89291787a8af9654b891061a91e45c08c45ec6ef,9/22(火) 14:02
top-picks,日刊スポーツ,舘ひろし76歳 初のFC立ち上げへ,9/22(火) 13:48,https://news.yahoo.co.jp/pickup/6596132,https://news.yahoo.co.jp/articles/11a34739a756af8f792345203368630a86b79fd6,9/22(火) 13:48
top-picks,ENCOUNT,とろサ久保田の原画 最高6660万円,9/22(火) 13:25,https://news.yahoo.co.jp/pickup/6596130,https://news.yahoo.co.jp/articles/2d405c5aa55dea6ec2213154bedc52006beeb099,9/22(火) 13:25
top-picks,共同通信,OpenAI 米主導の安全構築を提言,9/22(火) 13:11,https://news.yahoo.co.jp/pickup/6596129,https://news.yahoo.co.jp/articles/ca1f0d3a2f6985af71d810f6354d1583ec15df60,9/22(火) 13:11
top-picks,FOOTBALL ZONE,サッカー代表に痛手 冨安が不参加,9/22(火) 12:57,https://news.yahoo.co.jp/pickup/6596128,https://news.yahoo.co.jp/articles/6ab7381bd26fe5b013e7e1ce73c76d1930a38511,9/22(火) 12:57
top-picks,テレビ新広島,90歳のマッチョに聞く 健康の秘訣,9/22(火) 12:41,https://news.yahoo.co.jp/pickup/6596127,https://news.yahoo.co.jp/articles/b0b21c7c7bd76a5755851431e4a44eb119329586,9/22(火) 12:41
top-picks,毎日新聞,横断歩道 赤、青、緑で事故対策,9/22(火) 12:39,https://news.yahoo.co.jp/pickup/6596126,https://news.yahoo.co.jp/articles/f3dfa558a29f69a794b07ea265c226d8bb900323,9/22(火) 12:39
top-picks,毎日新聞,台風で土砂崩れ4人死亡 6人が不明,9/22(火) 12:15,https://news.yahoo.co.jp/pickup/6596125,https://news.yahoo.co.jp/articles/bb12bd62d2d9a322c04206e852542fffd94a6933,9/22(火) 12:15
top-picks,スポーツ報知,広島・新井監督続投へ 来季5年目,9/22(火) 12:11,https://news.yahoo.co.jp/pickup/6596124,https://news.yahoo.co.jp/articles/a7144b6fec6ba2579e6322098eaaedef40131911,9/22(火) 12:11
top-picks,FNNプライムオンライン（フジテレビ系）,成田空港で一夜 最大4000人足止め,9/22(火) 12:09,https://news.yahoo.co.jp/pickup/6596123,https://news.yahoo.co.jp/articles/8878748ddb5796347edba752a24f21489a7cdb9f,9/22(火) 12:09
top-picks,デイリースポーツ,俳優の加村真美 西大伍さんと結婚,9/22(火) 11:47,https://news.yahoo.co.jp/pickup/6596122,https://news.yahoo.co.jp/articles/da915f86f2221477dbd09c8cd349c23239ac975b,9/22(火) 11:47
top-picks,スポニチアネックス,諸橋さん死去 競輪で死亡事故続く,9/22(火) 11:46,https://news.yahoo.co.jp/pickup/6596121,https://news.yahoo.co.jp/articles/0e9de19f1c46b1ddbe5f311eb601d8873a203b56,9/22(火) 11:46
top-picks,MBSニュース,修繕費計5億円超 観光施設閉園へ,9/22(火) 11:45,https://news.yahoo.co.jp/pickup/6596120,https://news.yahoo.co.jp/articles/5020593d9f6972d475e232c5fe225405c5ac6d15,9/22(火) 11:45
top-picks,MBSニュース,女性が腹部刺され死亡 男を逮捕,9/22(火) 11:30,https://news.yahoo.co.jp/pickup/6596117,https://news.yahoo.co.jp/articles/5bbec4fc58b85164a0b56f662e4b7279d445dc79,9/22(火) 11:30
top-picks,読売新聞オンライン,赤潮で魚153万匹死ぬ 被害37億円,9/22(火) 11:07,https://news.yahoo.co.jp/pickup/6596115,https://news.yahoo.co.jp/articles/07e3a4887713ed53552ec34f62380577e329902c,9/22(火) 11:07
top-picks,ABEMA TIMES,台風による大雨 千葉県の被害状況,9/22(火) 11:06,https://news.yahoo.co.jp/pickup/6596116,https://news.yahoo.co.jp/articles/b725efd73a552dd77039b674e19e082ffbf0dc96,9/22(火) 11:06
top-picks,東スポWEB,中日 最下位争いも観客は過去最多,9/22(火) 11:02,https://news.yahoo.co.jp/pickup/6596114,https://news.yahoo.co.jp/articles/e740f99db808b5e5d09feb46c0c33efc2f02858d,9/22(火) 11:02
top-picks,ビジネス＋IT,カプセルトイなぜ大人が熱狂 背景,9/22(火) 10:25,https://news.yahoo.co.jp/pickup/6596108,https://news.yahoo.co.jp/articles/28b14ee0b18dd749e0db21243c2f7cbdfe85ac81,9/22(火) 10:25
top-picks,スポーツ報知,競輪・諸橋愛さん死去 レース落車,9/22(火) 10:24,https://news.yahoo.co.jp/pickup/6596113,https://news.yahoo.co.jp/articles/13bccc2770760d4023e65cd60272348dd4d96622,9/22(火) 10:24
top-picks,朝日新聞,台風被害 新たに1人の死亡確認,9/22(火) 10:20,https://news.yahoo.co.jp/pickup/6596112,https://news.yahoo.co.jp/articles/f3996c0f445199eeda7f5052188f9bdfbe2363d2,9/22(火) 10:20
top-picks,千葉日報オンライン,千葉県 22日朝も5万軒近く停電,9/22(火) 10:13,https://news.yahoo.co.jp/pickup/6596110,https://news.yahoo.co.jp/articles/bfb7954ebeec0edcb07b6bde9d9cae8baa6ee38e,9/22(火) 10:13
top-picks,共同通信,露攻撃 ウ首都でマック品切れ続出,9/22(火) 10:13,https://news.yahoo.co.jp/pickup/6596111,https://news.yahoo.co.jp/articles/6c6bfa30a38b9811478f77b5df17e18dcfd3d382,9/22(火) 10:13
top-picks,tenki.jp,台風一過 関東など急な暑さに注意,9/22(火) 10:01,https://news.yahoo.co.jp/pickup/6596109,https://news.yahoo.co.jp/articles/a0198b6c53b32d096c71ebf33c444009e8779597,9/22(火) 10:01
top-picks,テレビ朝日系（ANN）,家借りられない高齢者も 背景は,9/22(火) 9:48,https://news.yahoo.co.jp/pickup/6596107,https://news.yahoo.co.jp/articles/43c1b79beb46bf58c52f937cf8d33b7fad099297,9/22(火) 9:48
top-picks,シネマトゥデイ,スリーアミーゴス 3人で246歳の今,9/22(火) 9:33,https://news.yahoo.co.jp/pickup/6596105,https://news.yahoo.co.jp/articles/9782ab7108e157022452b5826f9db27cda8c88b1,9/22(火) 9:33
top-picks,ＢＳＮ新潟放送,作れば赤字 米価下落で農家窮地,9/22(火) 9:28,https://news.yahoo.co.jp/pickup/6596106,https://news.yahoo.co.jp/articles/075a75eb46e3adee25dd8fc9569dbe46f22656fa,9/22(火) 9:28
top-picks,読売新聞オンライン,大英図書館 日本企業が再開発着手,9/22(火) 9:24,https://news.yahoo.co.jp/pickup/6596104,https://news.yahoo.co.jp/articles/0f989e224d12c241840e37c5caea84abfef1a5e2,9/22(火) 9:24
top-picks,朝日新聞,うるう秒10月に廃止 自転速まり,9/22(火) 9:17,https://news.yahoo.co.jp/pickup/6596102,https://news.yahoo.co.jp/articles/82ab3044f2a7d603816aa09c11df33d26534035f,9/22(火) 9:17
top-picks,スポーツ報知,ふぉ～ゆ～ 堂本光一がデビュー曲,9/22(火) 9:02,https://news.yahoo.co.jp/pickup/6596103,https://news.yahoo.co.jp/articles/6acde17244a4090070377e0ef887841caa2a3aad,9/22(火) 9:02
top-picks,ロイター,露与党 下院で過去最多議席獲得へ,9/22(火) 8:41,https://news.yahoo.co.jp/pickup/6596101,https://news.yahoo.co.jp/articles/6c4ba51ce2be90dd7e19d5a6b643b2403c231262,9/22(火) 8:41
top-picks,読売新聞オンライン,重要資源代替の研究力強化へ 政府,9/22(火) 8:39,https://news.yahoo.co.jp/pickup/6596100,https://news.yahoo.co.jp/articles/9fa679cf43ab083d3453dd0875072b27671966f0,9/22(火) 8:39
top-picks,読売新聞オンライン,豪雨2年 土砂から亡き母の携帯,9/22(火) 8:35,https://news.yahoo.co.jp/pickup/6596099,https://news.yahoo.co.jp/articles/28f3c312e3b377263f3afd08f509719ec087f89c,9/22(火) 8:35
top-picks,日刊スポーツ,アジア大会 現地入り記者の違和感,9/22(火) 8:11,https://news.yahoo.co.jp/pickup/6596096,https://news.yahoo.co.jp/articles/5903e9ddc0475e2e18bcb4c845e21126b04e74b3,9/22(火) 8:11
top-picks,共同通信,婚活サイトに599人分情報 県謝罪,9/22(火) 8:10,https://news.yahoo.co.jp/pickup/6596094,https://news.yahoo.co.jp/articles/46290cfa38b7ec8df206631320da9c7111663208,9/22(火) 8:10
top-picks,関西テレビ,12時間ほど琵琶湖漂流 男性を救助,9/22(火) 8:09,https://news.yahoo.co.jp/pickup/6596095,https://news.yahoo.co.jp/articles/c162ab8faff8e4d3839c400704e070e7f458a4da,9/22(火) 8:09
top-picks,朝日新聞,台風被害 土砂崩れ相次ぎ2人死亡,9/22(火) 7:46,https://news.yahoo.co.jp/pickup/6596092,https://news.yahoo.co.jp/articles/f3996c0f445199eeda7f5052188f9bdfbe2363d2,9/22(火) 7:46
top-picks,読売新聞オンライン,副首都 6道府県6政令市「意欲」,9/22(火) 7:43,https://news.yahoo.co.jp/pickup/6596091,https://news.yahoo.co.jp/articles/58795e92148b715275cca4a1a376e91e2999177d,9/22(火) 7:43
top-picks,毎日新聞,コロナ自宅待機1年半で自死 労災,9/22(火) 7:42,https://news.yahoo.co.jp/pickup/6596090,https://news.yahoo.co.jp/articles/80634f8e7b782bfd8ec9fc2199365152c1639ff7,9/22(火) 7:42
top-picks,tenki.jp,台風の爪痕残る 川や崖など注意を,9/22(火) 7:36,https://news.yahoo.co.jp/pickup/6596089,https://news.yahoo.co.jp/articles/a188224b1993f277b074d189703baf70b2e0d6ab,9/22(火) 7:36
top-picks,スポーツ報知,原田夏希 第4子を出産していた,9/22(火) 7:25,https://news.yahoo.co.jp/pickup/6596088,https://news.yahoo.co.jp/articles/03ff75a935f7846af9ec6b608a7bc0b53e3c682e,9/22(火) 7:25
top-picks,日刊スポーツ,メンバー逮捕 timelesz個々に謝罪,9/22(火) 7:21,https://news.yahoo.co.jp/pickup/6596086,https://news.yahoo.co.jp/articles/30a3640b53aa57266bfadf25b6334c46211bcb63,9/22(火) 7:21
top-picks,スポーツ報知,松岡修造 西川貴教主催フェス登場,9/22(火) 7:20,https://news.yahoo.co.jp/pickup/6596087,https://news.yahoo.co.jp/articles/9b97fe54f48cdb48d61dcf56f2da64d8df7e54c5,9/22(火) 7:20
top-picks,TBS NEWS DIG Powered by JNN,三浦半島 土砂崩れ相次ぎ1人死亡,9/22(火) 0:19,https://news.yahoo.co.jp/pickup/6596085,,9/22(火) 0:19
top-picks,毎日新聞,神奈川県 自衛隊に災害派遣要請,9/21(月) 23:44,https://news.yahoo.co.jp/pickup/6596083,https://news.yahoo.co.jp/articles/5570d3fde172538497ae390e74039de0294352dd,9/21(月) 23:44
top-picks,MBC南日本放送,22歳死亡 発見時豚が覆いかぶさる,9/21(月) 23:33,https://news.yahoo.co.jp/pickup/6596082,https://news.yahoo.co.jp/articles/4f04ad7516ccf931fb7a86d32f750c58e4bb41cd,9/21(月) 23:33
top-picks,日テレNEWS NNN,高滝ダム緊急放流 見合わせる方向,9/21(月) 23:25,https://news.yahoo.co.jp/pickup/6596080,https://news.yahoo.co.jp/articles/8d58bcb71625a82baebcb5f9295ea381ffbed87a,9/21(月) 23:25
top-picks,TBS NEWS DIG Powered by JNN,首相 国連で「拉致問題訴えたい」,9/21(月) 23:21,https://news.yahoo.co.jp/pickup/6596077,https://news.yahoo.co.jp/articles/1c116b9ea756539a1631fa033c9574c3312af061,9/21(月) 23:21
top-picks,TBS NEWS DIG Powered by JNN,大島町 土砂災害危険警報に切替,9/21(月) 23:14,https://news.yahoo.co.jp/pickup/6596081,https://news.yahoo.co.jp/articles/2c188a14883555e5ce3e708944306aab7aeff943,9/21(月) 23:14
top-picks,TBS NEWS DIG Powered by JNN,東京・目黒区の住宅街 擁壁崩れる,9/21(月) 22:53,https://news.yahoo.co.jp/pickup/6596076,https://news.yahoo.co.jp/articles/8427ab2ec1193713970fc809995060c48057024b,9/21(月) 22:53
top-picks,読売新聞オンライン,台風が連休直撃 観光客からため息,9/21(月) 22:52,https://news.yahoo.co.jp/pickup/6596075,https://news.yahoo.co.jp/articles/f821346b6dac6902cee06a4a9ca534e670c0e236,9/21(月) 22:52
top-picks,読売新聞オンライン,神奈川3人生き埋めか 千葉1人重体,9/21(月) 22:09,https://news.yahoo.co.jp/pickup/6596069,https://news.yahoo.co.jp/articles/4570ee4c5a2df878a466a37376fa05f37563f40e,9/21(月) 22:09
top-picks,スポーツ報知,バレー女子 48年ぶり金メダル王手,9/21(月) 21:58,https://news.yahoo.co.jp/pickup/6596068,https://news.yahoo.co.jp/articles/69a96fc074881c3c47f0efc39e7ea8956bcabddc,9/21(月) 21:58
top-picks,日テレNEWS NNN,中国 軍制服組トップら2人を処分,9/21(月) 21:51,https://news.yahoo.co.jp/pickup/6596064,https://news.yahoo.co.jp/articles/a527346184324417fe33b9500773636cb3c46cad,9/21(月) 21:51
top-picks,SOCCER DIGEST Web,なでしこ3戦20得点 GS首位通過,9/21(月) 21:51,https://news.yahoo.co.jp/pickup/6596067,https://news.yahoo.co.jp/articles/c1d0836b618f2eb62fe18301d534825d5821749a,9/21(月) 21:51
top-picks,共同通信,NHK 戸別訪問営業の外部委託再開,9/21(月) 21:47,https://news.yahoo.co.jp/pickup/6596066,https://news.yahoo.co.jp/articles/e3243c51cb0413dd44f3b01c06bd170b5858aa43,9/21(月) 21:47
top-picks,毎日新聞,8月に続き「またか」千葉で嘆き,9/21(月) 21:14,https://news.yahoo.co.jp/pickup/6596061,https://news.yahoo.co.jp/articles/f5034eaf849915e30393c9d3bafc0b96270db7e0,9/21(月) 21:14
top-picks,FNNプライムオンライン（フジテレビ系）,復旧作業中に土砂崩れ 男性重体,9/21(月) 20:46,https://news.yahoo.co.jp/pickup/6596060,,9/21(月) 20:46
top-picks,Yahoo!天気・災害,千葉県を中心に停電発生 最新状況,9/21(月) 20:35,https://news.yahoo.co.jp/pickup/6596059,,9/21(月) 20:35
top-picks,共同通信,国民・玉木氏がウ訪問 野党党首初,9/21(月) 20:01,https://news.yahoo.co.jp/pickup/6596057,https://news.yahoo.co.jp/articles/048f4896328c3606c9ea92a1a18c1ae4855c66cb,9/21(月) 20:01
top-picks,スポーツナビ,速報バレー女子 日本vs.韓国,9/21(月) 20:01,https://news.yahoo.co.jp/pickup/6596055,https://news.yahoo.co.jp/articles/82898502294d4ec98b66e40c3dc60ef72072364b,9/21(月) 20:01
top-picks,TBS NEWS DIG Powered by JNN,神奈川で土砂崩れ相次ぐ 2人不明,9/21(月) 19:47,https://news.yahoo.co.jp/pickup/6596052,,9/21(月) 19:47
top-picks,スポーツ報知,40歳・長友佑都 大怪我に「衝撃」,9/21(月) 19:36,https://news.yahoo.co.jp/pickup/6596054,https://news.yahoo.co.jp/articles/ea6bcdd65f883e6302c848d54fe859b9debc78ab,9/21(月) 19:36
top-picks,Media info not found,コヤソニを「終える」小籔の覚悟,小籔千豊さんが手掛ける音楽と笑いの融合イベント「KOYABU SONIC 2026」が21日、スタートしました。23日まで大阪市住之江区のインテックス大阪で行われますが、今年で終了することが既に発表されています。2008年から始まり、刺激と温もりが同居したステージや、楽しすぎる打ち上げなど「アーティストが一番参加したいフェス」として年々認知度を高めてきました。また、年内で所属の吉本興業を出ることも公表されています。,https://news.yahoo.co.jp/pickup/6596053,https://news.yahoo.co.jp/articles/be34c4ac416d18f102dd69d7fd045640f5326de2,9/21(月) 19:30
top-picks,スポーツ報知,阪神 大山の劇的サヨナラ弾でM10,9/21(月) 19:25,https://news.yahoo.co.jp/pickup/6596051,https://news.yahoo.co.jp/articles/24045aab5a65764f5cd0034ccc5dd4c92ddaf0a2,9/21(月) 19:25
top-picks,関西テレビ,琵琶湖で2人発見し救助 容体不明,9/21(月) 19:14,https://news.yahoo.co.jp/pickup/6596050,https://news.yahoo.co.jp/articles/7acfa502c5b126e66a94832ac38e5faf0959b5e2,9/21(月) 19:14
top-picks,FNNプライムオンライン（フジテレビ系）,復旧作業中土砂崩れ 川に男性転落,9/21(月) 19:03,https://news.yahoo.co.jp/pickup/6596049,,9/21(月) 19:03
top-picks,最高気温20℃,台風 最新情報や避難のポイント,千葉県内の停電、最大9000軒超が長期化か　道路寸断で作業難航　台風25号,https://news.yahoo.co.jp/pickup/6596048,https://news.yahoo.co.jp/articles/22e4a84579db55553522fd917d3f8e6cba4d245b,9/21(月) 19:02
top-picks,中日スポーツ,日ハム柴田&オリ山口「レオ」対決,9/21(月) 18:36,https://news.yahoo.co.jp/pickup/6596046,https://news.yahoo.co.jp/articles/cac66d8a9fc97b16abe4b8a974de0b4a7ed341e0,9/21(月) 18:36
top-picks,日刊スポーツ,大橋信17歳 100m平泳ぎで金メダル,9/21(月) 18:19,https://news.yahoo.co.jp/pickup/6596045,https://news.yahoo.co.jp/articles/fe1cb1d99c1cef8c90c50e0c75d8ace69f6b7d69,9/21(月) 18:19
top-picks,日テレNEWS NNN,台風が関東最接近 夜にかけピーク,9/21(月) 18:04,https://news.yahoo.co.jp/pickup/6596044,https://news.yahoo.co.jp/articles/ccd1611c760303c8b2c06bed73b09afc970e5ab1,9/21(月) 18:04
top-picks,FNNプライムオンライン（フジテレビ系）,鎌倉で道路が川のように 車水没も,9/21(月) 17:58,https://news.yahoo.co.jp/pickup/6596043,https://news.yahoo.co.jp/articles/f7c23bcab31253b469dc4aa6ea7160abf926aa2e,9/21(月) 17:58
top-picks,FNNプライムオンライン（フジテレビ系）,千葉・君津市の小糸川 氾濫か,9/21(月) 17:29,https://news.yahoo.co.jp/pickup/6596041,,9/21(月) 17:29
top-picks,日刊スポーツ,ベーグル店「VIVANT」別パン人気,9/21(月) 17:17,https://news.yahoo.co.jp/pickup/6596040,https://news.yahoo.co.jp/articles/46088cb51c550d5a28addd24808ed3235219ede1,9/21(月) 17:17
top-picks,スポーツ報知,体操個人総合 岡が銀、橋本は銅,9/21(月) 17:09,https://news.yahoo.co.jp/pickup/6596039,https://news.yahoo.co.jp/articles/b015fefb5ba53acd4a494883305b4e5ca2387b6c,9/21(月) 17:09
top-picks,聯合ニュース,韓国兵が負傷 非武装地帯に地雷か,9/21(月) 17:00,https://news.yahoo.co.jp/pickup/6596037,https://news.yahoo.co.jp/articles/b3a8e9e09c1b7175d36a117ec26db520c45e268c,9/21(月) 17:00
top-picks,Media info not found,最後のコヤソニ 小籔千豊の覚悟,小籔千豊さんが手掛ける音楽と笑いの融合イベント「KOYABU SONIC 2026」が21日、スタートしました。23日まで大阪市住之江区のインテックス大阪で行われますが、今年で終了することが既に発表されています。2008年から始まり、刺激と温もりが同居したステージや、楽しすぎる打ち上げなど「アーティストが一番参加したいフェス」として年々認知度を高めてきました。また、年内で所属の吉本興業を出ることも公表されています。,https://news.yahoo.co.jp/pickup/6596035,https://news.yahoo.co.jp/articles/be34c4ac416d18f102dd69d7fd045640f5326de2,9/21(月) 16:51
top-picks,ENCOUNT,YOSHIKI 26年ぶり月9出演,9/21(月) 16:47,https://news.yahoo.co.jp/pickup/6596034,https://news.yahoo.co.jp/articles/ea7d51778699976e20bceb3064f15a7022bef7f9,9/21(月) 16:47
top-picks,デイリースポーツ,DeNA監督に度会のファウルが直撃,9/21(月) 16:36,https://news.yahoo.co.jp/pickup/6596032,https://news.yahoo.co.jp/articles/5d579b49b2b5a1041143f227c79b2aa2acdc348d,9/21(月) 16:36
top-picks,関西テレビ,琵琶湖で男性3人が行方不明,9/21(月) 16:26,https://news.yahoo.co.jp/pickup/6596033,https://news.yahoo.co.jp/articles/4bdf85ddc16b50dcd4ebf87dd0ff527da6bfe9e2,9/21(月) 16:26
top-picks,テレビ朝日系（ANN）,横須賀で土砂崩れ 1人生き埋めか,9/21(月) 16:13,https://news.yahoo.co.jp/pickup/6596029,,9/21(月) 16:13
top-picks,関西テレビ,琵琶湖で3人不明 湖に水上バイク,9/21(月) 16:10,https://news.yahoo.co.jp/pickup/6596028,https://news.yahoo.co.jp/articles/4bdf85ddc16b50dcd4ebf87dd0ff527da6bfe9e2,9/21(月) 16:10
top-picks,テレビ朝日系（ANN）,気象庁「22日明け方まで警戒を」,9/21(月) 15:43,https://news.yahoo.co.jp/pickup/6596025,https://news.yahoo.co.jp/articles/1cf6bae86526e9c8c5403817cfc5bf77c31e041c,9/21(月) 15:43
top-picks,毎日新聞,ミャクミャ区案も 都構想特別区名,9/21(月) 15:38,https://news.yahoo.co.jp/pickup/6596026,https://news.yahoo.co.jp/articles/914515c56ebdad9c42d3a1c2bc04882378588dee,9/21(月) 15:38
top-picks,デイリースポーツ,ド軍始球式 大谷母校の後輩が登場,9/21(月) 15:14,https://news.yahoo.co.jp/pickup/6596023,https://news.yahoo.co.jp/articles/1b4ee5b6de050fa9c29df583665712ed1f6988fa,9/21(月) 15:14
top-picks,サッカーキング,長友佑都 関節前十字じん帯を損傷,9/21(月) 15:13,https://news.yahoo.co.jp/pickup/6596021,https://news.yahoo.co.jp/articles/9e791c04f12e2bf4b18acf3729a43e87ce88c784,9/21(月) 15:13
top-picks,RKB毎日放送,事故に巻き込まれ 3歳男児が死亡,9/21(月) 14:40,https://news.yahoo.co.jp/pickup/6596020,https://news.yahoo.co.jp/articles/5af30c73fd4040b8844e7714210cd552fec8f74a,9/21(月) 14:40
top-picks,オリコン,映画ちいかわ 興収158億円を突破,9/21(月) 14:32,https://news.yahoo.co.jp/pickup/6596018,https://news.yahoo.co.jp/articles/a626db840040c58a67c20de1ae1296cbbdcdef35,9/21(月) 14:32
top-picks,AERA DIGITAL,食事も「キャンセル」若者の実態,9/21(月) 14:19,https://news.yahoo.co.jp/pickup/6596013,https://news.yahoo.co.jp/articles/b4fafea8679ab2379eace803c7f1dee289209454,9/21(月) 14:19
top-picks,最高気温20℃,台風25号 今後の見通しや最新情報,千葉県内の停電、最大9000軒超が長期化か　道路寸断で作業難航　台風25号,https://news.yahoo.co.jp/pickup/6596016,https://news.yahoo.co.jp/articles/22e4a84579db55553522fd917d3f8e6cba4d245b,9/21(月) 14:08
top-picks,Yahoo!リアルタイム検索,台風が関東に接近 現地のSNS投稿,9/21(月) 14:00,https://news.yahoo.co.jp/pickup/6596015,,9/21(月) 14:00
top-picks,日テレNEWS NNN,神奈川県東部 線状降水帯発生恐れ,9/21(月) 13:44,https://news.yahoo.co.jp/pickup/6596011,https://news.yahoo.co.jp/articles/dab11b23530c75b8438f979cd0b1a69e97d9343e,9/21(月) 13:44
top-picks,tenki.jp,東京・大島町に土砂災害特別警報,9/21(月) 13:44,https://news.yahoo.co.jp/pickup/6596012,,9/21(月) 13:44
top-picks,最高気温20℃,中継 特別警報を受け気象庁が会見,千葉県内の停電、最大9000軒超が長期化か　道路寸断で作業難航　台風25号,https://news.yahoo.co.jp/pickup/6596010,https://news.yahoo.co.jp/articles/22e4a84579db55553522fd917d3f8e6cba4d245b,9/21(月) 13:38
top-picks,Yahoo!リアルタイム検索,台風が関東・東海に接近 SNS投稿,9/21(月) 13:27,https://news.yahoo.co.jp/pickup/6596009,,9/21(月) 13:27
top-picks,Yahoo!路線情報,全国の鉄道・フライト 最新情報,9/21(月) 13:26,https://news.yahoo.co.jp/pickup/6594476,,9/21(月) 13:26
top-picks,FNNプライムオンライン（フジテレビ系）,命守って 東京・大島町に特別警報,9/21(月) 13:19,https://news.yahoo.co.jp/pickup/6596008,,9/21(月) 13:19
top-picks,最高気温20℃,東京・大島町に特別警報 最新情報,千葉県内の停電、最大9000軒超が長期化か　道路寸断で作業難航　台風25号,https://news.yahoo.co.jp/pickup/6596007,https://news.yahoo.co.jp/articles/22e4a84579db55553522fd917d3f8e6cba4d245b,9/21(月) 13:07
top-picks,FNNプライムオンライン（フジテレビ系）,東京・大島町に土砂災害特別警報,9/21(月) 12:48,https://news.yahoo.co.jp/pickup/6596006,,9/21(月) 12:48
top-picks,RKB毎日放送,事故で意識不明の男児が死亡 福岡,9/21(月) 12:28,https://news.yahoo.co.jp/pickup/6596004,https://news.yahoo.co.jp/articles/5af30c73fd4040b8844e7714210cd552fec8f74a,9/21(月) 12:28
top-picks,Media info not found,GTO 生徒役オーディションの価値,28年ぶりに連続ドラマで復活と話題になった『GTO』がいよいよ佳境に入る。反町隆史が演じる鬼塚英吉が担任を受け持つクラスの生徒役28名（メインは11名）は全員、リアル高校生世代限定のオーディションで選ばれた。400名を超える応募があり、最大4回の審査を経たという。,https://news.yahoo.co.jp/pickup/6596001,https://pinzuba.news/articles/-/17104?page=1#goog_rewarded,9/21(月) 12:18
top-picks,熊本日日新聞,ブリ抱えて全力疾走 天草市の祭,9/21(月) 12:17,https://news.yahoo.co.jp/pickup/6596000,https://news.yahoo.co.jp/articles/61c13aca235dda818ce51d8e23aafe490bf6313e,9/21(月) 12:17
top-picks,スポニチアネックス,猪俣周杜容疑者 広告の削除相次ぐ,9/21(月) 12:14,https://news.yahoo.co.jp/pickup/6595999,https://news.yahoo.co.jp/articles/e7656c3e0d2bd2b6945eba1cd7541229dfd9c8b1,9/21(月) 12:14
top-picks,TBS NEWS DIG Powered by JNN,東名で車がスリップか 運転手死亡,9/21(月) 11:37,https://news.yahoo.co.jp/pickup/6595998,https://news.yahoo.co.jp/articles/4c664bc44957cc3de620b3786dfdf0601a895619,9/21(月) 11:37
top-picks,ウェザーマップ,台風が関東接近 雨量増加に警戒を,9/21(月) 11:35,https://news.yahoo.co.jp/pickup/6595997,https://news.yahoo.co.jp/articles/f96fd3c424dec4889b3059990f1de24fad21a6fd,9/21(月) 11:35
top-picks,関西テレビ,学年上がり自転車事故増 識者指摘,9/21(月) 11:21,https://news.yahoo.co.jp/pickup/6595995,https://news.yahoo.co.jp/articles/8cd055bc9eb2ad7c6328dd1bde6967c0d58bc421,9/21(月) 11:21
top-picks,フットボールチャンネル,代表合流直前 DF冨安健洋が負傷,9/21(月) 11:18,https://news.yahoo.co.jp/pickup/6595996,https://news.yahoo.co.jp/articles/f98471c04155203a7dc7d104bd694410d466202a,9/21(月) 11:18
top-picks,時事通信,米 ICCへの「広範な制裁」準備か,9/21(月) 11:12,https://news.yahoo.co.jp/pickup/6595994,https://news.yahoo.co.jp/articles/43a4ef3b97b7d52b0cdac1a869d8509b22667d14,9/21(月) 11:12
top-picks,スポニチアネックス,音楽フェス 台風で30組超出演辞退,9/21(月) 10:46,https://news.yahoo.co.jp/pickup/6595993,https://news.yahoo.co.jp/articles/eae23f9839359ec40e7aaee91801e6f33dfd48ee,9/21(月) 10:46
top-picks,TBS NEWS DIG Powered by JNN,台風25号 空の便にも大きな影響,9/21(月) 10:27,https://news.yahoo.co.jp/pickup/6595992,https://news.yahoo.co.jp/articles/4be0b500899bc74bfb1c79d08978b44d5f331e6c,9/21(月) 10:27
top-picks,BSS山陰放送,中高年男性の耳毛 なぜ太く伸びる,9/21(月) 9:57,https://news.yahoo.co.jp/pickup/6595989,,9/21(月) 9:57
top-picks,読売新聞オンライン,富士山頂の混雑で転倒懸念 検証へ,9/21(月) 9:53,https://news.yahoo.co.jp/pickup/6595990,https://news.yahoo.co.jp/articles/0b266ce01dee3d22de0993cb97149099d5e4cc34,9/21(月) 9:53
top-picks,TBS NEWS DIG Powered by JNN,改造内閣「革命的人事」の舞台裏,9/21(月) 9:32,https://news.yahoo.co.jp/pickup/6595988,https://news.yahoo.co.jp/articles/4a018b2d87ea6b45029e0f5b5fe0067db86b33bf,9/21(月) 9:32
top-picks,tenki.jp,台風 太平洋側は大雨や暴風に警戒,9/21(月) 9:24,https://news.yahoo.co.jp/pickup/6595987,https://news.yahoo.co.jp/articles/dd4e18c744fb6fa78a51ab85d837f9f1168fd623,9/21(月) 9:24
top-picks,Media info not found,映画踊る 示したシリーズ原点回帰,シリーズファン待望の新作『踊る大捜査線 N.E.W. メトロポリスを駆け抜けろ！』が9月18日より公開され、SNSで話題になっている。,https://news.yahoo.co.jp/pickup/6595986,https://realsound.jp/movie/2026/09/post-2529084.html,9/21(月) 9:24
top-picks,ＡＦＰ＝時事,独州議会選 極右政党が再び勝利,9/21(月) 9:05,https://news.yahoo.co.jp/pickup/6595985,https://news.yahoo.co.jp/articles/85b5178c58d2f602374cbbd6f0fb1c3aac7b832a,9/21(月) 9:05
top-picks,スポーツ報知,朗希POはリリーフに 監督が明言,9/21(月) 8:54,https://news.yahoo.co.jp/pickup/6595982,https://news.yahoo.co.jp/articles/d8797ff63c4fb672ef8ab5b3ebb38c235010cceb,9/21(月) 8:54
top-picks,スポーツ報知,朗希POはリリーフに 監督が明言,9/21(月) 8:54,https://news.yahoo.co.jp/pickup/6595982,https://news.yahoo.co.jp/articles/d8797ff63c4fb672ef8ab5b3ebb38c235010cceb,9/21(月) 8:54
top-picks,日テレNEWS NNN,千葉市で道路冠水 車水没の被害,9/21(月) 8:50,https://news.yahoo.co.jp/pickup/6595984,https://news.yahoo.co.jp/articles/6d24b86a8047f0355f6d0d46361d5dfbe07a7c8a,9/21(月) 8:50
top-picks,東スポWEB,アジア大会で問題続発 今後に懸念,9/21(月) 8:49,https://news.yahoo.co.jp/pickup/6595983,https://news.yahoo.co.jp/articles/0e0c7720dbf33d26c9d994f115f1db49f7297fc0,9/21(月) 8:49
top-picks,読売新聞オンライン,中東エネ巡る支援 首相が表明へ,9/21(月) 8:29,https://news.yahoo.co.jp/pickup/6595981,https://news.yahoo.co.jp/articles/9daaa4c33cdde3a218d389dee5aaab144499917a,9/21(月) 8:29
top-picks,読売新聞オンライン,イラン 戦闘終結へ米に7条件伝達,9/21(月) 8:15,https://news.yahoo.co.jp/pickup/6595980,https://news.yahoo.co.jp/articles/47908a7f03483a18b659e1c3875bf3bbb0ce2e6e,9/21(月) 8:15
top-picks,毎日新聞,豪雨で同級生失い 自衛官志す17歳,9/21(月) 8:10,https://news.yahoo.co.jp/pickup/6595979,https://news.yahoo.co.jp/articles/eebb1eb395074022332e95f4e7a775a92cdb54fb,9/21(月) 8:10
top-picks,帝国データバンク,渋谷で若者離れ? 人流データ分析,9/21(月) 8:05,https://news.yahoo.co.jp/pickup/6595978,https://news.yahoo.co.jp/articles/d47198ca621bcfa8d48504b39101deea43898a19,9/21(月) 8:05
top-picks,RBC琉球放送,子どもを追い込む指導 悩む教員,9/21(月) 8:01,https://news.yahoo.co.jp/pickup/6595977,https://news.yahoo.co.jp/articles/0597a53abca6f2b1bb42c62d0fb80f5b112868f6,9/21(月) 8:01
top-picks,スポニチアネックス,救命病棟24時 院長役に沢村一樹,9/21(月) 7:36,https://news.yahoo.co.jp/pickup/6595973,https://news.yahoo.co.jp/articles/a0ab85937f18837183e769bfa5a1aeec567423f2,9/21(月) 7:36
top-picks,時事通信,首相が国連初演説へ ICC言及焦点,9/21(月) 7:35,https://news.yahoo.co.jp/pickup/6595975,https://news.yahoo.co.jp/articles/8dffe15a4a044215cff1990f73b99b96bbbef469,9/21(月) 7:35
top-picks,スポニチアネックス,猪俣周杜容疑者 映画でも各所対応,9/21(月) 7:34,https://news.yahoo.co.jp/pickup/6595974,https://news.yahoo.co.jp/articles/ea274422634b3d0b92a7e43f1ad8d0c03f3dd661,9/21(月) 7:34
top-picks,スポーツ報知,オリ山田修義 今季限りで引退へ,9/21(月) 7:20,https://news.yahoo.co.jp/pickup/6595972,https://news.yahoo.co.jp/articles/75e11f6c9abb640af85e0610eaeda313cb6ee5ab,9/21(月) 7:20
top-picks,tenki.jp,台風21日午後に関東最接近 警戒を,9/21(月) 7:07,https://news.yahoo.co.jp/pickup/6595971,https://news.yahoo.co.jp/articles/949027e660c41f1e22b4b47cf9a478b4950aac7d,9/21(月) 7:07
top-picks,tenki.jp,関東南部など線状降水帯発生恐れ,9/20(日) 23:52,https://news.yahoo.co.jp/pickup/6595970,https://news.yahoo.co.jp/articles/8b4df2066f5c4d6168513117255a1ac2b685d60e,9/20(日) 23:52
top-picks,RKB毎日放送,眼鏡を拾おうと川に入る 16歳死亡,9/20(日) 23:02,https://news.yahoo.co.jp/pickup/6595969,https://news.yahoo.co.jp/articles/8e5687c462e77de73857cd5301a3aea5fe70d825,9/20(日) 23:02
top-picks,withnews by 朝日新聞,油揚げの包装に職人名を記載 狙い,9/20(日) 22:57,https://news.yahoo.co.jp/pickup/6595967,https://news.yahoo.co.jp/articles/6c041af247f344c19555b6399fab57b62901e4a0,9/20(日) 22:57
top-picks,スポニチアネックス,timeleszが謝罪「言葉失った」,9/20(日) 22:56,https://news.yahoo.co.jp/pickup/6595968,https://news.yahoo.co.jp/articles/2f262bfb68903752f6b7de04370f577408e7b7e7,9/20(日) 22:56
top-picks,日刊スポーツ,判定巡る確認 相川監督に虎党非難,9/20(日) 22:45,https://news.yahoo.co.jp/pickup/6595965,https://news.yahoo.co.jp/articles/ee8771052cabeca756e5984e32930c583689d28f,9/20(日) 22:45
top-picks,Media info not found,台風 地域ごとの雨風強まる時間は,大型で強い台風25号は、21日（月・祝）に東日本へ接近する見込みです。静岡県や伊豆諸島には線状降水帯の予測情報が発表され、関東でも大雨や暴風に警戒が必要です。雨・風・波では影響が大きくなる時間が異なり、22日も警戒が続く地域があります。連休中の移動を考えるうえで、地域ごとの時間帯を整理します。,https://news.yahoo.co.jp/pickup/6595966,https://news.yahoo.co.jp/articles/3c0401206c65b4f489d3f51bb87d49d5815cb951,9/20(日) 22:44
top-picks,スポニチアネックス,ニアジョイ藤沢 バセドウ病を公表,9/20(日) 22:36,https://news.yahoo.co.jp/pickup/6595964,https://news.yahoo.co.jp/articles/0b2c2341cf8e1b0fc945c7bd9e11d9a4e9724697,9/20(日) 22:36
top-picks,共同通信,北の体育相に日本側接触 返答なし,9/20(日) 22:32,https://news.yahoo.co.jp/pickup/6595963,https://news.yahoo.co.jp/articles/5fc1b7b4303483f4b21e701fe9c8d70deffa4328,9/20(日) 22:32
top-picks,朝日新聞,男児重体の事故 酒の影響と容疑者,9/20(日) 22:14,https://news.yahoo.co.jp/pickup/6595959,https://news.yahoo.co.jp/articles/40477ce76785d5ffe2b04710c9e9a059385e74d2,9/20(日) 22:14
top-picks,ＡＦＰ＝時事,インドネシアの島 奴隷制の実態,9/20(日) 22:09,https://news.yahoo.co.jp/pickup/6595960,https://news.yahoo.co.jp/articles/fc24110fc69fa6b36d434a299b3f679f7adacd8a,9/20(日) 22:09
top-picks,CHANTO WEB,妊娠中にがん発覚 母になり旅立つ,9/20(日) 22:05,https://news.yahoo.co.jp/pickup/6595961,,9/20(日) 22:05
top-picks,Media info not found,米大統領 なぜAIの名称変更を提案,トランプ米大統領は、AIという名称は不正確で洗練を欠くとして「Superior Intelligence」「Extreme Intelligence」「Supreme Intelligence」の3案を示し、自身のSNSで投票を呼びかけました。,https://news.yahoo.co.jp/pickup/6595957,https://news.yahoo.co.jp/articles/97d87db47ca1349029a504761b66e50f3f99c7ce,9/20(日) 21:52
top-picks,朝日新聞,消えゆく銭湯 地域差の要因は,9/20(日) 21:29,https://news.yahoo.co.jp/pickup/6595955,https://news.yahoo.co.jp/articles/2c1a341ca0b122373d27e5aee23d78faa4eeb201,9/20(日) 21:29
top-picks,ＯＡＢ大分朝日放送,大会中に単独事故 公道ラリー中止,9/20(日) 21:07,https://news.yahoo.co.jp/pickup/6595954,https://news.yahoo.co.jp/articles/49e166c7b470018c67b52d53107895138619757d,9/20(日) 21:07
top-picks,スポーツ報知,バレー女子日本4強入り 台湾撃破,9/20(日) 20:53,https://news.yahoo.co.jp/pickup/6595953,https://news.yahoo.co.jp/articles/d4c23da3c645d0b01a2f15d035440842e35f67d7,9/20(日) 20:53
top-picks,共同通信,小野寺五典氏 自民税調会長を続投,9/20(日) 20:35,https://news.yahoo.co.jp/pickup/6595949,https://news.yahoo.co.jp/articles/d2f703bc7c023e9e5741da38163ae0e82e0cc839,9/20(日) 20:35
top-picks,メ～テレ（名古屋テレビ）,全身やけどで90代死亡 近くに仏壇,9/20(日) 20:31,https://news.yahoo.co.jp/pickup/6595948,https://news.yahoo.co.jp/articles/df6da42e3fa6becc0ad210fc8a7dc24b359d1fd9,9/20(日) 20:31
top-picks,Rolling Stone Japan,E・シーラン ガザ巡る立場を明言,9/20(日) 20:30,https://news.yahoo.co.jp/pickup/6595947,https://news.yahoo.co.jp/articles/124cff8b2df27c7297beb0b3002304fa06f34ad3,9/20(日) 20:30
top-picks,聯合ニュース,バスケ韓国 決勝当日に練習できず,9/20(日) 20:07,https://news.yahoo.co.jp/pickup/6595945,https://news.yahoo.co.jp/articles/71d53c2daff98b8b0877c0ce0ff5ddb91c7dfdef,9/20(日) 20:07
top-picks,共同通信,フィギュア鍵山優真 来季復帰明言,9/20(日) 19:43,https://news.yahoo.co.jp/pickup/6595943,https://news.yahoo.co.jp/articles/01526e9d08fa62d7658ae054a35b39c37ee469a3,9/20(日) 19:43
top-picks,RKB毎日放送,眼鏡を拾おうと川に入る 男性死亡,9/20(日) 19:31,https://news.yahoo.co.jp/pickup/6595942,https://news.yahoo.co.jp/articles/8e5687c462e77de73857cd5301a3aea5fe70d825,9/20(日) 19:31
top-picks,Media info not found,中田ボタンさん死去 ツッコミ名手,漫才コンビ「中田カウス・ボタン」の中田ボタンさんが9月14日に78歳で亡くなった。1960年代から上方漫才の第一線で活躍し、カウスとのコンビでは上方漫才大賞を3度受賞。Tシャツにジーンズという当時としては異例のスタイルで舞台に立ち、「アイドル漫才師」として人気を集めた人物でもあった。,https://news.yahoo.co.jp/pickup/6595944,https://www.nikkansports.com/entertainment/news/202609190001203.html,9/20(日) 19:29
top-picks,スポーツナビ,速報バレー女子 日本vs台湾,9/20(日) 19:21,https://news.yahoo.co.jp/pickup/6595941,https://news.yahoo.co.jp/articles/c814df1a4c01f7e547b4f4f919584e1fdef02b50,9/20(日) 19:21
top-picks,tenki.jp,台風 21日午後が雨風のピーク,9/20(日) 19:13,https://news.yahoo.co.jp/pickup/6595939,https://news.yahoo.co.jp/articles/db9d8167a4009ae8008930efabcb8ae88347e002,9/20(日) 19:13
top-picks,TBS NEWS DIG Powered by JNN,北再びミサイル発射 EEZ外落下か,9/20(日) 18:44,https://news.yahoo.co.jp/pickup/6595937,https://news.yahoo.co.jp/articles/1da2fc4c01cbcb9c34cb9eccbd344e158dcdf4af,9/20(日) 18:44
top-picks,共同通信,道徳的問い AI反論で3割判断覆す,9/20(日) 18:28,https://news.yahoo.co.jp/pickup/6595935,https://news.yahoo.co.jp/articles/00411db635a23a12dcf5971aa24b96a8f400ebd3,9/20(日) 18:28
top-picks,読売新聞オンライン,カバディ漫画 日本代表ほぼ既読,9/20(日) 18:22,https://news.yahoo.co.jp/pickup/6595929,https://news.yahoo.co.jp/articles/cd10286e2c4635d982329529d15dbebd124e1e09,9/20(日) 18:22
top-picks,Media info not found,「美味しんぼ」新作アニメ なぜ今,　アニメ化もされた人気マンガ「美味しんぼ」の新作アニメ「新 美味しんぼ」の制作が発表されました。「究極のメニュー」と「至高のメニュー」を巡る対決を描き、食をテーマに深く掘り下げた内容に加え、作品の持つメッセージ性の強さも加わり、連載時には人気になってネットでもよく話題になったことでも知られています。,https://news.yahoo.co.jp/pickup/6595930,https://twitter.com/oishinbo_ch/status/2101166936419938399,9/20(日) 18:21
top-picks,Media info not found,中田ボタンさん死去 ツッコミ名人,漫才コンビ「中田カウス・ボタン」の中田ボタンさんが9月14日に78歳で亡くなった。1960年代から上方漫才の第一線で活躍し、カウスとのコンビでは上方漫才大賞を3度受賞。Tシャツにジーンズという当時としては異例のスタイルで舞台に立ち、「アイドル漫才師」として人気を集めた人物でもあった。,https://news.yahoo.co.jp/pickup/6595931,https://www.nikkansports.com/entertainment/news/202609190001203.html,9/20(日) 18:18
top-picks,TBS NEWS DIG Powered by JNN,北朝鮮再びミサイル発射し落下か,9/20(日) 18:14,https://news.yahoo.co.jp/pickup/6595934,https://news.yahoo.co.jp/articles/1da2fc4c01cbcb9c34cb9eccbd344e158dcdf4af,9/20(日) 18:14
top-picks,FNNプライムオンライン（フジテレビ系）,北朝鮮ミサイル発射か 本日2度目,9/20(日) 18:08,https://news.yahoo.co.jp/pickup/6595933,,9/20(日) 18:08
top-picks,時事通信,65歳以上の割合が29.6% 最高更新,9/20(日) 17:46,https://news.yahoo.co.jp/pickup/6595928,https://news.yahoo.co.jp/articles/5816405c33387cd8abbb7293158f258d6390054b,9/20(日) 17:46
top-picks,FNNプライムオンライン（フジテレビ系）,墜落の空自無人偵察機 一部回収,9/20(日) 17:42,https://news.yahoo.co.jp/pickup/6595925,https://news.yahoo.co.jp/articles/e8e3c629f11b057904edcc26cc900941d628ae7a,9/20(日) 17:42
top-picks,ＳＢＣ信越放送,駅エスカレーター複数転倒2人けが,9/20(日) 17:37,https://news.yahoo.co.jp/pickup/6595926,https://news.yahoo.co.jp/articles/b15b0e0207536c6995b0b3694a1e1b3f9539a4a5,9/20(日) 17:37
top-picks,スポーツ報知,44歳の内藤寛太郎 涙のツアー初V,9/20(日) 17:25,https://news.yahoo.co.jp/pickup/6595920,https://news.yahoo.co.jp/articles/9909dcc6cb352f6649c0f5ede7a3648d793db86e,9/20(日) 17:25
top-picks,TBS NEWS DIG Powered by JNN,ソフトテニス女子団体 日本が金,9/20(日) 17:02,https://news.yahoo.co.jp/pickup/6595921,https://news.yahoo.co.jp/articles/41197eed7f9e1394cd67e6d3ce3253d4b8da01e1,9/20(日) 17:02
top-picks,HBCニュース北海道,タクシーがバイクと衝突 男性死亡,9/20(日) 16:48,https://news.yahoo.co.jp/pickup/6595919,https://news.yahoo.co.jp/articles/9653089b720d11cfddde51379929ef247d325733,9/20(日) 16:48
top-picks,モデルプレス,若林正恭 スクール革命!卒業発表,9/20(日) 16:38,https://news.yahoo.co.jp/pickup/6595917,https://news.yahoo.co.jp/articles/91fa8c3197a88b3e69ff9190331783b77b56c913,9/20(日) 16:38
top-picks,tenki.jp,台風 21日昼-夜遅くに関東最接近,9/20(日) 16:28,https://news.yahoo.co.jp/pickup/6595918,https://news.yahoo.co.jp/articles/75bf08f85c215d78e5f013b6736b0a238a68cb2b,9/20(日) 16:28
top-picks,毎日新聞,アジア大会 国歌演奏を一時中止か,9/20(日) 15:58,https://news.yahoo.co.jp/pickup/6595914,https://news.yahoo.co.jp/articles/c89150f806344235f56ef8cf1b7723dae5de9bdf,9/20(日) 15:58
top-picks,テレビ朝日系（ANN）,北朝鮮のミサイルEEZ外に落下か,9/20(日) 15:46,https://news.yahoo.co.jp/pickup/6595915,https://news.yahoo.co.jp/articles/a5de7826f9e46d812c87308d95ec9855bc1ef962,9/20(日) 15:46
top-picks,オリコン,台風影響 21日のイベ中止相次ぐ,9/20(日) 15:30,https://news.yahoo.co.jp/pickup/6595913,https://news.yahoo.co.jp/articles/68c929eef9d49caa3d67e42d47e828c6d449e2eb,9/20(日) 15:30
top-picks,共同通信,ウクライナ 日本に首脳会談要請,9/20(日) 15:17,https://news.yahoo.co.jp/pickup/6595910,https://news.yahoo.co.jp/articles/19b31b8738d9b11388176f7834b83fc3654d4ced,9/20(日) 15:17
top-picks,FNNプライムオンライン（フジテレビ系）,北朝鮮のミサイルはすでに落下か,9/20(日) 15:16,https://news.yahoo.co.jp/pickup/6595912,https://news.yahoo.co.jp/articles/0e5ab188e99e6603e15d066431e6f7386324b46b,9/20(日) 15:16
top-picks,TBS NEWS DIG Powered by JNN,北朝鮮が弾道ミサイルを発射か,9/20(日) 15:11,https://news.yahoo.co.jp/pickup/6595911,,9/20(日) 15:11
top-picks,共同通信,損保ジャパン 望まない転勤廃止へ,9/20(日) 15:02,https://news.yahoo.co.jp/pickup/6595907,https://news.yahoo.co.jp/articles/2bdf7deee2b2a71c429f0054d7e244ad9aded615,9/20(日) 15:02
top-picks,読売テレビ,自転車がひき逃げ 80代女性死亡,9/20(日) 14:59,https://news.yahoo.co.jp/pickup/6595909,https://news.yahoo.co.jp/articles/4536b5f5b28735f903f31dfab327b0bfc59abe61,9/20(日) 14:59
top-picks,毎日新聞,岡田克也氏 新党への参加を明言,9/20(日) 14:37,https://news.yahoo.co.jp/pickup/6595906,https://news.yahoo.co.jp/articles/05d8d8bcc0e1a2233c8a31d35db0e2b5d2f24d41,9/20(日) 14:37
top-picks,日刊スポーツ,香取慎吾ブランド コラボ巡り声明,9/20(日) 14:34,https://news.yahoo.co.jp/pickup/6595905,https://news.yahoo.co.jp/articles/e72d24f727cd0adb5feeff49282fc158024f1e78,9/20(日) 14:34
top-picks,スポーツ報知,希良梨が活動再開 昨年に引退発表,9/20(日) 14:13,https://news.yahoo.co.jp/pickup/6595901,https://news.yahoo.co.jp/articles/9543a105513812edb934571e49f8017c63a157d3,9/20(日) 14:13
top-picks,読売新聞オンライン,タイパ無視 ひたすら石を磨く90分,9/20(日) 13:35,https://news.yahoo.co.jp/pickup/6595897,https://news.yahoo.co.jp/articles/31db17dfff99a973b89ee32269faf6363ff1ea9c,9/20(日) 13:35
top-picks,スポーツ報知,乱調のスクバル ベンチで怒り爆発,9/20(日) 13:23,https://news.yahoo.co.jp/pickup/6595899,https://news.yahoo.co.jp/articles/4101389d29b4da46769960b93a2c308bf47caa53,9/20(日) 13:23
top-picks,日テレNEWS NNN,JR 21日一部で始発から見合わせ,9/20(日) 13:18,https://news.yahoo.co.jp/pickup/6595898,https://news.yahoo.co.jp/articles/47fbd10b44343d8ecee73cb57cb7307364aa99bb,9/20(日) 13:18
top-picks,女性自身,「娘の死で商売」豪雨後の中傷,9/20(日) 13:07,https://news.yahoo.co.jp/pickup/6595891,,9/20(日) 13:07
top-picks,TNCテレビ西日本,車とバイクが事故 歩道の3歳重体,9/20(日) 13:06,https://news.yahoo.co.jp/pickup/6595894,https://news.yahoo.co.jp/articles/b8252011272977fad9ad7dd1e6104c68867eea43,9/20(日) 13:06
top-picks,デイリー新潮,押尾コータロー Emでギター挫折,9/20(日) 13:04,https://news.yahoo.co.jp/pickup/6595896,https://news.yahoo.co.jp/articles/3c00950253cc4433de312e7bfbb6da68d8e1fd19,9/20(日) 13:04
top-picks,時事通信,沖縄知事選受け 自衛隊南西シフト,9/20(日) 13:02,https://news.yahoo.co.jp/pickup/6595893,https://news.yahoo.co.jp/articles/1479cab9598316b037f60c2994826e45389390bf,9/20(日) 13:02
top-picks,メ～テレ（名古屋テレビ）,移動距離5m 短い避難訓練の狙い,9/20(日) 12:45,https://news.yahoo.co.jp/pickup/6595890,https://news.yahoo.co.jp/articles/a9c1bcc98dad11448f5c3d20036280a74f277faa,9/20(日) 12:45
top-picks,ENCOUNT,藤咲凪 第3子出産&マレーシア移住,9/20(日) 11:53,https://news.yahoo.co.jp/pickup/6595889,https://news.yahoo.co.jp/articles/67b8814b03a42163785d4a879003fb8e1289e5d8,9/20(日) 11:53
top-picks,テレビ朝日系（ANN）,横断歩道で77歳はねられ死亡 茨城,9/20(日) 11:27,https://news.yahoo.co.jp/pickup/6595888,https://news.yahoo.co.jp/articles/c332bcf7710cf059cc521eb9f4ee39836001b737,9/20(日) 11:27
top-picks,ENCOUNT,ロッキン21日の中止発表 台風影響,9/20(日) 11:23,https://news.yahoo.co.jp/pickup/6595887,https://news.yahoo.co.jp/articles/2abb5e879935af97d886ae489341bd68c70fde50,9/20(日) 11:23
top-picks,TBS NEWS DIG Powered by JNN,高2死亡 殺人疑いで少年4人再逮捕,9/20(日) 11:17,https://news.yahoo.co.jp/pickup/6595886,https://news.yahoo.co.jp/articles/a4317db87d01d7b73ad776018b557ec41218ccbb,9/20(日) 11:17
top-picks,弁護士ドットコムニュース,iPhone Duo経費にできる?注意点,9/20(日) 10:50,https://news.yahoo.co.jp/pickup/6595885,https://news.yahoo.co.jp/articles/05a05f5d00cd3ca0a1dd239b6172a1ef17d1b33a,9/20(日) 10:50
top-picks,テレビ朝日系（ANN）,遊園地にカメラ50台 自動撮影好評,9/20(日) 10:34,https://news.yahoo.co.jp/pickup/6595882,https://news.yahoo.co.jp/articles/aac3559956af6752b8478ad9e0be2797bb902508,9/20(日) 10:34
top-picks,tenki.jp,関東と東海 今夜道路冠水の恐れも,9/20(日) 10:29,https://news.yahoo.co.jp/pickup/6595884,https://news.yahoo.co.jp/articles/427f3859c9ab47ac2f9bfd37d42484c89c00c956,9/20(日) 10:29
top-picks,デイリー新潮,押尾コータロー ギター初日に挫折,9/20(日) 10:23,https://news.yahoo.co.jp/pickup/6595881,https://news.yahoo.co.jp/articles/3c00950253cc4433de312e7bfbb6da68d8e1fd19,9/20(日) 10:23
top-picks,オリコン,TBSバース・デイ 20年超歴史に幕,9/20(日) 10:02,https://news.yahoo.co.jp/pickup/6595879,https://news.yahoo.co.jp/articles/d9454a3478ca7be1655d7726213b5a3887bc3991,9/20(日) 10:02
top-picks,中日スポーツ,中日 サノーと来季契約で大筋合意,9/20(日) 10:00,https://news.yahoo.co.jp/pickup/6595880,https://news.yahoo.co.jp/articles/cadbf52f57e89b92074ae05f0de1d8771c82c21a,9/20(日) 10:00
top-picks,スポーツ報知,大谷 異例のベースランニング実施,9/20(日) 9:33,https://news.yahoo.co.jp/pickup/6595878,https://news.yahoo.co.jp/articles/f4389a97c34ee222c6f7d8ade15ca78d394f5edb,9/20(日) 9:33
top-picks,共同通信,ホワイトハウス CNN記者証を没収,9/20(日) 9:22,https://news.yahoo.co.jp/pickup/6595876,https://news.yahoo.co.jp/articles/7b7e043fc438b022724771979d8a56b1859820ad,9/20(日) 9:22
top-picks,スポーツ報知,大谷 帽子飛ばしベースランニング,9/20(日) 9:20,https://news.yahoo.co.jp/pickup/6595875,https://news.yahoo.co.jp/articles/f4389a97c34ee222c6f7d8ade15ca78d394f5edb,9/20(日) 9:20
top-picks,ＢＳＮ新潟放送,4年でケアマネ300人以上減 新潟県,9/20(日) 9:18,https://news.yahoo.co.jp/pickup/6595874,https://news.yahoo.co.jp/articles/baba0b68007960864e9d49836706fad230d3288a,9/20(日) 9:18
top-picks,日刊スポーツ,ニッポンの社長辻 唐突に結婚発表,9/20(日) 9:00,https://news.yahoo.co.jp/pickup/6595873,https://news.yahoo.co.jp/articles/ecdcf37a7e44c1f31d46be1f1b861569955f1ff1,9/20(日) 9:00
top-picks,共同通信,今年11カ所で花火大会中止 物価高,9/20(日) 8:54,https://news.yahoo.co.jp/pickup/6595871,,9/20(日) 8:54
top-picks,スポーツ報知,亀梨ソロツアー 開演遅れに神対応,9/20(日) 8:47,https://news.yahoo.co.jp/pickup/6595869,https://news.yahoo.co.jp/articles/2198d2aa53859da1bb15a160602fe96a963d8b22,9/20(日) 8:47
top-picks,tbc東北放送,漁船に一時クマ乗り込む 船員無事,9/20(日) 8:34,https://news.yahoo.co.jp/pickup/6595868,https://news.yahoo.co.jp/articles/c1f4e012ab3a0799a800340d22518eb1dd2c7bb9,9/20(日) 8:34
top-picks,テレビユー山形,6歳行方不明 現場の警察官の執念,9/20(日) 8:27,https://news.yahoo.co.jp/pickup/6595870,https://news.yahoo.co.jp/articles/7914df9aaaf37b1086fc5ba1488e7c070c0f0dc5,9/20(日) 8:27
top-picks,時事通信,犬猫の保護依頼増 飼い主が高齢化,9/20(日) 8:17,https://news.yahoo.co.jp/pickup/6595865,,9/20(日) 8:17
top-picks,朝日新聞,東京のゲンジボタル7割「よそ者」,9/20(日) 8:17,https://news.yahoo.co.jp/pickup/6595867,https://news.yahoo.co.jp/articles/7342017b9b135251f60cecb912854cb779a7c45c,9/20(日) 8:17
top-picks,朝日新聞,トランプ氏「AIフォース創設」,9/20(日) 8:07,https://news.yahoo.co.jp/pickup/6595864,https://news.yahoo.co.jp/articles/3ae679cd52d9bbf52048e7929ab1a6da01cb8fa7,9/20(日) 8:07
top-picks,テレビユー山形,6歳不明から2週間 帰り待つ両親,9/20(日) 7:45,https://news.yahoo.co.jp/pickup/6595862,https://news.yahoo.co.jp/articles/7914df9aaaf37b1086fc5ba1488e7c070c0f0dc5,9/20(日) 7:45
top-picks,朝日新聞,最高裁調査官の報告書 見つかる,9/20(日) 7:43,https://news.yahoo.co.jp/pickup/6595860,https://news.yahoo.co.jp/articles/a00e4ae3890661b9bd0e39393cb64a45fa0978cc,9/20(日) 7:43
top-picks,SOCCER DIGEST Web,鈴木彩艶 好セーブ連発&得点演出,9/20(日) 7:42,https://news.yahoo.co.jp/pickup/6595861,https://news.yahoo.co.jp/articles/5074feb490879935780fe0d463f5a3bd7cdf60e2,9/20(日) 7:42
top-picks,共同通信,フーシ派 サウジ首都攻撃と主張,9/20(日) 7:36,https://news.yahoo.co.jp/pickup/6595859,,9/20(日) 7:36
top-picks,スポーツ報知,timelesz 7人での活動は継続,9/20(日) 7:24,https://news.yahoo.co.jp/pickup/6595858,https://news.yahoo.co.jp/articles/6f9f31293e8de9a14d51fedf56e9f2e36c9baa57,9/20(日) 7:24
top-picks,tenki.jp,大型で強い台風 21日に関東最接近,9/20(日) 7:17,https://news.yahoo.co.jp/pickup/6595856,https://news.yahoo.co.jp/articles/d7c3301c3d0ed49fff4aa976d6b41e6677f74a94,9/20(日) 7:17
top-picks,中日スポーツ,中日・福敬登が今季限りで退団へ,9/20(日) 7:17,https://news.yahoo.co.jp/pickup/6595857,https://news.yahoo.co.jp/articles/513a66e23cae618163a02e52289725b371b61a59,9/20(日) 7:17
top-picks,日刊スポーツ,ラグビー日本 7年ぶりにPNC優勝,9/19(土) 23:54,https://news.yahoo.co.jp/pickup/6595855,https://news.yahoo.co.jp/articles/7b2660c11e011692dcae456d4fac91a08c5a25de,9/19(土) 23:54
top-picks,tenki.jp,大型の台風25号「強い」勢力に,9/19(土) 23:14,https://news.yahoo.co.jp/pickup/6595854,https://news.yahoo.co.jp/articles/b546e4bac3063a0bb976c5f76df61b13746d3242,9/19(土) 23:14
top-picks,たまひよONLINE,生後7日で命の危機 手術受けた娘,9/19(土) 23:00,https://news.yahoo.co.jp/pickup/6595852,https://news.yahoo.co.jp/articles/f570ab30f6944dff95bb798c424e53e903e65956,9/19(土) 23:00
top-picks,日刊スポーツ,中田ボタン氏死去 吐血しつつ舞台,9/19(土) 22:53,https://news.yahoo.co.jp/pickup/6595850,https://news.yahoo.co.jp/articles/b9e68b0688ab9e1257e85babfd7f45d599bcd345,9/19(土) 22:53
top-picks,TBS NEWS DIG Powered by JNN,詐欺拠点か マレーシアで邦人拘束,9/19(土) 22:46,https://news.yahoo.co.jp/pickup/6595851,https://news.yahoo.co.jp/articles/e26d3c7761bd884264eea929420a6ef327288f8a,9/19(土) 22:46
top-picks,スポニチアネックス,timelesz猪俣周杜容疑者 活動休止,9/19(土) 22:13,https://news.yahoo.co.jp/pickup/6595848,https://news.yahoo.co.jp/articles/bddf60320f1ae6d646562dd7c77783d9f20b8522,9/19(土) 22:13
top-picks,スポニチアネックス,DeNA牧 7回に逆転満塁ホームラン,9/19(土) 22:13,https://news.yahoo.co.jp/pickup/6595847,https://news.yahoo.co.jp/articles/a5b85964c8185a46cb91c046d97ab6f1cd2ed99a,9/19(土) 22:13
top-picks,TBS NEWS DIG Powered by JNN,10代巡査が拳銃自殺図ったか 重体,9/19(土) 21:52,https://news.yahoo.co.jp/pickup/6595846,https://news.yahoo.co.jp/articles/7426ff25e9ab6a04cf511720f494c4ca45042dc8,9/19(土) 21:52
top-picks,デイリースポーツ,井原良太郎 BD王座奪還も即返上,9/19(土) 21:41,https://news.yahoo.co.jp/pickup/6595845,https://news.yahoo.co.jp/articles/8a5306a4d19deab17e3ff92b9dcbe18d9d0e7adf,9/19(土) 21:41
top-picks,TBS NEWS DIG Powered by JNN,猪俣容疑者 口論になりパニックに,9/19(土) 21:15,https://news.yahoo.co.jp/pickup/6595844,https://news.yahoo.co.jp/articles/f4bf34a3376d81b57f005c0017abee402edf5fb6,9/19(土) 21:15
top-picks,FNNプライムオンライン（フジテレビ系）,クジラ漂着 台風接近で撤去見送り,9/19(土) 21:10,https://news.yahoo.co.jp/pickup/6595843,https://news.yahoo.co.jp/articles/0418134cd062ebd13ed644b4a3d257a2971c9a61,9/19(土) 21:10
top-picks,デイリースポーツ,アジア大会の開会式 空席目立つ,9/19(土) 20:56,https://news.yahoo.co.jp/pickup/6595842,https://news.yahoo.co.jp/articles/45b7bc7f5255650e20b04b0eb47a631a042e70e6,9/19(土) 20:56
top-picks,毎日新聞,「人工視細胞」を開発 遺伝研など,9/19(土) 20:52,https://news.yahoo.co.jp/pickup/6595841,https://news.yahoo.co.jp/articles/7b1b8865d8e3c0b2ef99eeb34c6039515af978dd,9/19(土) 20:52
top-picks,読売新聞オンライン,初甲子園 福山高への寄付6000万円,9/19(土) 20:37,https://news.yahoo.co.jp/pickup/6595840,https://news.yahoo.co.jp/articles/b995c0ca276c4068807114167a3f09a3b65709b9,9/19(土) 20:37
top-picks,共同通信,作業員4人死亡 複数のミス連鎖か,9/19(土) 20:32,https://news.yahoo.co.jp/pickup/6595837,https://news.yahoo.co.jp/articles/4c990217a5d8a47137f3eb2db389df8d6699afc2,9/19(土) 20:32
top-picks,TBS NEWS DIG Powered by JNN,中日大敗 14年連続でCS進出逃す,9/19(土) 20:14,https://news.yahoo.co.jp/pickup/6595836,https://news.yahoo.co.jp/articles/193c7ccf39c7fce881494b55c9b0fc7b756c7e55,9/19(土) 20:14
top-picks,日刊スポーツ,中田ボタンさん死去 肺がんで闘病,9/19(土) 20:11,https://news.yahoo.co.jp/pickup/6595838,https://news.yahoo.co.jp/articles/5c980db4426896de7f40d3d7966818b621a63eaf,9/19(土) 20:11
top-picks,tenki.jp,台風 21日～22日に関東など接近,9/19(土) 19:43,https://news.yahoo.co.jp/pickup/6595834,https://news.yahoo.co.jp/articles/09c89a17f701dc1e58d1369f124eb32c3add9fca,9/19(土) 19:43
top-picks,シネマトゥデイ,バットマン&仮面ライダーがコラボ,9/19(土) 19:43,https://news.yahoo.co.jp/pickup/6595833,https://news.yahoo.co.jp/articles/9e004af8076318b125593010d64450d977e05ba6,9/19(土) 19:43
top-picks,YBC山形放送,元参議院議員 星川保松さん死去,9/19(土) 19:33,https://news.yahoo.co.jp/pickup/6595832,https://news.yahoo.co.jp/articles/106e2a35b62ea0c47a25bb7cfdea6da4ff45865f,9/19(土) 19:33
top-picks,スポーツ報知,DeNA松尾 脳しんとう特例で抹消,9/19(土) 19:05,https://news.yahoo.co.jp/pickup/6595831,https://news.yahoo.co.jp/articles/c8f86566c0959af12c7a59342d6f46dabf451be5,9/19(土) 19:05
top-picks,デイリースポーツ,井原良太郎がKO負け BD会場騒然,9/19(土) 18:34,https://news.yahoo.co.jp/pickup/6595830,https://news.yahoo.co.jp/articles/d05768a6cde972d78a9cd1c5fe5ba93829a3bdb1,9/19(土) 18:34
top-picks,時事通信,コメ価格が急落 生産者に危機感,9/19(土) 18:31,https://news.yahoo.co.jp/pickup/6595828,https://news.yahoo.co.jp/articles/0f9ccc60ebebfebf615c12e8ea25bb3c23a851e4,9/19(土) 18:31
top-picks,サンケイスポーツ,猪俣容疑者逮捕 各社対応追われる,9/19(土) 18:26,https://news.yahoo.co.jp/pickup/6595829,https://news.yahoo.co.jp/articles/9d417befa8aa9feed15c7002badff0c082526a10,9/19(土) 18:26
top-picks,Bloomberg,Geminiが他社システムに侵入,9/19(土) 18:18,https://news.yahoo.co.jp/pickup/6595827,https://news.yahoo.co.jp/articles/033cba8a68d9cf3429b64ee0432b979974fdfc87,9/19(土) 18:18
top-picks,MANTANWEB,プリキュア映画 初日で興収1億円,9/19(土) 17:46,https://news.yahoo.co.jp/pickup/6595826,https://news.yahoo.co.jp/articles/5025eb585080d9103edd6940d04f84737ad7b07d,9/19(土) 17:46
top-picks,毎日新聞,連休のイベント中止続出 台風影響,9/19(土) 17:45,https://news.yahoo.co.jp/pickup/6595824,https://news.yahoo.co.jp/articles/6f095d11800dee2ba9f002610dda98c7ae97630a,9/19(土) 17:45
top-picks,tenki.jp,台風25号 暴風や大雨の警戒期間は,9/19(土) 17:42,https://news.yahoo.co.jp/pickup/6595825,https://news.yahoo.co.jp/articles/e23e132ad7e6d95ea1d4ca82b7edba8071f061ac,9/19(土) 17:42
top-picks,共同通信,千葉豪雨 半壊の9割支援金対象外,9/19(土) 17:35,https://news.yahoo.co.jp/pickup/6595823,https://news.yahoo.co.jp/articles/2b022c3bb5e7eef6e917a5e78f28223c4c8b7a8a,9/19(土) 17:35
top-picks,時事通信,外務省テロ訓練 衣装への批判続く,9/19(土) 17:29,https://news.yahoo.co.jp/pickup/6595821,https://news.yahoo.co.jp/articles/b507b2ca2005b856485efc77c2746a70041f6975,9/19(土) 17:29
top-picks,デイリースポーツ,日ハム柴田獅子 衝撃のプロ初HR,9/19(土) 17:12,https://news.yahoo.co.jp/pickup/6595822,https://news.yahoo.co.jp/articles/0ef211a73f74adcbe0a3fff57e51208d3940d8ae,9/19(土) 17:12
top-picks,TBS NEWS DIG Powered by JNN,衰弱死の16歳少女 訴え続けた無実,9/19(土) 17:11,https://news.yahoo.co.jp/pickup/6595817,https://news.yahoo.co.jp/articles/2d211bb7d90404c40024871f36de3e2343dcde13,9/19(土) 17:11
top-picks,CBCテレビ,県委託撮影ドローン 市役所に衝突,9/19(土) 16:59,https://news.yahoo.co.jp/pickup/6595820,https://news.yahoo.co.jp/articles/89e74087567b26d5647a8bdd2fc736ae1f07d118,9/19(土) 16:59
top-picks,時事通信,timelesz猪俣容疑者 傷害疑い否認,9/19(土) 16:46,https://news.yahoo.co.jp/pickup/6595819,https://news.yahoo.co.jp/articles/d43a6435e414744abd5da106f7773983afe81a0b,9/19(土) 16:46
top-picks,共同通信,Anthropic アクセンチュアと提携,9/19(土) 16:40,https://news.yahoo.co.jp/pickup/6595818,https://news.yahoo.co.jp/articles/27a287d981bf3434a9552c473ef9671d3c8dba67,9/19(土) 16:40
top-picks,スポーツ報知,ロッキン20日は開催へ 21日は未定,9/19(土) 16:31,https://news.yahoo.co.jp/pickup/6595816,https://news.yahoo.co.jp/articles/b90523aa3986d8f2be41734f37cc4fa5f465f0f0,9/19(土) 16:31
top-picks,RBC琉球放送,競技用車いすに車追突 選手が重体,9/19(土) 16:02,https://news.yahoo.co.jp/pickup/6595813,https://news.yahoo.co.jp/articles/1de15314729af2219220798a80bb666ff471cf39,9/19(土) 16:02
top-picks,スポーツ報知,向井慧「めちゃくちゃ熱愛です」,9/19(土) 15:47,https://news.yahoo.co.jp/pickup/6595812,https://news.yahoo.co.jp/articles/13bc805e0da87cc50a0d82845a5d7c05e6293787,9/19(土) 15:47
top-picks,ABEMA TIMES,力士の体重差100kg超 圧巻の一番,9/19(土) 15:31,https://news.yahoo.co.jp/pickup/6595811,https://news.yahoo.co.jp/articles/5d60a66aace3a33157a4dbeee0fe61874a2979dd,9/19(土) 15:31
top-picks,tenki.jp,台風 太平洋側で道路への影響予想,9/19(土) 15:28,https://news.yahoo.co.jp/pickup/6595810,https://news.yahoo.co.jp/articles/acc7a8695570d802ff8761831afaadf90318178d,9/19(土) 15:28
top-picks,CNN.co.jp,AIで誤情報 米軍に一時緊張走る,9/19(土) 15:20,https://news.yahoo.co.jp/pickup/6595808,https://news.yahoo.co.jp/articles/9018ac349d4a436099e6ce11710cc6282231cf6f,9/19(土) 15:20
top-picks,コミックナタリー,美味しんぼ 新TVアニメ放送決定,9/19(土) 15:17,https://news.yahoo.co.jp/pickup/6595809,https://news.yahoo.co.jp/articles/53a0033542647e947ca36130bc6938adf144a64f,9/19(土) 15:17
top-picks,ENCOUNT,YOSHIKI過労で倒れる 今は回復中,9/19(土) 14:54,https://news.yahoo.co.jp/pickup/6595806,https://news.yahoo.co.jp/articles/6a3cf21ff2a95bbc6f41bc375e261f318d995f3d,9/19(土) 14:54
top-picks,デイリースポーツ,Wソックス痛恨逆転負け 首位陥落,9/19(土) 14:35,https://news.yahoo.co.jp/pickup/6595802,https://news.yahoo.co.jp/articles/3588def88d66657f22c476c7eee1cc03636b2ce2,9/19(土) 14:35
top-picks,毎日新聞,恐竜の化石がなぜ北極に 気候解明,9/19(土) 14:24,https://news.yahoo.co.jp/pickup/6595804,https://news.yahoo.co.jp/articles/18183c78e0aeb2b18fe5b41cc469f88ac498e337,9/19(土) 14:24
top-picks,メディカルドック,父と同じ大腸がんに 闘病語る男性,9/19(土) 14:02,https://news.yahoo.co.jp/pickup/6595799,https://news.yahoo.co.jp/articles/f90afea523a98b07068bd2af0db4975ca479b8ef,9/19(土) 14:02
top-picks,ロイター,OpenAI 安保理でAI安全策説明へ,9/19(土) 14:01,https://news.yahoo.co.jp/pickup/6595800,https://news.yahoo.co.jp/articles/b641a5a26f120c3d60d13288798fd2fefa0b9ab0,9/19(土) 14:01
top-picks,西日本新聞me,酒井法子 熊本の被災地で炊き出し,9/19(土) 13:44,https://news.yahoo.co.jp/pickup/6595798,https://news.yahoo.co.jp/articles/7c40800970bafe8d449ec59508aa5e30d955a2ca,9/19(土) 13:44
top-picks,スポニチアネックス,VIVANTチョッキー役来日 大歓声,9/19(土) 13:44,https://news.yahoo.co.jp/pickup/6595797,https://news.yahoo.co.jp/articles/a389a894c27f54ac1e3ad7bec6785289fd178023,9/19(土) 13:44
top-picks,毎日新聞,対露制裁法が成立 トランプ氏署名,9/19(土) 13:42,https://news.yahoo.co.jp/pickup/6595796,https://news.yahoo.co.jp/articles/53dad64a42d050a1586ed14532eb8c94a848ccdc,9/19(土) 13:42
top-picks,FNNプライムオンライン（フジテレビ系）,エホバ 他人の血の輸血一部解禁へ,9/19(土) 13:29,https://news.yahoo.co.jp/pickup/6595795,https://news.yahoo.co.jp/articles/4f3cdccb1488b345852e574f252890826b476efe,9/19(土) 13:29
top-picks,沖縄タイムス,呼吸器材外れる ダイビング客死亡,9/19(土) 13:07,https://news.yahoo.co.jp/pickup/6595794,https://news.yahoo.co.jp/articles/4361a4374a5c3911a8ecef2cbc853ee88980b910,9/19(土) 13:07
top-picks,テレビ朝日系（ANN）,大雨の宮崎県で土砂崩れ 女性死亡,9/19(土) 12:28,https://news.yahoo.co.jp/pickup/6595792,https://news.yahoo.co.jp/articles/0fd0085fc05525a1677553473f05ac3739ae95d6,9/19(土) 12:28
top-picks,TBS NEWS DIG Powered by JNN,timelesz猪俣周杜容疑者を逮捕,9/19(土) 12:22,https://news.yahoo.co.jp/pickup/6595790,https://news.yahoo.co.jp/articles/34a015511fb2a8b81fede3ad36ccd23942ac8e54,9/19(土) 12:22
top-picks,スポニチアネックス,パンサー向井 熱愛報道を認める,9/19(土) 12:09,https://news.yahoo.co.jp/pickup/6595791,https://news.yahoo.co.jp/articles/57112b4523700bcc64951b2e9f7a8cb311f831da,9/19(土) 12:09
top-picks,Media info not found,台風25号 強い勢力で21日に接近か,大型の台風25号は、これまでの予想より本州への接近が遅くなり、21日（月・祝）を中心に関東などへ影響する見通しとなりました。一方、雨は20日（日）から強まり、台風は強い勢力で接近する予想のため、雨だけでなく暴風にも警戒が必要です。,https://news.yahoo.co.jp/pickup/6595789,https://news.yahoo.co.jp/articles/2d2172ebd5416e8c45419c4b464d844676bc0719,9/19(土) 12:05
top-picks,読売新聞オンライン,酷暑の中で体育 娘死亡し父が提訴,9/19(土) 11:54,https://news.yahoo.co.jp/pickup/6595788,https://news.yahoo.co.jp/articles/8e0b1d923be02e0a647eb02c3ce7e1addbeccf6f,9/19(土) 11:54
top-picks,読売新聞オンライン,障害者雇用ビジネス巡り労災認定,9/19(土) 10:41,https://news.yahoo.co.jp/pickup/6595787,,9/19(土) 10:41
top-picks,産経新聞,八重洲口前再開発 残ったビル2棟,9/19(土) 10:29,https://news.yahoo.co.jp/pickup/6595786,https://news.yahoo.co.jp/articles/730d413cc1751b00fd6304a48690a6352aa2a0a5,9/19(土) 10:29
top-picks,TBS NEWS DIG Powered by JNN,散弾銃3丁など盗まれる 警察捜査,9/19(土) 10:12,https://news.yahoo.co.jp/pickup/6595784,,9/19(土) 10:12
top-picks,tenki.jp,台風25号 21日に関東に最接近か,9/19(土) 9:58,https://news.yahoo.co.jp/pickup/6595783,https://news.yahoo.co.jp/articles/a1a7f676e5d59f31f688e908ff758696f876a343,9/19(土) 9:58
top-picks,HBCニュース北海道,車道真ん中に2歳児 保護した男性,9/19(土) 9:53,https://news.yahoo.co.jp/pickup/6595781,https://news.yahoo.co.jp/articles/881daf2383aa919fb592fd736d17e87675adb8db,9/19(土) 9:53
top-picks,スポニチアネックス,フォーエバーヤング 米G1で勝利,9/19(土) 9:48,https://news.yahoo.co.jp/pickup/6595780,https://news.yahoo.co.jp/articles/ea0a60fb67feb5fb51f153ff1c07103f1a28b71d,9/19(土) 9:48
top-picks,読売新聞オンライン,患者に劇薬の鎮静剤無断投与 解雇,9/19(土) 9:41,https://news.yahoo.co.jp/pickup/6595779,https://news.yahoo.co.jp/articles/bdb2f3d04bf0d9e160d29a32344d89cc2ee6661c,9/19(土) 9:41
top-picks,朝日新聞,露 金獅子賞監督を「スパイ」指定,9/19(土) 9:22,https://news.yahoo.co.jp/pickup/6595778,https://news.yahoo.co.jp/articles/2232739b1b4706f07aa4ad0a3ebb9a66b7afcfb1,9/19(土) 9:22
top-picks,読売新聞オンライン,内閣支持率が59%に上昇 読売調査,9/19(土) 9:09,https://news.yahoo.co.jp/pickup/6595776,https://news.yahoo.co.jp/articles/0c20bdeab20fa0ab8ac9642d8766646d3a54fd38,9/19(土) 9:09
top-picks,時事通信,グリーンランド防衛 協定署名へ,9/19(土) 9:05,https://news.yahoo.co.jp/pickup/6595777,https://news.yahoo.co.jp/articles/e696e3eb1fe443045845a19edf6fe193badfe3a1,9/19(土) 9:05
top-picks,東京商工リサーチ,弁当店の倒産急増 過去最多見通し,9/19(土) 9:05,https://news.yahoo.co.jp/pickup/6595773,https://news.yahoo.co.jp/articles/c47ab2466064efaa94da3babceaf3b3488b8d644,9/19(土) 9:05
top-picks,TBS NEWS DIG Powered by JNN,日米首脳会談 22日に米NYで開催,9/19(土) 8:39,https://news.yahoo.co.jp/pickup/6595772,https://news.yahoo.co.jp/articles/c2e422d3bcda635703d9cefab1a6638a8a2ee58e,9/19(土) 8:39
top-picks,読売新聞オンライン,異例 副課長級の元職員が副市長に,9/19(土) 8:33,https://news.yahoo.co.jp/pickup/6595771,https://news.yahoo.co.jp/articles/b0b6407beb2f8cb0ffa54ab71c14b58f3b505fd4,9/19(土) 8:33
top-picks,スポニチアネックス,ZIP!の小泉氏巡る報道 日テレ謝罪,9/19(土) 8:32,https://news.yahoo.co.jp/pickup/6595769,https://news.yahoo.co.jp/articles/c637db9d1d9897a9f9226c7012b828b6b2493686,9/19(土) 8:32
top-picks,時事通信,米 グリーンランド安保で「合意」,9/19(土) 8:30,https://news.yahoo.co.jp/pickup/6595770,https://news.yahoo.co.jp/articles/e696e3eb1fe443045845a19edf6fe193badfe3a1,9/19(土) 8:30
top-picks,TBS NEWS DIG Powered by JNN,橋幸夫さん一周忌 妻が明かす最期,9/19(土) 8:18,https://news.yahoo.co.jp/pickup/6595768,https://news.yahoo.co.jp/articles/c94b2512e785f9776abc0180f04771c102f54890,9/19(土) 8:18
top-picks,ロイター,習氏訪米 異例の経済代表団同行へ,9/19(土) 8:10,https://news.yahoo.co.jp/pickup/6595766,https://news.yahoo.co.jp/articles/b01d50e30665f09882cf3c60e9c26d5b7d6c557d,9/19(土) 8:10
top-picks,Full-Count,ヤンキースのジャッジ 再びIL入り,9/19(土) 8:07,https://news.yahoo.co.jp/pickup/6595767,https://news.yahoo.co.jp/articles/99592785d16a9448989e883c60b95bd76e9b0a78,9/19(土) 8:07
top-picks,TBS NEWS DIG Powered by JNN,中国でタケノコ違法加工 当局押収,9/19(土) 7:58,https://news.yahoo.co.jp/pickup/6595764,https://news.yahoo.co.jp/articles/e2e6c750ed9e34d1a75c978186bb5960de705e35,9/19(土) 7:58
top-picks,ロイター,バフェット氏 投資会社の会長退任,9/19(土) 7:57,https://news.yahoo.co.jp/pickup/6595763,https://news.yahoo.co.jp/articles/b3592e774c812c3dcb0a47ca6303ea6a520ed2ac,9/19(土) 7:57
top-picks,時事通信,住宅ローン 大手行・地銀に存在感,9/19(土) 7:45,https://news.yahoo.co.jp/pickup/6595762,,9/19(土) 7:45
top-picks,日テレNEWS NNN,露下院選 帰還兵180人超が立候補,9/19(土) 7:37,https://news.yahoo.co.jp/pickup/6595760,https://news.yahoo.co.jp/articles/ab10565682a231c941421033f6750066aff82831,9/19(土) 7:37
top-picks,読売新聞オンライン,皇室の養子縁組 成立時の儀式検討,9/19(土) 7:36,https://news.yahoo.co.jp/pickup/6595761,https://news.yahoo.co.jp/articles/93b015a1181343f9351b63010ec1b256448050af,9/19(土) 7:36
top-picks,UTYテレビ山梨,富士急 27年夏に新大型コースター,9/19(土) 7:31,https://news.yahoo.co.jp/pickup/6595759,https://news.yahoo.co.jp/articles/c9c30aac38a7fffff52ddaf0f6024cd2ac24c771,9/19(土) 7:31
top-picks,TBS NEWS DIG Powered by JNN,ダイアナ元妃の復讐ドレス 出品へ,9/19(土) 7:24,https://news.yahoo.co.jp/pickup/6595758,https://news.yahoo.co.jp/articles/440409ecd5e21d3b2dca0d145cc99547da2e0ccf,9/19(土) 7:24
top-picks,サンケイスポーツ,大谷の苦悩 ド軍同僚の2人が語る,9/19(土) 7:20,https://news.yahoo.co.jp/pickup/6595757,https://news.yahoo.co.jp/articles/e4f6981d75001208b3c3c3692299262a342aa5f1,9/19(土) 7:20
top-picks,UX新潟テレビ21,こども園で複数園児に虐待 新潟市,9/19(土) 7:19,https://news.yahoo.co.jp/pickup/6595756,https://news.yahoo.co.jp/articles/fb6ca437a346fbc754e373f9e13bb737372d0de8,9/19(土) 7:19
top-picks,共同通信,円急騰 政府日銀が円買い介入準備,9/19(土) 7:15,https://news.yahoo.co.jp/pickup/6595754,,9/19(土) 7:15
top-picks,杉江勇次,台風 21日夕方～夜に関東最接近か,9/19(土) 7:13,https://news.yahoo.co.jp/pickup/6595755,,9/19(土) 7:13
