ctgry,media_jp,title_pickup,title_articles,link_pickup,link_articles,date_original
top-picks,弁護士ドットコムニュース,皿に吸い殻で店主激怒 客の責任は,9/3(木) 14:10,https://news.yahoo.co.jp/pickup/6594097,https://news.yahoo.co.jp/articles/eb0fa78995169eebfd4fd413b12cb46b1dd7876a,9/3(木) 14:10
top-picks,千葉日報オンライン,船橋で火災 焼け跡から2人の遺体,9/3(木) 13:48,https://news.yahoo.co.jp/pickup/6594094,https://news.yahoo.co.jp/articles/4a63f0ba3806177c12898b09bbc717d627014097,9/3(木) 13:48
top-picks,産経新聞,麻布十番まつり 116人食中毒訴え,9/3(木) 13:46,https://news.yahoo.co.jp/pickup/6594092,https://news.yahoo.co.jp/articles/6c2e135247e0581a635ce54ffc6d99123c1ef1c8,9/3(木) 13:46
top-picks,tenki.jp,東海 7日にかけ警報級大雨の恐れ,9/3(木) 13:24,https://news.yahoo.co.jp/pickup/6594091,https://news.yahoo.co.jp/articles/7076599ca558b2e9dfe7a2721ab11a9fb6904bb7,9/3(木) 13:24
top-picks,SPA!,大戸屋などが好調 なぜ定食店人気,9/3(木) 13:06,https://news.yahoo.co.jp/pickup/6594090,https://news.yahoo.co.jp/articles/93a9d984d4a4cd3c187e0c1c3a4bbb5f949aa3b3,9/3(木) 13:06
top-picks,毎日新聞,麻生副総裁続投へ 役員人事の狙い,9/3(木) 13:00,https://news.yahoo.co.jp/pickup/6594088,https://news.yahoo.co.jp/articles/45c010b1496ee0afc4239bbb1c7cc0521c78ccbf,9/3(木) 13:00
top-picks,CHANTO WEB,なぜ「女性が年上」の結婚が増,9/3(木) 12:47,https://news.yahoo.co.jp/pickup/6594085,https://news.yahoo.co.jp/articles/51d9f0eaaf732032967a1e606e620b93dd7ae911,9/3(木) 12:47
top-picks,サッカーキング,サッカー代表 ブラジルと11月対戦,9/3(木) 12:45,https://news.yahoo.co.jp/pickup/6594083,https://news.yahoo.co.jp/articles/bb34b5e1db7e65068ab57f99c17aa2da820b1b37,9/3(木) 12:45
top-picks,ENCOUNT,俳優の武田玲奈 結婚を発表,9/3(木) 12:20,https://news.yahoo.co.jp/pickup/6594081,https://news.yahoo.co.jp/articles/88a292f2bf3ca96033859d265199030898584c6b,9/3(木) 12:20
top-picks,スポーツナビ,速報 ドジャースvs.カージナルス,9/3(木) 12:17,https://news.yahoo.co.jp/pickup/6594082,https://news.yahoo.co.jp/articles/6d26e4e4904b4171389a9433ff2836bf17d96bf6,9/3(木) 12:17
top-picks,Rolling Stone Japan,米ジャズ C・ウィルソンさん死去,9/3(木) 12:15,https://news.yahoo.co.jp/pickup/6594077,https://news.yahoo.co.jp/articles/fd1172968206dae40d61fdf0c5aa1d53e011ed1e,9/3(木) 12:15
top-picks,スポーツナビ,速報ドジャース 山本由伸が先発,9/3(木) 12:03,https://news.yahoo.co.jp/pickup/6594076,https://news.yahoo.co.jp/articles/6d26e4e4904b4171389a9433ff2836bf17d96bf6,9/3(木) 12:03
top-picks,ロイター,米と加 運転免許証数千万件流出か,9/3(木) 11:58,https://news.yahoo.co.jp/pickup/6594075,https://news.yahoo.co.jp/articles/f82e2a4e23cc1780f09b8b0aa83ede21bc217803,9/3(木) 11:58
top-picks,千葉日報オンライン,高圧ガス容器15本流失 千葉豪雨で,9/3(木) 11:52,https://news.yahoo.co.jp/pickup/6594074,https://news.yahoo.co.jp/articles/f34c00eb289c66fab25a5106e9a02cf9236e8b96,9/3(木) 11:52
top-picks,Rolling Stone Japan,水原希子 ソロ歌手としてデビュー,9/3(木) 11:40,https://news.yahoo.co.jp/pickup/6594073,https://news.yahoo.co.jp/articles/1ac46ef587f2f1863f014e096d4844a0ae7af4b2,9/3(木) 11:40
top-picks,CNN.co.jp,アリアナ涙 千秋楽でファンに別れ,9/3(木) 11:37,https://news.yahoo.co.jp/pickup/6594072,https://news.yahoo.co.jp/articles/cc1492c0e56128df7aaddb2d0a591c2eb58b5ecb,9/3(木) 11:37
top-picks,宮崎ニュースUMK,漁船戻らず 発見の乗員3人死亡,9/3(木) 11:08,https://news.yahoo.co.jp/pickup/6594070,,9/3(木) 11:08
top-picks,共同通信,ミキサーに挟まれたか 実習生死亡,9/3(木) 10:43,https://news.yahoo.co.jp/pickup/6594069,,9/3(木) 10:43
top-picks,毎日新聞,茨城・神栖市長 高裁も当選認めず,9/3(木) 10:42,https://news.yahoo.co.jp/pickup/6594067,https://news.yahoo.co.jp/articles/bda0af59b1891b591164cca1a4a9543db2ef09b5,9/3(木) 10:42
top-picks,TBS NEWS DIG Powered by JNN,高齢者の「運転技能検査」強化へ,9/3(木) 10:35,https://news.yahoo.co.jp/pickup/6594066,,9/3(木) 10:35
top-picks,読売新聞オンライン,消費税1%「総額表示」に猶予 方針,9/3(木) 10:05,https://news.yahoo.co.jp/pickup/6594062,https://news.yahoo.co.jp/articles/a0142a990bc07d580a077a587864090e07f7cdbd,9/3(木) 10:05
top-picks,共同通信,ミキサーに挟まれたか 男性死亡,9/3(木) 9:53,https://news.yahoo.co.jp/pickup/6594065,,9/3(木) 9:53
top-picks,時事通信,立憲と溝 公明は生き残りへ焦り,9/3(木) 9:50,https://news.yahoo.co.jp/pickup/6594064,https://news.yahoo.co.jp/articles/fe573c9c1c91f0efdbb73ec52fbb6caf388497c0,9/3(木) 9:50
top-picks,オリコン,嵐の軌跡 ドキュメンタリー映画化,9/3(木) 9:50,https://news.yahoo.co.jp/pickup/6594063,https://news.yahoo.co.jp/articles/f109076b206c415698c6a0f89e298ce8b91ddd98,9/3(木) 9:50
top-picks,Full-Count,大谷 今季の投手復帰断念の可能性,9/3(木) 9:29,https://news.yahoo.co.jp/pickup/6594061,https://news.yahoo.co.jp/articles/64a426f505a1c4a14a051acc71e990c58fba602e,9/3(木) 9:29
top-picks,オリコン,「DB超ビルス」10月から放送開始,9/3(木) 9:25,https://news.yahoo.co.jp/pickup/6594059,https://news.yahoo.co.jp/articles/138fe6db35a224256917a925f018488c52c01858,9/3(木) 9:25
top-picks,オリコン,異例 週マガに高3執筆の漫画掲載,9/3(木) 9:22,https://news.yahoo.co.jp/pickup/6594060,https://news.yahoo.co.jp/articles/e68d947f87e98e7b69c8fe3407cd80cb31f703b6,9/3(木) 9:22
top-picks,シネマトゥデイ,加藤ローサ&大沢あかねWヒロイン,9/3(木) 9:12,https://news.yahoo.co.jp/pickup/6594058,https://news.yahoo.co.jp/articles/68718c7e2502d1534b155a62958d769b866a9f8b,9/3(木) 9:12
top-picks,共同通信,北海道のゴキブリ増 住環境向上で,9/3(木) 9:01,https://news.yahoo.co.jp/pickup/6594056,,9/3(木) 9:01
top-picks,Media info not found,死球増 藤川監督提案に上原氏見解,　プロ野球・阪神の藤川球児監督が、死球から打者の負傷を守るため、肩甲骨から手首にかけたプロテクターの導入をNPB側へ提案していたことを明らかにした。導入には、規約の変更が必要なことは承知の上で、藤川監督の提案に賛同したい。,https://news.yahoo.co.jp/pickup/6594057,https://news.yahoo.co.jp/articles/4535f24174674df1791dde3c87c915c024a3f2c4,9/3(木) 8:53
top-picks,青森放送,青森県内で雨強まる 土砂災害警戒,9/3(木) 8:41,https://news.yahoo.co.jp/pickup/6594055,,9/3(木) 8:41
top-picks,Media info not found,プロ野球で死球増加 上原氏の見解,　プロ野球・阪神の藤川球児監督が、死球から打者の負傷を守るため、肩甲骨から手首にかけたプロテクターの導入をNPB側へ提案していたことを明らかにした。導入には、規約の変更が必要なことは承知の上で、藤川監督の提案に賛同したい。,https://news.yahoo.co.jp/pickup/6594054,https://news.yahoo.co.jp/articles/4535f24174674df1791dde3c87c915c024a3f2c4,9/3(木) 8:40
top-picks,共同通信,米 イラン攻撃再開「長く続かず」,9/3(木) 8:32,https://news.yahoo.co.jp/pickup/6594051,https://news.yahoo.co.jp/articles/39215728f08f8603abcf36a4f6c9e0f6d3f45f5b,9/3(木) 8:32
top-picks,北海道新聞,中道分裂へ 野党勢力の流動化必至,9/3(木) 8:28,https://news.yahoo.co.jp/pickup/6594053,,9/3(木) 8:28
top-picks,時事通信,G20財務相会議 日本に厳しい視線,9/3(木) 8:18,https://news.yahoo.co.jp/pickup/6594052,https://news.yahoo.co.jp/articles/c647826c3b1c97a9484964fd9b99588cd293d27b,9/3(木) 8:18
top-picks,TBS CROSS DIG with Bloomberg,ウーバー 世界従業員の1割削減へ,9/3(木) 7:57,https://news.yahoo.co.jp/pickup/6594050,https://news.yahoo.co.jp/articles/339076f50d83396dfe39b882328d7d72199f010d,9/3(木) 7:57
top-picks,読売新聞オンライン,デジタル教科書 動画時間に上限,9/3(木) 7:55,https://news.yahoo.co.jp/pickup/6594047,https://news.yahoo.co.jp/articles/7f387b97ac6792a3d59ae4eb4108db5150c9ac4c,9/3(木) 7:55
top-picks,スポーツ報知,オリ杉沢龍 右手首手術で今季絶望,9/3(木) 7:41,https://news.yahoo.co.jp/pickup/6594046,https://news.yahoo.co.jp/articles/a1ba56d539cafff1ef0690ff6520eb51e4e1327e,9/3(木) 7:41
top-picks,朝日新聞,木原稔官房長官を留任で調整 首相,9/3(木) 7:34,https://news.yahoo.co.jp/pickup/6594045,https://news.yahoo.co.jp/articles/8b78a1210ab9d1fba86977a8fcf60487d4f419ff,9/3(木) 7:34
top-picks,朝日新聞,大阪市「民泊」開業の規制強化へ,9/3(木) 7:20,https://news.yahoo.co.jp/pickup/6594043,https://news.yahoo.co.jp/articles/5d1a61ea22efe3a6a0e0b0ca6f7c592a685a39ce,9/3(木) 7:20
top-picks,Media info not found,「VIVANT」絶叫台詞がミーム化,8月30日放送のTBS系日曜劇場『VIVANT』第2シーズンの第6話（第16話）に登場したリュウ・ミンシュエン（堺雅人）の台詞「私に嘘はつかないで」が大きな反響を呼んでいる。,https://news.yahoo.co.jp/pickup/6594044,https://twitter.com/TBS_VIVANT/status/2094046477236490448,9/3(木) 7:19
top-picks,読売新聞オンライン,自民の鈴木幹事長続投へ 首相意向,9/3(木) 6:58,https://news.yahoo.co.jp/pickup/6594042,https://news.yahoo.co.jp/articles/0974869e08731a9e0e0a671a7ed1a16be07979a0,9/3(木) 6:58
top-picks,ＡＦＰ＝時事,コンゴ エボラ死者が3000人超に,9/3(木) 6:45,https://news.yahoo.co.jp/pickup/6594041,https://news.yahoo.co.jp/articles/4f9a89b468a03bc19b2fe5509b06a721912433c5,9/3(木) 6:45
top-picks,tenki.jp,台風と秋雨前線 大雨長期化の恐れ,9/3(木) 6:29,https://news.yahoo.co.jp/pickup/6594040,https://news.yahoo.co.jp/articles/f9cce45fd7327d7e1e91d4d86ec0aeb34fb2fdd6,9/3(木) 6:29
top-picks,毎日新聞,「匿流」スマホ遠隔解析へ 提言,9/3(木) 6:14,https://news.yahoo.co.jp/pickup/6594038,https://news.yahoo.co.jp/articles/9d3598d6f0b5dc18d5f639a6ae25452d82d2e4c2,9/3(木) 6:14
top-picks,SOCCER DIGEST Web,MF中村敬斗 仏強豪のリヨン加入,9/3(木) 6:05,https://news.yahoo.co.jp/pickup/6594037,https://news.yahoo.co.jp/articles/4ea5d2b52798f2b667aac33533f491fb0645124e,9/3(木) 6:05
top-picks,TBS NEWS DIG Powered by JNN,T・ウッズ氏 5年間運転免許停止,9/3(木) 0:03,https://news.yahoo.co.jp/pickup/6594036,,9/3(木) 0:03
top-picks,オリコン,掲載写真に指6本指摘 週マガ声明,9/2(水) 23:45,https://news.yahoo.co.jp/pickup/6594035,https://news.yahoo.co.jp/articles/595d6619dd0210ea2372a5180d1999d34359067c,9/2(水) 23:45
top-picks,TBS NEWS DIG Powered by JNN,青森で猛烈な雨 災害発生の恐れ,9/2(水) 23:30,https://news.yahoo.co.jp/pickup/6594034,https://news.yahoo.co.jp/articles/e3d891fe36393fb5633cfa7b6f723e2d605356c3,9/2(水) 23:30
top-picks,共同通信,台湾・高雄市 熊本に1億5千万円,9/2(水) 23:11,https://news.yahoo.co.jp/pickup/6594033,,9/2(水) 23:11
top-picks,TBS NEWS DIG Powered by JNN,露大統領の主張巡り 木原氏が反論,9/2(水) 23:09,https://news.yahoo.co.jp/pickup/6594032,https://news.yahoo.co.jp/articles/73447f2c136ee42319cd62ec39d71a104ea1ab92,9/2(水) 23:09
top-picks,ABEMA TIMES,パワハラ報道巡り 東京MKが会見,9/2(水) 22:36,https://news.yahoo.co.jp/pickup/6594031,https://news.yahoo.co.jp/articles/5a22f3a2ef442ea36d6d74621d59fbe600ef5419,9/2(水) 22:36
top-picks,読売新聞オンライン,上皇さまの葬儀規模 大幅縮小検討,9/2(水) 21:43,https://news.yahoo.co.jp/pickup/6594027,https://news.yahoo.co.jp/articles/5d2a8e09ceff2c2021f98452a2c0c1b88fe5508a,9/2(水) 21:43
top-picks,Media info not found,長期金利「3%突破」は異常か,日本の10年金利が節目の３％を突破しました。節目水準を跨いだことを殊さらに強調するのは慎重でありたいのですが、ここで長期金利上昇の背景を整理します。①海外金利の上昇、②日銀の利上げ観測の高まり、③財政政策に対する反応、これら３つの要素に大別することができます。,https://news.yahoo.co.jp/pickup/6594029,https://www.fnn.jp/articles/-/1106060,9/2(水) 21:42
top-picks,Media info not found,学校以外の居場所 様々な選択肢,子供たちが不安定になりやすい夏休み明け、長崎県フリースクール連絡協議会の呼びかけで、長崎市など7つの市と2つの町の25カ所のフリースクールが9月1日から無料開放される。子供たちは好きな時間に来て、食事をしたり遊んだりできる。,https://news.yahoo.co.jp/pickup/6594000,https://www.ktn.co.jp/news/detail.php?id=20260831003,9/2(水) 21:38
top-picks,TBS NEWS DIG Powered by JNN,アニマルカフェ 国が実態調査へ,9/2(水) 21:27,https://news.yahoo.co.jp/pickup/6594025,,9/2(水) 21:27
top-picks,デイリースポーツ,広島から1試合4死球 一触即発状態,9/2(水) 21:14,https://news.yahoo.co.jp/pickup/6594024,https://news.yahoo.co.jp/articles/a4477db8554cf7437263bab0d436a79fc47045d7,9/2(水) 21:14
top-picks,ITmedia NEWS,ヨルシカ投稿画像AI疑惑 経緯説明,9/2(水) 21:02,https://news.yahoo.co.jp/pickup/6594020,https://news.yahoo.co.jp/articles/a4ca3fa0cb89a7e4aabc174f1323dc5511f2005e,9/2(水) 21:02
top-picks,Media info not found,長期金利3%は異常か 3つの背景,日本の10年金利が節目の３％を突破しました。節目水準を跨いだことを殊さらに強調するのは慎重でありたいのですが、ここで長期金利上昇の背景を整理します。①海外金利の上昇、②日銀の利上げ観測の高まり、③財政政策に対する反応、これら３つの要素に大別することができます。,https://news.yahoo.co.jp/pickup/6594003,https://www.fnn.jp/articles/-/1106060,9/2(水) 20:53
top-picks,時事通信,ファミマ おにぎり4品値下げ発表,9/2(水) 20:39,https://news.yahoo.co.jp/pickup/6594014,https://news.yahoo.co.jp/articles/82e59363db0dc62b72c11caa36c5956bcfa8bec0,9/2(水) 20:39
top-picks,ＫＲＹ山口放送,和菓子店の店主死亡 長男コメント,9/2(水) 20:24,https://news.yahoo.co.jp/pickup/6594016,https://news.yahoo.co.jp/articles/0ab09f9ddf9ad8ede5e90c6a47c7771188d2715e,9/2(水) 20:24
top-picks,サンケイスポーツ,ガッツさんお別れ会 はなわ熱唱,9/2(水) 20:04,https://news.yahoo.co.jp/pickup/6594013,https://news.yahoo.co.jp/articles/45235138c424c9f6525595a12bbb22d95ff7cf91,9/2(水) 20:04
top-picks,Media info not found,小籔が吉本退所 記者が感じた異変,小籔千豊さんが自身のインスタグラムで吉本興業からの退所を報告しました。吉本興業も公式ホームページで専属マネジメント契約を終了し来年からはパートナーシップ契約となることを発表しました。一人の芸人の枠にとどまらず、吉本興業の財産でもある吉本新喜劇の元座長、今も座員とのレギュラー番組を持つ立場だけに今後の展開が注目されますが、現時点で各所に取材をしたところ「未定」との言葉が返ってきました。,https://news.yahoo.co.jp/pickup/6594004,https://news.yahoo.co.jp/articles/cbab771e853294490d645ce6644addf3013d05b5,9/2(水) 19:48
top-picks,共同通信,LINEとPayPay 今夏の連携を延期,9/2(水) 19:40,https://news.yahoo.co.jp/pickup/6593978,,9/2(水) 19:40
top-picks,SPA!,公立小中で「教員不足」深刻 実態,9/2(水) 19:34,https://news.yahoo.co.jp/pickup/6594011,https://news.yahoo.co.jp/articles/ee92dd3ed154795998f7f5f80c9e855dda69b29a,9/2(水) 19:34
top-picks,読売新聞オンライン,25年前に勤務先生徒と性行為 処分,9/2(水) 19:33,https://news.yahoo.co.jp/pickup/6594012,https://news.yahoo.co.jp/articles/87516077a76bf1d71b7ff27ce2a6b1fc6e9341fd,9/2(水) 19:33
top-picks,tenki.jp,台風24号動き遅く 大雨長引く恐れ,9/2(水) 19:30,https://news.yahoo.co.jp/pickup/6594007,https://news.yahoo.co.jp/articles/3ca0e6bf2151f37c08372bbf308a46ea113dde3e,9/2(水) 19:30
top-picks,スポニチアネックス,堺雅人の中国語 現地SNSで話題,9/2(水) 19:07,https://news.yahoo.co.jp/pickup/6594009,https://news.yahoo.co.jp/articles/cb888c2dd08b3429db38b0661ae36c62a40a42a7,9/2(水) 19:07
top-picks,AERA DIGITAL,「スクイーズ」安全に遊ぶには,9/2(水) 18:38,https://news.yahoo.co.jp/pickup/6594006,https://news.yahoo.co.jp/articles/6ffe5a49b3a70691d254f7d59d855b6d095fd462,9/2(水) 18:38
top-picks,西日本新聞me,子の余命 他人から告げられ苦痛も,9/2(水) 18:10,https://news.yahoo.co.jp/pickup/6594001,https://news.yahoo.co.jp/articles/5e00269b365a1bca13d14dce615e8354f5ee3ff1,9/2(水) 18:10
top-picks,THE ANSWER,名馬ロマンチックウォリアー引退,9/2(水) 18:02,https://news.yahoo.co.jp/pickup/6594002,https://news.yahoo.co.jp/articles/5f049077b5e46d3991c005130895bbc3e5f28a25,9/2(水) 18:02
top-picks,Hint-Pot,きえないで 新学期に水族館が投稿,9/2(水) 17:54,https://news.yahoo.co.jp/pickup/6593999,https://news.yahoo.co.jp/articles/fead7e152ddb24c4003141384af2ab79ceeaae73,9/2(水) 17:54
top-picks,スポニチアネックス,小籔が吉本退所へ 後悔せんように,9/2(水) 17:22,https://news.yahoo.co.jp/pickup/6593995,https://news.yahoo.co.jp/articles/4e65989e69f15def4d1cd7af829cca5ebff20dad,9/2(水) 17:22
top-picks,スポニチアネックス,柔道・正木嘉美さん死去 64歳,9/2(水) 17:18,https://news.yahoo.co.jp/pickup/6593996,https://news.yahoo.co.jp/articles/6c705c7e678909b62dca27202fca49c963507822,9/2(水) 17:18
top-picks,CNN.co.jp,湖上から「浮島」が消失 カナダ,9/2(水) 17:16,https://news.yahoo.co.jp/pickup/6593993,https://news.yahoo.co.jp/articles/bc9e81bdf7ded9dc2cda649790d5c458bf014f87,9/2(水) 17:16
top-picks,MBSニュース,バルサ 育成施設を奈良で運営意向,9/2(水) 17:14,https://news.yahoo.co.jp/pickup/6593994,https://news.yahoo.co.jp/articles/787564761ea7595b03f54e27e493767ee57cb87f,9/2(水) 17:14
top-picks,テレビ朝日系（ANN）,風磨キメ顔 会場の反応にクレーム,9/2(水) 16:59,https://news.yahoo.co.jp/pickup/6593992,https://news.yahoo.co.jp/articles/a9516f148ada29a538e553fe3bf20fc413f4ba0b,9/2(水) 16:59
top-picks,Full-Count,ド軍大敗 大谷は11試合ノーアーチ,9/2(水) 16:58,https://news.yahoo.co.jp/pickup/6593990,https://news.yahoo.co.jp/articles/cf647e5eed92de79ca981f9636334c0c6b5a6c36,9/2(水) 16:58
top-picks,毎日新聞,日本郵便に勧告 フリーランス巡り,9/2(水) 16:55,https://news.yahoo.co.jp/pickup/6593989,https://news.yahoo.co.jp/articles/554d83e9ed0ff4da83261322f02fd0fcd70597a3,9/2(水) 16:55
top-picks,くるまのニュース,パジェロ復活 なぜ今本格クロカン,9/2(水) 16:49,https://news.yahoo.co.jp/pickup/6593987,https://news.yahoo.co.jp/articles/ac9b9f07fe012fddde2afb4ef625682ae50636ba,9/2(水) 16:49
top-picks,FNNプライムオンライン（フジテレビ系）,「美人局」疑い 高校生ら5人逮捕,9/2(水) 16:47,https://news.yahoo.co.jp/pickup/6593988,,9/2(水) 16:47
top-picks,テレビ朝日系（ANN）,菊池風磨がキメ顔 会場から笑い声,9/2(水) 16:34,https://news.yahoo.co.jp/pickup/6593985,https://news.yahoo.co.jp/articles/a9516f148ada29a538e553fe3bf20fc413f4ba0b,9/2(水) 16:34
top-picks,読売テレビ,あべちか強殺未遂事件 男公開手配,9/2(水) 16:32,https://news.yahoo.co.jp/pickup/6593986,https://news.yahoo.co.jp/articles/60b69d7b4892acb18185f9dae365d4fee569be77,9/2(水) 16:32
top-picks,ＡＦＰ＝時事,土石流1週間 不明者の捜索は難航,9/2(水) 16:18,https://news.yahoo.co.jp/pickup/6593984,https://news.yahoo.co.jp/articles/da2d3e777cccc34d57c13643fc6744c50a7d69c8,9/2(水) 16:18
top-picks,スポーツ報知,ヤクルト・石川雅規46歳 引退発表,9/2(水) 15:53,https://news.yahoo.co.jp/pickup/6593982,https://news.yahoo.co.jp/articles/bd61d2c780b71231eb147ea4f64802c34fa90f66,9/2(水) 15:53
top-picks,ウェザーマップ,週後半 太平洋側で長期間大雨恐れ,9/2(水) 15:52,https://news.yahoo.co.jp/pickup/6593981,https://news.yahoo.co.jp/articles/a898aaa5908fb65f72ec9cc3619bb926bd93a05f,9/2(水) 15:52
top-picks,CBCテレビ,伊勢の商店街火災 44時間後に鎮火,9/2(水) 15:49,https://news.yahoo.co.jp/pickup/6593980,https://news.yahoo.co.jp/articles/a6ec4bf261f28098cbfa2ab3ead8ddd90aa3e635,9/2(水) 15:49
top-picks,テレビ朝日系（ANN）,長期金利3% 住宅ローンの相談殺到,9/2(水) 15:45,https://news.yahoo.co.jp/pickup/6593983,https://news.yahoo.co.jp/articles/e090a53c54fd236be4d58466cdae4d079cb2a653,9/2(水) 15:45
top-picks,MBSニュース,殺人未遂疑いで17歳逮捕 父親死亡,9/2(水) 15:12,https://news.yahoo.co.jp/pickup/6593976,https://news.yahoo.co.jp/articles/60b4e4f82a60d2b7236ddc25a1ad19f5cd1f4d64,9/2(水) 15:12
top-picks,スポニチアネックス,具志堅 涙声でガッツさんにお別れ,9/2(水) 15:05,https://news.yahoo.co.jp/pickup/6593975,https://news.yahoo.co.jp/articles/2e75d8fbb7a461ece32ae57a132c15d577f69c07,9/2(水) 15:05
top-picks,テレビ朝日系（ANN）,車田正美氏 46億円の横領被害訴え,9/2(水) 14:50,https://news.yahoo.co.jp/pickup/6593974,https://news.yahoo.co.jp/articles/427d3a5c5fccef6e39a608aff9b7df4c7bb59506,9/2(水) 14:50
top-picks,日刊自動車新聞,三菱自 新型パジェロを世界初公開,9/2(水) 14:22,https://news.yahoo.co.jp/pickup/6593972,https://news.yahoo.co.jp/articles/cef4a6847f21a926f887a9d9b653f5e2ae2b3df7,9/2(水) 14:22
top-picks,tenki.jp,北日本で大雨 広範囲で雷雨に注意,9/2(水) 14:17,https://news.yahoo.co.jp/pickup/6593973,https://news.yahoo.co.jp/articles/c408b003e8b68743b2ad185ece465092d0bba16e,9/2(水) 14:17
top-picks,デイリースポーツ,大谷の肘に死球 本拠地ブーイング,9/2(水) 14:15,https://news.yahoo.co.jp/pickup/6593971,https://news.yahoo.co.jp/articles/e2042bebc25056c66e3dd1c73377b89d52ad2fc5,9/2(水) 14:15
top-picks,読売新聞オンライン,論文査読にAI活用 誤情報リスクも,9/2(水) 13:55,https://news.yahoo.co.jp/pickup/6593969,,9/2(水) 13:55
top-picks,スポニチアネックス,アニメ監督・柳瀬雄之さん死去,9/2(水) 13:54,https://news.yahoo.co.jp/pickup/6593970,https://news.yahoo.co.jp/articles/7857f6b23f3df1b54341c6f9813f6b549185f778,9/2(水) 13:54
top-picks,沖縄タイムス,犬のヤギ襲撃 宮古島市で今年突出,9/2(水) 13:37,https://news.yahoo.co.jp/pickup/6593968,https://news.yahoo.co.jp/articles/7f0427d4ad77ecce4e7ff044e467dbe56206b06d,9/2(水) 13:37
top-picks,オリコン,小籔千豊 吉本興業を年内で退社,9/2(水) 13:30,https://news.yahoo.co.jp/pickup/6593967,https://news.yahoo.co.jp/articles/616e99d031c4fad00e615bbf98917bae4e81895c,9/2(水) 13:30
top-picks,ロイター,GoPro 米企業に株式90%売却へ,9/2(水) 13:07,https://news.yahoo.co.jp/pickup/6593966,https://news.yahoo.co.jp/articles/8fad8b7b186240bc00c83c5558e3df666d9aa79a,9/2(水) 13:07
top-picks,Media info not found,「街の顔」百貨店の閉店加速 背景,東京・渋谷で58年間営業してきた西武渋谷店が、9月30日に営業を終了します。,https://news.yahoo.co.jp/pickup/6593962,https://twitter.com/Art_meets_Life/status/2094576082905370821,9/2(水) 12:47
top-picks,読売新聞オンライン,合流頓挫の中道 立憲系の動向焦点,9/2(水) 12:10,https://news.yahoo.co.jp/pickup/6593956,https://news.yahoo.co.jp/articles/88aa4c7da1eb22408030699a54e37749aebf53a3,9/2(水) 12:10
top-picks,毎日新聞,車田正美さん 28億円賠償求め提訴,9/2(水) 12:03,https://news.yahoo.co.jp/pickup/6593960,https://news.yahoo.co.jp/articles/310a009b8fb35929fd21091d1abb59cdf43e47ea,9/2(水) 12:03
top-picks,ENCOUNT,もやもや病 過酷な後遺症への工夫,9/2(水) 12:01,https://news.yahoo.co.jp/pickup/6593959,https://news.yahoo.co.jp/articles/e373eab89d0c75a8aa4a875e5fc7898216578306,9/2(水) 12:01
top-picks,デイリースポーツ,岸優太が始球式に 速球にどよめき,9/2(水) 11:56,https://news.yahoo.co.jp/pickup/6593958,https://news.yahoo.co.jp/articles/c03fba639cd1cb2dd0e1aec71ba1f2bb30506a14,9/2(水) 11:56
top-picks,読売新聞オンライン,都城市キャラと市職員 M-1出場へ,9/2(水) 11:46,https://news.yahoo.co.jp/pickup/6593957,https://news.yahoo.co.jp/articles/d8eeeacc1f163dbe986828b70fd5b804d9e0b64b,9/2(水) 11:46
top-picks,時事通信,露大統領 関係悪化は日本に全責任,9/2(水) 11:36,https://news.yahoo.co.jp/pickup/6593953,https://news.yahoo.co.jp/articles/79430d0c7ac95938851fbe9e9155989bbe6e609f,9/2(水) 11:36
top-picks,オリコン,丸岡いずみ 四国大の特認教授就任,9/2(水) 11:26,https://news.yahoo.co.jp/pickup/6593952,https://news.yahoo.co.jp/articles/c1ee9f9299cf7b2cd6b84c1d4ac9a53f0c0f7132,9/2(水) 11:26
top-picks,時事通信,同姓が条件 婚活パーティーの狙い,9/2(水) 11:18,https://news.yahoo.co.jp/pickup/6593950,https://news.yahoo.co.jp/articles/209bf4fdea913d46efc2aa73a01722b65b18eb1f,9/2(水) 11:18
top-picks,テレビ朝日系（ANN）,アクアラインで衝突事故 1人死亡,9/2(水) 10:52,https://news.yahoo.co.jp/pickup/6593949,https://news.yahoo.co.jp/articles/7039e2f602f5fce1bd25922c57fd8721896bc43e,9/2(水) 10:52
top-picks,TBS NEWS DIG Powered by JNN,ネパール土石流 間一髪だった邦人,9/2(水) 10:41,https://news.yahoo.co.jp/pickup/6593948,https://news.yahoo.co.jp/articles/a648dd5b1770f16b6eabd849b0d5d65351cba61b,9/2(水) 10:41
top-picks,デイリースポーツ,ドジャース 大量6選手入れ替え,9/2(水) 10:33,https://news.yahoo.co.jp/pickup/6593946,https://news.yahoo.co.jp/articles/dd4dfc0442b567817b7080e9cb37979974ab175f,9/2(水) 10:33
top-picks,オリコン,一ノ瀬ワタル Netflix作品で主演,9/2(水) 10:16,https://news.yahoo.co.jp/pickup/6593947,https://news.yahoo.co.jp/articles/fe776da61ed94eda93a341378db85a2dc6b5a13c,9/2(水) 10:16
top-picks,オリコン,一ノ瀬ワタル ネトフリ作品で主演,9/2(水) 10:07,https://news.yahoo.co.jp/pickup/6593945,https://news.yahoo.co.jp/articles/fe776da61ed94eda93a341378db85a2dc6b5a13c,9/2(水) 10:07
top-picks,毎日新聞,米財務長官 日本の円安是正を支持,9/2(水) 10:02,https://news.yahoo.co.jp/pickup/6593944,https://news.yahoo.co.jp/articles/97ff0abedcfdeaab65c62d219a6b7868c04713ea,9/2(水) 10:02
top-picks,サッカーキング,菅原由勢 セリエA・カリアリ移籍,9/2(水) 9:43,https://news.yahoo.co.jp/pickup/6593943,https://news.yahoo.co.jp/articles/9cc939ea9382418e4bdc296dce816fbe8c9c802d,9/2(水) 9:43
top-picks,FNNプライムオンライン（フジテレビ系）,米攻撃 イラン結婚式4人死亡報道,9/2(水) 9:31,https://news.yahoo.co.jp/pickup/6593942,https://news.yahoo.co.jp/articles/63d7af992f04ce92c7574406980a64aeb14360c7,9/2(水) 9:31
top-picks,共同通信,マスク氏がEUを批判 G20関連会合,9/2(水) 9:18,https://news.yahoo.co.jp/pickup/6593941,https://news.yahoo.co.jp/articles/be6f8bdbe22219e009707957a24c22d19b8c4b0b,9/2(水) 9:18
top-picks,読売新聞オンライン,ネパール土石流 時速167kmか,9/2(水) 8:54,https://news.yahoo.co.jp/pickup/6593938,https://news.yahoo.co.jp/articles/33720d1c3a913205b8f116412da0879ff3f2097c,9/2(水) 8:54
top-picks,朝日新聞,日本郵便の取材回答 総務省介入か,9/2(水) 8:46,https://news.yahoo.co.jp/pickup/6593937,https://news.yahoo.co.jp/articles/854b053434c0b6e062e871ffb23417ca787e7546,9/2(水) 8:46
top-picks,読売新聞オンライン,ツムラが「養命酒製造」買収完了,9/2(水) 8:23,https://news.yahoo.co.jp/pickup/6593936,https://news.yahoo.co.jp/articles/782d80595423d83e3e516dba5ee8153bb5644774,9/2(水) 8:23
top-picks,BSS山陰放送,鳥取県職員が阿部寛まねPR 反響,9/2(水) 8:17,https://news.yahoo.co.jp/pickup/6593934,https://news.yahoo.co.jp/articles/529399d48b935877a90c5e8c09c45eccc3ddc894,9/2(水) 8:17
top-picks,tenki.jp,厳しい残暑 熊本など猛暑日の予想,9/2(水) 8:05,https://news.yahoo.co.jp/pickup/6593932,https://news.yahoo.co.jp/articles/ac1338a8f35b3e8856873ee50dc4725ad4ce3384,9/2(水) 8:05
top-picks,Bloomberg,SBエナジー 米国でIPOを申請,9/2(水) 7:46,https://news.yahoo.co.jp/pickup/6593931,https://news.yahoo.co.jp/articles/440cbe082c2872078cacf31c3b51edb1a90fc59f,9/2(水) 7:46
top-picks,ロイター,ウ大統領 ロシア領空は事実上閉鎖,9/2(水) 7:44,https://news.yahoo.co.jp/pickup/6593929,https://news.yahoo.co.jp/articles/f41bcb3d447e40bbf5d0cb5e5f6efcff99db3915,9/2(水) 7:44
top-picks,スポーツ報知,俳優・藤原季節 ボクシングで敗戦,9/2(水) 7:36,https://news.yahoo.co.jp/pickup/6593930,https://news.yahoo.co.jp/articles/dc55702edb3788a5d436d97f32ba24a271b2fc00,9/2(水) 7:36
top-picks,オリコン,異例連ドラ 全話シンガポール撮影,9/2(水) 7:33,https://news.yahoo.co.jp/pickup/6593928,https://news.yahoo.co.jp/articles/d19fb1f26a33852ef8d84adb44ab979ba8464ba0,9/2(水) 7:33
top-picks,RBC琉球放送,ホテルに放火疑い 米旅行者を逮捕,9/2(水) 7:26,https://news.yahoo.co.jp/pickup/6593927,https://news.yahoo.co.jp/articles/c5a4b42fd69ba97b3ea0b734da7af5039e492874,9/2(水) 7:26
top-picks,スポーツ報知,俳優藤原季節 ボクシングTKO負け,9/2(水) 7:22,https://news.yahoo.co.jp/pickup/6593925,https://news.yahoo.co.jp/articles/dc55702edb3788a5d436d97f32ba24a271b2fc00,9/2(水) 7:22
top-picks,RBC琉球放送,ホテル火災 放火疑い米旅行者逮捕,9/2(水) 7:13,https://news.yahoo.co.jp/pickup/6593924,https://news.yahoo.co.jp/articles/c5a4b42fd69ba97b3ea0b734da7af5039e492874,9/2(水) 7:13
top-picks,Full-Count,エンゼルス 球団売却を正式発表,9/2(水) 6:56,https://news.yahoo.co.jp/pickup/6593923,https://news.yahoo.co.jp/articles/2744d1c13f9848b3e1e2dedc827be3c3549a7acb,9/2(水) 6:56
top-picks,TBS NEWS DIG Powered by JNN,米軍がイラン攻撃 革命防衛隊標的,9/2(水) 6:41,https://news.yahoo.co.jp/pickup/6593922,https://news.yahoo.co.jp/articles/50648ec10526206ff3dfd7942e61cb86a25577f1,9/2(水) 6:41
top-picks,サンケイスポーツ,ヤクルト石川雅規 今季限りで引退,9/2(水) 6:32,https://news.yahoo.co.jp/pickup/6593921,https://news.yahoo.co.jp/articles/db41ce22ccc6e7421d863cdbc32abef9ca19defc,9/2(水) 6:32
top-picks,ＡＴＶ青森テレビ,青森県弘前市など大雨 1時間90mm,9/2(水) 6:24,https://news.yahoo.co.jp/pickup/6593920,https://news.yahoo.co.jp/articles/000556873bb5818f4022542c12a1495088447239,9/2(水) 6:24
top-picks,日刊スポーツ,阪神森下の顔付近に投球 怒号飛ぶ,9/1(火) 23:43,https://news.yahoo.co.jp/pickup/6593917,https://news.yahoo.co.jp/articles/4b21e792cf1559bea5b5c2dd6ba0df56be2f2787,9/1(火) 23:43
top-picks,読売新聞オンライン,フラット35 9月の適用金利3.46%,9/1(火) 23:33,https://news.yahoo.co.jp/pickup/6593916,https://news.yahoo.co.jp/articles/15a2071edb00728e775f5d15d6f7bacac43b4b62,9/1(火) 23:33
top-picks,産経新聞,防災庁を11月創設へ 課題は山積,9/1(火) 23:18,https://news.yahoo.co.jp/pickup/6593915,https://news.yahoo.co.jp/articles/e3c62cc16bcdb75a047a9b832c4f8507022eb0ee,9/1(火) 23:18
top-picks,ロイター,スターマー英前首相 議員辞職へ,9/1(火) 23:10,https://news.yahoo.co.jp/pickup/6593914,https://news.yahoo.co.jp/articles/09a8588ad01dbc6795ed2e77b10f34e7f20c5c4e,9/1(火) 23:10
top-picks,GQ JAPAN,レクサス 新型「NX」世界初公開,9/1(火) 22:58,https://news.yahoo.co.jp/pickup/6593911,https://news.yahoo.co.jp/articles/36a96eaf91a360e41f36a6286d9722153986c0de,9/1(火) 22:58
top-picks,西スポWEB OTTO!,ミス続くSB栗原 何とでも書いて,9/1(火) 22:34,https://news.yahoo.co.jp/pickup/6593910,https://news.yahoo.co.jp/articles/c6ac2953566fb38e73cc5d113ad48102b4890dcc,9/1(火) 22:34
top-picks,ＫＹＴ鹿児島読売テレビ,牛三つ子誕生の牧場 4日後双子も,9/1(火) 22:23,https://news.yahoo.co.jp/pickup/6593909,https://news.yahoo.co.jp/articles/b2fbe450d0ee95c10bce2ef2bc2ad0f1e8913a70,9/1(火) 22:23
top-picks,Media info not found,「走る回転寿司店」成功するか,　二階建ての観光バスの上で、景色を眺めながら回転寿司を楽しむ。そんな世界初の「走る回転寿司」がこの秋にスタートするということで、注目を集めています。企画・運営は『株式会社SUSHI BUS』が担い、独自開発した2階建てレストランバスをレンタルする『WILLER ACROSS株式会社』と共同で、2026年10月より運行するとのことです。,https://news.yahoo.co.jp/pickup/6593906,https://www.timeout.jp/tokyo/ja/news/sushi-bus-to-debut-in-tokyo-in-october-2026-082026,9/1(火) 22:04
top-picks,BSS山陰放送,「エクモ」で接続ミス 患者が重体,9/1(火) 21:50,https://news.yahoo.co.jp/pickup/6593905,https://news.yahoo.co.jp/articles/3c0437e3f15365ce4f0281459e47ba966b61c1e0,9/1(火) 21:50
top-picks,朝日新聞,学歴ネタ動画 福島大の学長が反発,9/1(火) 21:34,https://news.yahoo.co.jp/pickup/6593903,https://news.yahoo.co.jp/articles/db47070fc98d7457552febb57fb68cf220871b2d,9/1(火) 21:34
top-picks,FNNプライムオンライン,車にはねられ女性死亡 75歳逮捕,9/1(火) 21:03,https://news.yahoo.co.jp/pickup/6593900,https://news.yahoo.co.jp/articles/5d4660ff007ad6725879defe3a5aeb648f3278ba,9/1(火) 21:03
top-picks,オリコン,体操「誠お兄さん」特任助教就任,9/1(火) 21:01,https://news.yahoo.co.jp/pickup/6593901,https://news.yahoo.co.jp/articles/abe9bbf51cf9f9c7d3a1fea8bdc53a206e37ec86,9/1(火) 21:01
top-picks,TBS NEWS DIG Powered by JNN,ラーメンの缶詰も 防災グッズ進化,9/1(火) 20:51,https://news.yahoo.co.jp/pickup/6593898,https://news.yahoo.co.jp/articles/207dbbced61924138d782c2716863e333740c66a,9/1(火) 20:51
top-picks,J-CASTニュース,景品巡るX投稿拡散 くら寿司説明,9/1(火) 20:40,https://news.yahoo.co.jp/pickup/6593896,https://news.yahoo.co.jp/articles/8089002006f9f8632ac610985fbc2ac0eec82ef6,9/1(火) 20:40
top-picks,Full-Count,沖縄尚学・末吉ら プロ志望届提出,9/1(火) 20:39,https://news.yahoo.co.jp/pickup/6593897,https://news.yahoo.co.jp/articles/229dd0894f3246a8d6afe4112cd3304c48138f74,9/1(火) 20:39
top-picks,ロイター,キユーピー マヨネーズなど値上げ,9/1(火) 20:30,https://news.yahoo.co.jp/pickup/6593895,https://news.yahoo.co.jp/articles/bfd9bb439b29bea01227f623729741e45b9b6dd8,9/1(火) 20:30
top-picks,ミヤギテレビ,図書館で大量の本が所在不明 宮城,9/1(火) 20:15,https://news.yahoo.co.jp/pickup/6593894,https://news.yahoo.co.jp/articles/49b1c65a4547008e04fb498fb59e624cbabff0f8,9/1(火) 20:15
top-picks,ENCOUNT,まどマギ新作映画 興収10億円突破,9/1(火) 20:08,https://news.yahoo.co.jp/pickup/6593893,https://news.yahoo.co.jp/articles/851696e2b00677bee0effd98dedea47fa9dffd6e,9/1(火) 20:08
top-picks,日刊スポーツ,ホリエモン愛馬が重賞初制覇 盛岡,9/1(火) 19:52,https://news.yahoo.co.jp/pickup/6593892,https://news.yahoo.co.jp/articles/ae57b838c00a1d3666344b60aac9e18868156b6f,9/1(火) 19:52
top-picks,関西テレビ,悔しい 性被害訴える女性検事退職,9/1(火) 19:32,https://news.yahoo.co.jp/pickup/6593891,https://news.yahoo.co.jp/articles/22fb4c3ab8364db09538050926f5187d892ce139,9/1(火) 19:32
top-picks,日刊スポーツ,高木美帆氏 国民栄誉賞の包丁実用,9/1(火) 19:18,https://news.yahoo.co.jp/pickup/6593890,https://news.yahoo.co.jp/articles/efbe003343083ca7c0442d4b242bfb48f9d4ea23,9/1(火) 19:18
top-picks,週刊女性PRIME,上高地のバス大混雑 需要が過多,9/1(火) 19:02,https://news.yahoo.co.jp/pickup/6593888,https://news.yahoo.co.jp/articles/c9cdfddbcd243cb83f1f664292e839646a619cab,9/1(火) 19:02
top-picks,読売新聞オンライン,生活道路の30km/h制限 周知に課題,9/1(火) 18:58,https://news.yahoo.co.jp/pickup/6593887,https://news.yahoo.co.jp/articles/1e820f4a4233619cf9400335dcb7da3f290b5bf5,9/1(火) 18:58
top-picks,時事通信,ピジョン 哺乳瓶など値上げへ,9/1(火) 18:20,https://news.yahoo.co.jp/pickup/6593882,https://news.yahoo.co.jp/articles/16682b38c8d17253ef8c9069ded8ced797373a0e,9/1(火) 18:20
top-picks,毎日新聞,大阪メトロ路線バスEV化見直しへ,9/1(火) 18:20,https://news.yahoo.co.jp/pickup/6593883,https://news.yahoo.co.jp/articles/4a8edabd29ecafdf0169f4b356dcb2f5e8586dba,9/1(火) 18:20
top-picks,朝日新聞,ネパール土石流 観光への影響懸念,9/1(火) 18:10,https://news.yahoo.co.jp/pickup/6593880,https://news.yahoo.co.jp/articles/9c26600233f9b1ee6931f26f3ef0cbe1c031caa5,9/1(火) 18:10
top-picks,Media info not found,サッカー韓国代表監督 なぜ暫定,大韓サッカー協会（KFA）は9月1日、スペイン人指揮官のロベルト・モレノ氏（48）を暫定監督に選任した。代表監督では初めて公募方式を採用し、契約は11月27日まで。まず国際Aマッチ6試合を指揮し、評価次第では2027年1月のアジアカップまで延長される。W杯敗退に加え、協会運営を巡る問題で信頼を失った韓国サッカーは、なぜモレノ氏に再建を託したのか。,https://news.yahoo.co.jp/pickup/6593881,https://www.starnewskorea.com/ja/sports/2026/09/01/2026090111254668506,9/1(火) 18:04
top-picks,共同通信,高校で車が横転 生徒の遺族が提訴,9/1(火) 17:58,https://news.yahoo.co.jp/pickup/6593879,https://news.yahoo.co.jp/articles/5a63bf77633dd128e913f9a728c59abe66370f6f,9/1(火) 17:58
top-picks,Media info not found,韓国サッカー 監督の人選巡る事情,大韓サッカー協会（KFA）は9月1日、スペイン人指揮官のロベルト・モレノ氏（48）を暫定監督に選任した。代表監督では初めて公募方式を採用し、契約は11月27日まで。まず国際Aマッチ6試合を指揮し、評価次第では2027年1月のアジアカップまで延長される。W杯敗退に加え、協会運営を巡る問題で信頼を失った韓国サッカーは、なぜモレノ氏に再建を託したのか。,https://news.yahoo.co.jp/pickup/6593875,https://www.starnewskorea.com/ja/sports/2026/09/01/2026090111254668506,9/1(火) 17:48
top-picks,毎日新聞,秋山さん死去 宇宙から第一声話題,9/1(火) 17:45,https://news.yahoo.co.jp/pickup/6593877,https://news.yahoo.co.jp/articles/cc9099be2f84b4b52a60a75f085e4f1dbc2d5729,9/1(火) 17:45
top-picks,西日本新聞me,妻を亡くした医師語る 喪失の影響,9/1(火) 17:28,https://news.yahoo.co.jp/pickup/6593874,https://news.yahoo.co.jp/articles/ce2ddb9c1c78513ec9da042088b1dff6232dda17,9/1(火) 17:28
top-picks,MBSニュース,みんなで大家さん 事実上の終了へ,9/1(火) 17:25,https://news.yahoo.co.jp/pickup/6593873,https://news.yahoo.co.jp/articles/da595b32e1690211ccf72874b8c05049d77795a6,9/1(火) 17:25
top-picks,INTERNET Watch,noteなど 大規模PF事業者に指定,9/1(火) 17:22,https://news.yahoo.co.jp/pickup/6593872,https://news.yahoo.co.jp/articles/aa8098195c41e4883ee255b4b1b46d65c35b1c16,9/1(火) 17:22
top-picks,,東出昌大「被災想定生活」気づき,9/1(火) 17:06,https://news.yahoo.co.jp/pickup/6593870,,9/1(火) 17:06
top-picks,文春オンライン,小野田氏側は否定 公選法違反疑い,9/1(火) 17:01,https://news.yahoo.co.jp/pickup/6593869,https://news.yahoo.co.jp/articles/9519f14f843e29ff2406801c53f7a9df21e21722,9/1(火) 17:01
top-picks,TBS NEWS DIG Powered by JNN,ガソリン補助に6136億円 閣議決定,9/1(火) 16:43,https://news.yahoo.co.jp/pickup/6593867,https://news.yahoo.co.jp/articles/5f62f27fbea4da742bd11bc04cb66bdb0e40ce69,9/1(火) 16:43
top-picks,tenki.jp,9月も台風シーズン 日頃の備えを,9/1(火) 16:38,https://news.yahoo.co.jp/pickup/6593864,https://news.yahoo.co.jp/articles/92c1099752a89ff6624c5d24b71c18c6f5d8482a,9/1(火) 16:38
top-picks,朝日新聞,人口約300人の島 村長選に変化,9/1(火) 16:24,https://news.yahoo.co.jp/pickup/6593863,https://news.yahoo.co.jp/articles/747a6c6614fdd89c549726eae49e0622e88aa163,9/1(火) 16:24
top-picks,ITmedia NEWS,福島大 研究巡る動画内発言に苦言,9/1(火) 16:23,https://news.yahoo.co.jp/pickup/6593861,https://news.yahoo.co.jp/articles/30c8a4a991633a639b6fd105d49ef668c8db3e64,9/1(火) 16:23
top-picks,フットボールチャンネル,メッシ代表引退 盟友たちが惜別,9/1(火) 16:18,https://news.yahoo.co.jp/pickup/6593862,https://news.yahoo.co.jp/articles/a22dd5583a6f3f8c4c1ce25765daff74514602bb,9/1(火) 16:18
top-picks,朝日新聞,スシローNY店開業へ 1皿800円～,9/1(火) 15:52,https://news.yahoo.co.jp/pickup/6593860,https://news.yahoo.co.jp/articles/073db2b463b32d9aa2b42701c6d801ce674e591c,9/1(火) 15:52
top-picks,FASHIONSNAP,服ブランド「hakka kids」休止へ,9/1(火) 15:45,https://news.yahoo.co.jp/pickup/6593858,https://news.yahoo.co.jp/articles/0db1d4cbf81695b81d61b9edf9bf6b98a50d3170,9/1(火) 15:45
top-picks,ロイター,米でもクマの出没が急増 餌不足,9/1(火) 15:38,https://news.yahoo.co.jp/pickup/6593854,,9/1(火) 15:38
top-picks,朝日新聞,スシロー 10月に米国で初出店,9/1(火) 15:37,https://news.yahoo.co.jp/pickup/6593856,https://news.yahoo.co.jp/articles/073db2b463b32d9aa2b42701c6d801ce674e591c,9/1(火) 15:37
top-picks,TBS NEWS DIG Powered by JNN,残業一律抑制 9/1から取りやめ,9/1(火) 15:07,https://news.yahoo.co.jp/pickup/6593850,https://news.yahoo.co.jp/articles/22730ff0c6e08d45ab0209fbeac4a13bd098e326,9/1(火) 15:07
top-picks,毎日新聞,ネパール・中国土石流 死者千人超,9/1(火) 15:04,https://news.yahoo.co.jp/pickup/6593852,https://news.yahoo.co.jp/articles/c29b072fcdba322fd880c25ad5dcc33b12b9b1c4,9/1(火) 15:04
top-picks,ロイター,ドリスコル米陸軍長官 辞表を提出,9/1(火) 14:18,https://news.yahoo.co.jp/pickup/6593848,https://news.yahoo.co.jp/articles/b0da01b77cd0c8d01993f1398615f5d108ac1603,9/1(火) 14:18
top-picks,スポーツ報知,大坂なおみ 全米OPでド派手衣装,9/1(火) 14:01,https://news.yahoo.co.jp/pickup/6593846,https://news.yahoo.co.jp/articles/6725373307c66d73beb50259ec12374feee9ac59,9/1(火) 14:01
top-picks,サッカーキング,サッカー韓国代表 暫定監督を発表,9/1(火) 13:57,https://news.yahoo.co.jp/pickup/6593847,https://news.yahoo.co.jp/articles/2f8227b395dc0381235e645410795ad9af105ff6,9/1(火) 13:57
top-picks,Media info not found,中国 南米の生活に根を張る理由は,　中国のラテンアメリカ進出を考える際、巨大港湾やダムだけに目を奪われてはならない。中国は巨大経済圏構想「一帯一路」の下で港湾や道路、鉄道、発電所など大型インフラへの投資を各地で進める一方、近年は電気バス、配電網、監視カメラ、緊急通報システムなど、市民生活に近い分野でも存在感を強めているからだ。ただ、中国製品の普及が直ちに政治的な「支配」を意味するわけではない。問題は、機器の納入から保守、ソフトウエア更新、融資、人材育成までを特定の国や企業に頼ることで、将来の選択肢が狭まる可能性にある。,https://news.yahoo.co.jp/pickup/6593837,https://news.yahoo.co.jp/articles/565978c69c7746525a12fdfe6829b16fef666939,9/1(火) 13:31
top-picks,共同通信,宇宙ビジネス拡大視野 日米が覚書,9/1(火) 13:13,https://news.yahoo.co.jp/pickup/6593843,https://news.yahoo.co.jp/articles/43e160ad982972b5675fc779984aaf44a47ddd4e,9/1(火) 13:13
top-picks,関西テレビ,USJ拡張 市有地3ha賃貸で協議へ,9/1(火) 13:01,https://news.yahoo.co.jp/pickup/6593842,https://news.yahoo.co.jp/articles/95a1ac2b39e3f92032d1ce5dccaa9f87e7f0d0e6,9/1(火) 13:01
top-picks,日テレNEWS NNN,ネパール 遺体の身元特定が難航,9/1(火) 12:47,https://news.yahoo.co.jp/pickup/6593840,https://news.yahoo.co.jp/articles/0464708522911db11fb0d7318ae4ce87870683a4,9/1(火) 12:47
top-picks,毎日新聞,長期金利一時3% 30年ぶり高水準,9/1(火) 12:42,https://news.yahoo.co.jp/pickup/6593841,https://news.yahoo.co.jp/articles/0c447a8c9dc33f6396a4d19a50abcadb181fbbbb,9/1(火) 12:42
top-picks,時事通信,防災の日 政府が震度7想定し訓練,9/1(火) 12:33,https://news.yahoo.co.jp/pickup/6593839,https://news.yahoo.co.jp/articles/b0b6ad68f02f6f2195e360f7158e24f1b1073e0b,9/1(火) 12:33
top-picks,ITmedia ビジネスオンライン,「働きたい年齢」平均62歳に 調査,9/1(火) 12:21,https://news.yahoo.co.jp/pickup/6593834,https://news.yahoo.co.jp/articles/8c3d80ae8c05f6e8c1c02cca45ab86a01098bc9f,9/1(火) 12:21
top-picks,朝日新聞,秋山豊寛さん死去 90年に宇宙飛行,9/1(火) 12:11,https://news.yahoo.co.jp/pickup/6593838,https://news.yahoo.co.jp/articles/186a1a771581675e902c43b58b23df6771188e04,9/1(火) 12:11
top-picks,ウェザーマップ,台風24号発生 週後半は大雨の恐れ,9/1(火) 11:34,https://news.yahoo.co.jp/pickup/6593833,https://news.yahoo.co.jp/articles/bacb0d290ed26bd6a0533cbb87d3238ff488d7a1,9/1(火) 11:34
top-picks,帝国データバンク,唐揚げ専門店 過当競争が落ち着き,9/1(火) 11:28,https://news.yahoo.co.jp/pickup/6593831,https://news.yahoo.co.jp/articles/fd806962b94c543d65e6b419a2afe08efff65c99,9/1(火) 11:28
top-picks,日テレNEWS NNN,伊達みきおが休養 脳梗塞とは,9/1(火) 11:26,https://news.yahoo.co.jp/pickup/6593832,https://news.yahoo.co.jp/articles/922ec3fe586a01d5f9b0e8bd3994085e85513fdf,9/1(火) 11:26
top-picks,TBS NEWS DIG Powered by JNN,備蓄米21万t 今月買い戻し実施へ,9/1(火) 11:12,https://news.yahoo.co.jp/pickup/6593829,https://news.yahoo.co.jp/articles/d98ba853a285080bb331484873c8f9219bc16598,9/1(火) 11:12
top-picks,TBS NEWS DIG Powered by JNN,長期金利 一時2.990%の高い水準,9/1(火) 11:11,https://news.yahoo.co.jp/pickup/6593830,https://news.yahoo.co.jp/articles/76e868d6cd5602929b025e13eb49f3547db7ad32,9/1(火) 11:11
top-picks,TBS NEWS DIG Powered by JNN,長期金利 一時2.985%の高い水準,9/1(火) 10:39,https://news.yahoo.co.jp/pickup/6593826,https://news.yahoo.co.jp/articles/76e868d6cd5602929b025e13eb49f3547db7ad32,9/1(火) 10:39
top-picks,CNN.co.jp,グランドキャニオン土石流2人死亡,9/1(火) 10:31,https://news.yahoo.co.jp/pickup/6593823,https://news.yahoo.co.jp/articles/d55c79e4d1ec5f483444d0fa8433c2aa1eac0a15,9/1(火) 10:31
top-picks,TBS NEWS DIG Powered by JNN,長期金利 一時2.970%の高い水準,9/1(火) 10:23,https://news.yahoo.co.jp/pickup/6593825,https://news.yahoo.co.jp/articles/76e868d6cd5602929b025e13eb49f3547db7ad32,9/1(火) 10:23
top-picks,TBS CROSS DIG with Bloomberg,米FTCと22州 アマゾンを提訴,9/1(火) 10:19,https://news.yahoo.co.jp/pickup/6593822,https://news.yahoo.co.jp/articles/db6578a468f77d546540f17fb719a1739b4166f0,9/1(火) 10:19
top-picks,埼玉新聞,高校で車横転 生徒の遺族が提訴へ,9/1(火) 9:54,https://news.yahoo.co.jp/pickup/6593821,https://news.yahoo.co.jp/articles/de16b36447e7f64e0d1318ff79e2ed188e6af572,9/1(火) 9:54
top-picks,共同通信,日米の宇宙当局 連携強化へ覚書,9/1(火) 9:54,https://news.yahoo.co.jp/pickup/6593817,https://news.yahoo.co.jp/articles/43e160ad982972b5675fc779984aaf44a47ddd4e,9/1(火) 9:54
top-picks,読売新聞オンライン,旧統一教会解散 韓国でも現実味,9/1(火) 9:39,https://news.yahoo.co.jp/pickup/6593816,https://news.yahoo.co.jp/articles/82f8c0d1f4904366974e5f80d8794906561996e5,9/1(火) 9:39
top-picks,ロイター,長期金利一時2.955% 30年ぶり水準,9/1(火) 9:39,https://news.yahoo.co.jp/pickup/6593818,https://news.yahoo.co.jp/articles/aa66bcd5ccbb90635595b8fa33423504f3522363,9/1(火) 9:39
top-picks,Media info not found,ポケカがアニメ映画の題材に なぜ,　「ポケモン」の7年ぶりのアニメ映画となる「ポケモン：ワイルドカード」（2027年に全世界で公開予定）が発表されました。ポケモンのトレーディングカードゲーム（ポケカ）を題材したのが特徴で、「ミミッキュ」をイメージさせる黄色のフードをかぶったポケモンカードのプレーヤーが登場する映像も公開されました。,https://news.yahoo.co.jp/pickup/6593820,https://twitter.com/pokemoncard_mov/status/2094279171052888387,9/1(火) 9:38
top-picks,Media info not found,ポケカ題材のアニメ映画製作 背景,　「ポケモン」の7年ぶりのアニメ映画となる「ポケモン：ワイルドカード」（2027年に全世界で公開予定）が発表されました。ポケモンのトレーディングカードゲーム（ポケカ）を題材したのが特徴で、「ミミッキュ」をイメージさせる黄色のフードをかぶったポケモンカードのプレーヤーが登場する映像も公開されました。,https://news.yahoo.co.jp/pickup/6593815,https://twitter.com/pokemoncard_mov/status/2094279171052888387,9/1(火) 9:20
top-picks,FOOTBALL ZONE,堂安のサウジ移籍が破談に 独報道,9/1(火) 8:59,https://news.yahoo.co.jp/pickup/6593811,https://news.yahoo.co.jp/articles/6654b0250afb897fdea18b99188d6c0fe10905bc,9/1(火) 8:59
top-picks,サッカーキング,メッシ代表引退 全て捧げ尽くした,9/1(火) 8:52,https://news.yahoo.co.jp/pickup/6593812,https://news.yahoo.co.jp/articles/1f9dde207e617cc94896ad0e92054ac3b3e73f76,9/1(火) 8:52
top-picks,サッカーキング,メッシが代表引退「今がその時」,9/1(火) 8:36,https://news.yahoo.co.jp/pickup/6593809,https://news.yahoo.co.jp/articles/1f9dde207e617cc94896ad0e92054ac3b3e73f76,9/1(火) 8:36
top-picks,tenki.jp,9月も厳しい残暑 熱中症に警戒,9/1(火) 8:33,https://news.yahoo.co.jp/pickup/6593807,https://news.yahoo.co.jp/articles/d1d1c6489cfdee32cb1c9681d3278385d612be38,9/1(火) 8:33
top-picks,共同通信,「ピッチコム」来季導入へ NPB,9/1(火) 8:13,https://news.yahoo.co.jp/pickup/6593806,https://news.yahoo.co.jp/articles/fc9ddf066391c239e00b0d9c2ea99c9dcf4aa4a3,9/1(火) 8:13
top-picks,読売新聞オンライン,米財務長官 日銀の利上げを示唆か,9/1(火) 8:00,https://news.yahoo.co.jp/pickup/6593803,https://news.yahoo.co.jp/articles/8e8aa8341b05a1d1e11f1a107645d10b22224be9,9/1(火) 8:00
top-picks,朝日新聞,歌舞伎町ビル火災25年 遺族が慰霊,9/1(火) 7:56,https://news.yahoo.co.jp/pickup/6593804,https://news.yahoo.co.jp/articles/dfdac65946e3c5f8d8bf13389d12988f7feb8650,9/1(火) 7:56
top-picks,時事通信,やさしい日本語 熊本地震でも活用,9/1(火) 7:47,https://news.yahoo.co.jp/pickup/6593802,https://news.yahoo.co.jp/articles/1a3a9be96cbaef11fa4a7e1a2ee5ff2da5e0217b,9/1(火) 7:47
top-picks,関西テレビ,車2台が正面衝突し1人死亡 男逮捕,9/1(火) 7:31,https://news.yahoo.co.jp/pickup/6593801,https://news.yahoo.co.jp/articles/c96aa433ce883cafd732ab96acff47cc9200a883,9/1(火) 7:31
top-picks,サッカーキング,上田綺世 仏1部リールに完全移籍,9/1(火) 7:30,https://news.yahoo.co.jp/pickup/6593800,https://news.yahoo.co.jp/articles/36359484fd5830589b43d08208c8dd174f00fc49,9/1(火) 7:30
top-picks,読売新聞オンライン,中道分裂へ 急ごしらえで限界露呈,9/1(火) 7:30,https://news.yahoo.co.jp/pickup/6593799,https://news.yahoo.co.jp/articles/159d092920121ddbae9fb8a44cb8ce82a57d31fa,9/1(火) 7:30
top-picks,朝日新聞,米露財務相が会談 ウ和平案協議か,9/1(火) 6:52,https://news.yahoo.co.jp/pickup/6593798,https://news.yahoo.co.jp/articles/2af7fceeb39952cbc61782c93e1f1b3d95500990,9/1(火) 6:52
top-picks,テレビ朝日系（ANN）,三重の商店街火災 ほぼ全焼か,9/1(火) 6:39,https://news.yahoo.co.jp/pickup/6593797,https://news.yahoo.co.jp/articles/bbd1ea4e05460938a29a40cc24996ef326333f46,9/1(火) 6:39
top-picks,日刊スポーツ,二宮和也 石川佳純さんと卓球対決,9/1(火) 6:22,https://news.yahoo.co.jp/pickup/6593795,https://news.yahoo.co.jp/articles/2738d20f368c726a6122c1fb017e2a869b10a52c,9/1(火) 6:22
top-picks,GOAL,メッシ アルゼンチン代表を引退,9/1(火) 6:11,https://news.yahoo.co.jp/pickup/6593794,https://news.yahoo.co.jp/articles/2312bc19b5c441aac60f934ce6772e86499454e5,9/1(火) 6:11
top-picks,テレビ朝日系（ANN）,和菓子店の店主死亡 トクリュウか,8/31(月) 23:46,https://news.yahoo.co.jp/pickup/6593793,https://news.yahoo.co.jp/articles/97b93ada76e2688e4818bf295d4d80d42f74b9db,8/31(月) 23:46
top-picks,デイリースポーツ,バレー女子が帰国 会見で主将謝罪,8/31(月) 23:30,https://news.yahoo.co.jp/pickup/6593791,https://news.yahoo.co.jp/articles/0279f3bac42573184daadb1af96445573d6cc25d,8/31(月) 23:30
top-picks,スポーツ報知,水谷八重子さん死去 友近が追悼,8/31(月) 23:18,https://news.yahoo.co.jp/pickup/6593790,https://news.yahoo.co.jp/articles/430c4b174a0dbf941a19afa0d14543875a0de1e4,8/31(月) 23:18
top-picks,CHANTO WEB,鈴木ちなみ 孤独を感じた海外移住,8/31(月) 23:05,https://news.yahoo.co.jp/pickup/6593789,https://news.yahoo.co.jp/articles/ec99a267de533737627e7d87f08f08512ae5029c,8/31(月) 23:05
top-picks,朝日新聞,信組不祥事 金融庁が検査拡充へ,8/31(月) 23:05,https://news.yahoo.co.jp/pickup/6593788,https://news.yahoo.co.jp/articles/7c2723468968f053dd31075842e9c36c2df2c03c,8/31(月) 23:05
top-picks,ITmedia NEWS,ITパスポート試験 シラバス案公開,8/31(月) 22:54,https://news.yahoo.co.jp/pickup/6593786,https://news.yahoo.co.jp/articles/7d5d3cfab5decbd9cc873aba4039c028b22dbc07,8/31(月) 22:54
top-picks,ABEMA TIMES,「キラキラママ」な投稿 心理分析,8/31(月) 22:45,https://news.yahoo.co.jp/pickup/6593785,,8/31(月) 22:45
top-picks,西日本新聞me,障害者雇用で広がる「代行」実態,8/31(月) 22:30,https://news.yahoo.co.jp/pickup/6593784,,8/31(月) 22:30
top-picks,スポニチアネックス,バスケ日本戦 相手HCと主将退場,8/31(月) 22:26,https://news.yahoo.co.jp/pickup/6593783,https://news.yahoo.co.jp/articles/b5d17c5d2a3da46081c32c1ab20e85e3d0839289,8/31(月) 22:26
top-picks,読売新聞オンライン,広告で60年前の自社製品探す 発見,8/31(月) 22:10,https://news.yahoo.co.jp/pickup/6593782,https://news.yahoo.co.jp/articles/5c8089eff40f3d303b78bc60d06867c9799716c0,8/31(月) 22:10
top-picks,オリコン,成宮寛貴 アジアのアワードで快挙,8/31(月) 21:57,https://news.yahoo.co.jp/pickup/6593781,https://news.yahoo.co.jp/articles/54565a717007df7a9acdecdccffd3cd945790d4d,8/31(月) 21:57
top-picks,共同通信,住宅ローン変動金利 2行引き上げ,8/31(月) 21:54,https://news.yahoo.co.jp/pickup/6593780,https://news.yahoo.co.jp/articles/d4ceb5cbd7129e8dc682094fdfb33277c2c6618a,8/31(月) 21:54
top-picks,共同通信,三重で商店街火災 漂う焦げ臭さ,8/31(月) 21:12,https://news.yahoo.co.jp/pickup/6593778,https://news.yahoo.co.jp/articles/28a94e944972cbd9324cd36b5a8a9890c6210972,8/31(月) 21:12
top-picks,tennis365.net,波乱 ジョコが全米OP初戦で敗退,8/31(月) 20:54,https://news.yahoo.co.jp/pickup/6593777,https://news.yahoo.co.jp/articles/46655911b7bd6df2ced4a47c5d2735d004710873,8/31(月) 20:54
top-picks,TBS NEWS DIG Powered by JNN,中道 結党から7カ月で分裂へ,8/31(月) 20:42,https://news.yahoo.co.jp/pickup/6593775,https://news.yahoo.co.jp/articles/664d06817a27f9b3df228f44457476c83022b485,8/31(月) 20:42
top-picks,AERA DIGITAL,包丁キャンセル 共働き時代の料理,8/31(月) 20:40,https://news.yahoo.co.jp/pickup/6593776,https://news.yahoo.co.jp/articles/a8e2cde771a3c3740c9c94de672b039162d54c07,8/31(月) 20:40
top-picks,AERA DIGITAL,料理にタイパ「包丁キャンセル」,8/31(月) 20:27,https://news.yahoo.co.jp/pickup/6593773,https://news.yahoo.co.jp/articles/a8e2cde771a3c3740c9c94de672b039162d54c07,8/31(月) 20:27
top-picks,スポニチアネックス,黒柳徹子 水谷八重子さんを追悼,8/31(月) 20:18,https://news.yahoo.co.jp/pickup/6593774,https://news.yahoo.co.jp/articles/50edfdd4c4228acc2dd3fc7cadc4c5f4df036f5c,8/31(月) 20:18
top-picks,デイリースポーツ,広島カープ・小園海斗が離婚発表,8/31(月) 20:03,https://news.yahoo.co.jp/pickup/6593772,https://news.yahoo.co.jp/articles/121c624a24186a51e5d161121fd5f762daae3043,8/31(月) 20:03
top-picks,Media info not found,AIに機能追加で情報流出 注意点,2026年8月27日、セキュリティ企業ESETは「2026年上半期脅威レポート」を発表しました。さまざまな作業を自律的に行ってくれるAIエージェントへ、メール操作やファイル処理などの機能を加える「スキル」約90万件を分析したところ、3000件超を悪意あるものと判定。ユーザーの業務を助けてくれる便利な追加機能が、データ流出やマルウェア実行の入口になる危険が明らかになりました。,https://news.yahoo.co.jp/pickup/6593762,https://www.eset.com/jp/about/newsroom/press-releases/2026/eset-threat-report-ai-boosts-cyber-attackers-efficienc-jp/,8/31(月) 19:22
top-picks,くるまのニュース,法定速度30kmへ「生活道路」とは,8/31(月) 19:13,https://news.yahoo.co.jp/pickup/6593770,https://news.yahoo.co.jp/articles/cf2e82f4920bcd12d58cfb58f97821ed52aa9b9c,8/31(月) 19:13
top-picks,Media info not found,スタバだらけの街 なぜ増え続ける,　駅の周辺や同じ商業施設の中にいくつも「スターバックス」を見かけることがないでしょうか。私が住む街の駅周辺には徒歩圏内にスタバが5店舗あり、商業施設内にも2店舗あります。新宿エリアでは30店舗ほどの店舗が集中出店しており、国内有数のドミナント戦略地域として知られていますが、超過密出店でありながら、どの店舗も入れないほどの人気です。,https://news.yahoo.co.jp/pickup/6593763,https://www.itmedia.co.jp/business/articles/2608/31/news007.html,8/31(月) 19:03
top-picks,中京テレビＮＥＷＳ,6人死亡事故 被告「気が緩んだ」,8/31(月) 18:52,https://news.yahoo.co.jp/pickup/6593769,https://news.yahoo.co.jp/articles/14a543fea55c41bb2dda8f21ee5cce7a6a696caa,8/31(月) 18:52
top-picks,共同通信,概算要求 143兆円前後の見通し,8/31(月) 18:48,https://news.yahoo.co.jp/pickup/6593768,https://news.yahoo.co.jp/articles/a08af0c325045868d55a959ecbcb0708a8c3ce3f,8/31(月) 18:48
top-picks,デイリースポーツ,広島ドラ1平川蓮が骨折 3軍で調整,8/31(月) 18:34,https://news.yahoo.co.jp/pickup/6593767,https://news.yahoo.co.jp/articles/db03ae527483b0fa55df036eaaf18fb6b3729135,8/31(月) 18:34
top-picks,読売新聞オンライン,ホンダ&日産 次世代車OS共同開発,8/31(月) 18:20,https://news.yahoo.co.jp/pickup/6593765,https://news.yahoo.co.jp/articles/dc8c2834f6fd9f9ed89e63e40cfe5b40e7cb44d1,8/31(月) 18:20
top-picks,TNCテレビ西日本,会派拘束反した県議処分 自民福岡,8/31(月) 18:12,https://news.yahoo.co.jp/pickup/6593760,https://news.yahoo.co.jp/articles/6c15afd76f1d63ff88ab18d6e5e0457fbbfb5ae1,8/31(月) 18:12
top-picks,FNNプライムオンライン（フジテレビ系）,中道・立憲・公明 正式に合流断念,8/31(月) 17:53,https://news.yahoo.co.jp/pickup/6593764,https://news.yahoo.co.jp/articles/3c252752c35cc4e656146bd61011c22009260310,8/31(月) 17:53
top-picks,日刊スポーツ,俳優・水谷八重子さん 死去,8/31(月) 17:36,https://news.yahoo.co.jp/pickup/6593761,https://news.yahoo.co.jp/articles/7cbbb0e96505b692fc22f63e005d4d36c9eedc72,8/31(月) 17:36
top-picks,TBS NEWS DIG Powered by JNN,成城石井パイ アレルギー表記欠落,8/31(月) 17:21,https://news.yahoo.co.jp/pickup/6593759,https://news.yahoo.co.jp/articles/b1fe76db16d10631b34104ff0ceb4ed16b22ea9a,8/31(月) 17:21
top-picks,オリコン,ポケモン新作映画 サトシ主役交代,8/31(月) 17:05,https://news.yahoo.co.jp/pickup/6593758,https://news.yahoo.co.jp/articles/2667d69a89173b80dd5da856ad2480bc0e626879,8/31(月) 17:05
top-picks,Yahoo!ニュース オリジナル 特集オリジナル,火葬大国・日本 土葬希望する思い,8/31(月) 16:58,https://news.yahoo.co.jp/pickup/6593751,https://news.yahoo.co.jp/articles/1dfc9e26bb6473ba8ac24505f9a12fb4dc320a2d,8/31(月) 16:58
top-picks,スポニチアネックス,BC埼玉武蔵の清田育宏監督 辞任,8/31(月) 16:50,https://news.yahoo.co.jp/pickup/6593757,https://news.yahoo.co.jp/articles/171867132e785d73fc533c3e9a8ad549d9cef684,8/31(月) 16:50
top-picks,ロイター,ネパール 900人発電所閉じ込めか,8/31(月) 16:45,https://news.yahoo.co.jp/pickup/6593755,https://news.yahoo.co.jp/articles/12188aaf64a1708b5b04a8615ee9500626726c8e,8/31(月) 16:45
top-picks,時事通信,東証は小反落 米利上げ観測が重荷,8/31(月) 16:37,https://news.yahoo.co.jp/pickup/6593756,https://news.yahoo.co.jp/articles/51bc046e8d940261a747df600632bb780155432a,8/31(月) 16:37
top-picks,毎日新聞,全教科にAIの記述 指導要領の素案,8/31(月) 16:20,https://news.yahoo.co.jp/pickup/6593754,https://news.yahoo.co.jp/articles/d3725b175ea609d277b81bc6500fa60e6d1dab42,8/31(月) 16:20
top-picks,日テレNEWS NNN,世田谷女性殺害 拘禁刑20年を求刑,8/31(月) 16:00,https://news.yahoo.co.jp/pickup/6593750,https://news.yahoo.co.jp/articles/24df3cac9b147ff633b658ee048f8ae1e7e3cb47,8/31(月) 16:00
top-picks,毎日新聞,核ごみ文献調査 常陸大宮市に打診,8/31(月) 15:48,https://news.yahoo.co.jp/pickup/6593749,https://news.yahoo.co.jp/articles/01794b6c46b1bb5fcff11d24ace9764f33908991,8/31(月) 15:48
top-picks,スポニチアネックス,今永33被弾 今季MLBワーストタイ,8/31(月) 15:44,https://news.yahoo.co.jp/pickup/6593747,https://news.yahoo.co.jp/articles/55f4ab0b4f752658b26b957a6231da85710bc10e,8/31(月) 15:44
top-picks,スポニチアネックス,竜星涼 16年間所属の「研音」退所,8/31(月) 15:20,https://news.yahoo.co.jp/pickup/6593746,https://news.yahoo.co.jp/articles/8e414a81cdd96b34d275318ab8d1a9e5a05e61c7,8/31(月) 15:20
top-picks,スポニチアネックス,今永今季33被弾 MLBワーストタイ,8/31(月) 15:15,https://news.yahoo.co.jp/pickup/6593745,https://news.yahoo.co.jp/articles/55f4ab0b4f752658b26b957a6231da85710bc10e,8/31(月) 15:15
top-picks,TBS NEWS DIG Powered by JNN,旧統一トップに懲役2年判決 韓国,8/31(月) 14:50,https://news.yahoo.co.jp/pickup/6593744,https://news.yahoo.co.jp/articles/6de9176334d6992d2e67e891bb27d4e1d1edae9c,8/31(月) 14:50
top-picks,あいテレビ,海に転落した柴犬 26時間後に発見,8/31(月) 14:41,https://news.yahoo.co.jp/pickup/6593742,https://news.yahoo.co.jp/articles/dfc73e47cd7df5f9bd0c988fcd01d55108f943f3,8/31(月) 14:41
top-picks,スポニチアネックス,WEST.2人脱退へ メンバーが心境,8/31(月) 14:06,https://news.yahoo.co.jp/pickup/6593739,https://news.yahoo.co.jp/articles/66cb0299dc91804e99dddb54ec6343afdd79c848,8/31(月) 14:06
top-picks,ロイター,イラン 米軍基地への発射映像公開,8/31(月) 14:01,https://news.yahoo.co.jp/pickup/6593738,https://news.yahoo.co.jp/articles/0e818d26c4988b53ce149430f6bf857d57fd47f7,8/31(月) 14:01
top-picks,Media info not found,ハウス食品 ココイチ売却検討背景,ハウス食品グループ本社が、「カレーハウスCoCo壱番屋」を運営する壱番屋の売却を検討していることが明らかになった。,https://news.yahoo.co.jp/pickup/6593724,https://finance.yahoo.co.jp/news/detail/79ccb7d40e8058d6b329df7b3492523025766805,8/31(月) 14:00
top-picks,Media info not found,24時間マラソンに配信者乱入 課題,チャリティー番組『24時間テレビ49―愛は地球を救う―』（日本テレビ系）でチャリティーマラソンのランナーを務めた女優・星野真里が8月30日、メイン会場の東京・両国国技館にゴールした。,https://news.yahoo.co.jp/pickup/6593725,https://hochi.news/articles/20260830-OHT1T51191.html,8/31(月) 13:42
top-picks,時事通信,北海道・大阪府 副首都で協定締結,8/31(月) 13:36,https://news.yahoo.co.jp/pickup/6593737,https://news.yahoo.co.jp/articles/dc84f50560e927bd011e7ed2b38fd6f9ad946182,8/31(月) 13:36
top-picks,TBS NEWS DIG Powered by JNN,若者の35%「結婚するつもりない」,8/31(月) 13:25,https://news.yahoo.co.jp/pickup/6593735,https://news.yahoo.co.jp/articles/52b10783c13ef6739f6a00caeaf73e2d9eddeda1,8/31(月) 13:25
top-picks,ロイター,ネパール 離ればなれの母子が再会,8/31(月) 12:49,https://news.yahoo.co.jp/pickup/6593734,https://news.yahoo.co.jp/articles/54ce4c9a1d336e8382b1907af1bc999266d1667b,8/31(月) 12:49
top-picks,Media info not found,仏で漫画DBの施設建設か 現状は,先週初め、フランスとサウジアラビアがパリ近郊に「ドラゴンボールZ」のテーマパークを建設するとロイターが報じたことで、母国である日本でも大きなニュースとなりました。,https://news.yahoo.co.jp/pickup/6593726,https://news.yahoo.co.jp/articles/5b0448cbe7cf3e6ae6e15c61267736f683a7bccb,8/31(月) 12:40
top-picks,毎日新聞,中立公の3党 合流断念を確認へ,8/31(月) 12:36,https://news.yahoo.co.jp/pickup/6593733,https://news.yahoo.co.jp/articles/9df4a84880519d6afab466ac862de74bae0f5c65,8/31(月) 12:36
top-picks,オリコン,久冨慶子アナ テレ朝退社を報告,8/31(月) 12:07,https://news.yahoo.co.jp/pickup/6593731,https://news.yahoo.co.jp/articles/98819a8966905e6a5de6517c459bd3ac9a75f4f5,8/31(月) 12:07
top-picks,スポーツ報知,元櫻坂46守屋茜 事務所退所を報告,8/31(月) 11:54,https://news.yahoo.co.jp/pickup/6593730,https://news.yahoo.co.jp/articles/94d6b13586424a5e4e09a0f3c5056c94a2433bb9,8/31(月) 11:54
top-picks,共同通信,ハウス食品G 壱番屋の売却検討,8/31(月) 11:50,https://news.yahoo.co.jp/pickup/6593727,https://news.yahoo.co.jp/articles/597e474c1bb4ff3100ec9a87e1fd3df4f66d1057,8/31(月) 11:50
top-picks,ゲキサカ,鈴木唯人が衝撃のハット 独開幕戦,8/31(月) 11:47,https://news.yahoo.co.jp/pickup/6593729,https://news.yahoo.co.jp/articles/223c9c26e3c0391acd193b9c7f387c0644d6d0c2,8/31(月) 11:47
top-picks,帝国データバンク,飲食料品の値上げ 9月は4923品目,8/31(月) 11:35,https://news.yahoo.co.jp/pickup/6593723,https://news.yahoo.co.jp/articles/84b5d9f014b50c9900bd55eeadc2b5b3f351702c,8/31(月) 11:35
top-picks,ＡＦＰ＝時事,イラン 米空軍基地に報復攻撃,8/31(月) 11:27,https://news.yahoo.co.jp/pickup/6593722,https://news.yahoo.co.jp/articles/aaf259a245a4f07baa1740c656e7ff4f2406f910,8/31(月) 11:27
top-picks,ゲキサカ,鈴木唯人がハット ブンデス開幕戦,8/31(月) 11:20,https://news.yahoo.co.jp/pickup/6593721,https://news.yahoo.co.jp/articles/223c9c26e3c0391acd193b9c7f387c0644d6d0c2,8/31(月) 11:20
top-picks,朝日新聞,バービー 居場所に悩んだ中学時代,8/31(月) 11:07,https://news.yahoo.co.jp/pickup/6593720,https://news.yahoo.co.jp/articles/1aee866a3b18191d81cb2873bb13241c9969f62b,8/31(月) 11:07
top-picks,毎日新聞,家族旅行一転 5人死亡の遺族後悔,8/31(月) 10:52,https://news.yahoo.co.jp/pickup/6593719,https://news.yahoo.co.jp/articles/eafa6076f7dd24434beeaf9036cfb17ab83655ba,8/31(月) 10:52
top-picks,TBS NEWS DIG Powered by JNN,グランドキャニオンで大規模洪水,8/31(月) 10:44,https://news.yahoo.co.jp/pickup/6593718,https://news.yahoo.co.jp/articles/da0c6a16ba07eef8f3b8fb2be8efdd2f8b05f003,8/31(月) 10:44
top-picks,産経新聞,スクールドッグ 教育現場で広がり,8/31(月) 10:09,https://news.yahoo.co.jp/pickup/6593713,https://news.yahoo.co.jp/articles/db2548e990e3496a6fc81a9619a8ed9fc13d2f94,8/31(月) 10:09
top-picks,朝日新聞,総務省 情報開示遅らせる旨投稿,8/31(月) 10:08,https://news.yahoo.co.jp/pickup/6593714,https://news.yahoo.co.jp/articles/1a3225a97798381df0deba8d3ac90f7b3a688844,8/31(月) 10:08
top-picks,読売新聞オンライン,障害者雇用ビジネス 規制を検討,8/31(月) 10:02,https://news.yahoo.co.jp/pickup/6593711,https://news.yahoo.co.jp/articles/c89f0c3543da9efcd6dbc0326960a079fb16c734,8/31(月) 10:02
top-picks,TBS NEWS DIG Powered by JNN,日経平均 一時1500円超値下がり,8/31(月) 9:57,https://news.yahoo.co.jp/pickup/6593712,https://news.yahoo.co.jp/articles/ef3c714d4e9a1afa57dcc308cd26f470a721155f,8/31(月) 9:57
top-picks,スポーツ報知,大谷10戦ノーアーチ 監督の分析,8/31(月) 9:37,https://news.yahoo.co.jp/pickup/6593710,https://news.yahoo.co.jp/articles/23bdf2720fa1ce59db44e523e5c397a96f444fd5,8/31(月) 9:37
top-picks,スポニチアネックス,WEST. 脱退や結婚で激動の8月,8/31(月) 9:30,https://news.yahoo.co.jp/pickup/6593709,https://news.yahoo.co.jp/articles/ad6b26772f834044798f02f606e7d753b4eabfcd,8/31(月) 9:30
top-picks,TBS CROSS DIG with Bloomberg,Googleマップ アメリカ湖に変更,8/31(月) 9:07,https://news.yahoo.co.jp/pickup/6593707,https://news.yahoo.co.jp/articles/f34c11c09b9db3aa28da1f0173c3c2b4050b11d6,8/31(月) 9:07
top-picks,ロイター,日銀総裁の判断期待 米財務長官,8/31(月) 9:03,https://news.yahoo.co.jp/pickup/6593708,https://news.yahoo.co.jp/articles/ae7d33852c49c2a3600a391bfbf35ccdf0c17fdc,8/31(月) 9:03
top-picks,ロイター,米軍が攻撃 原油先物が2%超上昇,8/31(月) 8:39,https://news.yahoo.co.jp/pickup/6593704,https://news.yahoo.co.jp/articles/b5f98c79f69781ed7287b3ed04893785ff226510,8/31(月) 8:39
top-picks,スポーツ報知,岡本和真が28号HR 守備でも貢献,8/31(月) 8:36,https://news.yahoo.co.jp/pickup/6593703,https://news.yahoo.co.jp/articles/6b14517320e70599a58bbcccfb7ea3ffb8b9928e,8/31(月) 8:36
top-picks,ITmedia ビジネスオンライン,なぜ 吉祥寺駅周辺にスタバ9店舗,8/31(月) 8:33,https://news.yahoo.co.jp/pickup/6593702,https://news.yahoo.co.jp/articles/65823590111cbab855de582ae0c1067b15e11bb8,8/31(月) 8:33
top-picks,朝日新聞,核ごみ調査 常陸大宮市申し入れへ,8/31(月) 8:26,https://news.yahoo.co.jp/pickup/6593705,https://news.yahoo.co.jp/articles/859b1b6a1b3e9186eae8a6497cfa8661a377f807,8/31(月) 8:26
top-picks,読売新聞オンライン,ソニーG35社がAnthropic提訴 米,8/31(月) 8:01,https://news.yahoo.co.jp/pickup/6593701,https://news.yahoo.co.jp/articles/2490663bdfd440b8083dc2af35532a6817f85681,8/31(月) 8:01
top-picks,tenki.jp,31日 東海や九州で猛暑日の予想,8/31(月) 7:49,https://news.yahoo.co.jp/pickup/6593700,https://news.yahoo.co.jp/articles/890deb5aa4519bdd74e778c5d6663077fb8df7f0,8/31(月) 7:49
top-picks,朝日新聞,消費減税に「賛成」55% 朝日,8/31(月) 7:38,https://news.yahoo.co.jp/pickup/6593698,https://news.yahoo.co.jp/articles/305cb9231bbd2a57d709254c73250afad71a7f0f,8/31(月) 7:38
top-picks,サンケイスポーツ,大谷のスイング異変 足元グラつく,8/31(月) 7:22,https://news.yahoo.co.jp/pickup/6593696,https://news.yahoo.co.jp/articles/afe46527d425b3c71b34fe6c3dc9675e51c6059c,8/31(月) 7:22
top-picks,サンケイスポーツ,WEST.2人脱退へ フェス返金対応,8/31(月) 7:18,https://news.yahoo.co.jp/pickup/6593697,https://news.yahoo.co.jp/articles/95b45880b1ac4cc88a0c3427e972a497ab3dd687,8/31(月) 7:18
top-picks,日テレNEWS NNN,ネパール土石流 死者800人超える,8/31(月) 6:48,https://news.yahoo.co.jp/pickup/6593695,https://news.yahoo.co.jp/articles/7c84b83fd6b2c26a7bfa1bb7c25ee3f7ac27b785,8/31(月) 6:48
top-picks,スポーツ報知,元アマ横綱花田秀虎 角界入り断念,8/31(月) 6:18,https://news.yahoo.co.jp/pickup/6593693,https://news.yahoo.co.jp/articles/dd49c681b0b3a6f1aa8eb68074a01928004a3ebb,8/31(月) 6:18
top-picks,読売新聞オンライン,米軍 イラン南部の発射施設攻撃,8/31(月) 6:06,https://news.yahoo.co.jp/pickup/6593692,https://news.yahoo.co.jp/articles/0ffa1b4c9d6e5b3ca26616eb190d7920f3b4cbfb,8/31(月) 6:06
top-picks,スポーツ報知,WEST. 残る5人の活動「協議中」,8/30(日) 23:55,https://news.yahoo.co.jp/pickup/6593691,https://news.yahoo.co.jp/articles/cf28c018c472068dbc789db83a41aa5a56f18b3b,8/30(日) 23:55
top-picks,朝日新聞,法で子のSNS年齢制限「必要」64%,8/30(日) 23:28,https://news.yahoo.co.jp/pickup/6593690,,8/30(日) 23:28
top-picks,CHANTO WEB,顔の腫瘍で驚かれる三男 父の願い,8/30(日) 23:18,https://news.yahoo.co.jp/pickup/6593685,https://news.yahoo.co.jp/articles/4a36c73859754ff976160ceead1cc2c67baf9683,8/30(日) 23:18
top-picks,日刊スポーツ,ボート峰竜太「3億円」の金塊獲得,8/30(日) 23:13,https://news.yahoo.co.jp/pickup/6593689,https://news.yahoo.co.jp/articles/c3649b3338307b1b49418c1a99455ca173785359,8/30(日) 23:13
top-picks,スポニチアネックス,WEST.藤井流星と小瀧望が脱退へ,8/30(日) 23:08,https://news.yahoo.co.jp/pickup/6593688,https://news.yahoo.co.jp/articles/7bf9b86b921fffaafe02b262f0e3e98ad6eee777,8/30(日) 23:08
top-picks,共同通信,福岡県 議員連盟への補助金廃止へ,8/30(日) 22:53,https://news.yahoo.co.jp/pickup/6593686,https://news.yahoo.co.jp/articles/5ab930b000a456203e42bf065c454ff3d928b9e6,8/30(日) 22:53
top-picks,RBC琉球放送,ダム水難 助けようとした男性死亡,8/30(日) 22:36,https://news.yahoo.co.jp/pickup/6593683,https://news.yahoo.co.jp/articles/21f6567342f8947830c8872d706857979c06f1ce,8/30(日) 22:36
top-picks,毎日新聞,武蔵野市で路上強盗 男性が逃走,8/30(日) 22:35,https://news.yahoo.co.jp/pickup/6593682,https://news.yahoo.co.jp/articles/5ca84290966efee4f1ac2bb1511499474cfedb48,8/30(日) 22:35
top-picks,読売新聞オンライン,福井の大雨 秋雨前線が原因で発生,8/30(日) 22:22,https://news.yahoo.co.jp/pickup/6593680,https://news.yahoo.co.jp/articles/205ea6f68cacbea240bd3a88a48d6d0516f2f962,8/30(日) 22:22
top-picks,スポニチアネックス,作家・岸田奈美氏 第1子を妊娠,8/30(日) 22:07,https://news.yahoo.co.jp/pickup/6593679,https://news.yahoo.co.jp/articles/561cc575c1066dd0136062db650b1d34984d8ce6,8/30(日) 22:07
top-picks,毎日新聞,80歳の和菓子店主死亡 殺人と断定,8/30(日) 21:59,https://news.yahoo.co.jp/pickup/6593678,https://news.yahoo.co.jp/articles/c577a26f222a654e39089ac9454a4f17cbfd06af,8/30(日) 21:59
top-picks,日刊スポーツ,巨人屈辱 89年ぶり阪神戦7連敗,8/30(日) 21:54,https://news.yahoo.co.jp/pickup/6593677,https://news.yahoo.co.jp/articles/fe8ab2ec6adc4c332bf6565508ae62bf55b3338d,8/30(日) 21:54
top-picks,日刊スポーツ,競艇の峰竜太「3億円」の金塊獲得,8/30(日) 21:45,https://news.yahoo.co.jp/pickup/6593676,https://news.yahoo.co.jp/articles/c3649b3338307b1b49418c1a99455ca173785359,8/30(日) 21:45
top-picks,共同通信,Jアラートで偽警報可能 識者指摘,8/30(日) 21:29,https://news.yahoo.co.jp/pickup/6593674,https://news.yahoo.co.jp/articles/2acf2b5de32927d404e1f15328e5c7bb6775dc5c,8/30(日) 21:29
top-picks,Full-Count,野茂氏 栗山に「引退を撤回して」,8/30(日) 21:12,https://news.yahoo.co.jp/pickup/6593672,https://news.yahoo.co.jp/articles/4b72459ff4c04c866f8b9ca7bc2d6565d04e22eb,8/30(日) 21:12
top-picks,読売新聞オンライン,高校無償化で私立人気 公立は苦境,8/30(日) 21:00,https://news.yahoo.co.jp/pickup/6593670,https://news.yahoo.co.jp/articles/58b12b471f5e0f81139add3f4058a60bdeb2c08f,8/30(日) 21:00
top-picks,スポーツ報知,星野真里がゴール 難病の娘出迎え,8/30(日) 20:49,https://news.yahoo.co.jp/pickup/6593671,https://news.yahoo.co.jp/articles/b5df252eeb7638d8bc1e32b2eaa7b1ae310e7bde,8/30(日) 20:49
top-picks,Full-Count,栗山巧が最終打席で安打 ファン涙,8/30(日) 20:49,https://news.yahoo.co.jp/pickup/6593669,https://news.yahoo.co.jp/articles/829fe265539c0d37f5aecea37783ad8b36798d0a,8/30(日) 20:49
top-picks,KSB瀬戸内海放送,香川県知事選 池田氏の再選が確実,8/30(日) 20:33,https://news.yahoo.co.jp/pickup/6593668,https://news.yahoo.co.jp/articles/1eb29536d99131885c4a6a96fe8b3bdd54fdc6c0,8/30(日) 20:33
top-picks,朝日新聞,がれき下から声 ネパール少女救出,8/30(日) 20:27,https://news.yahoo.co.jp/pickup/6593667,https://news.yahoo.co.jp/articles/f005cc316b646b0d1b94882095d115885403024e,8/30(日) 20:27
top-picks,デイリースポーツ,甲子園2日連続で怒号 佐藤輝死球,8/30(日) 20:10,https://news.yahoo.co.jp/pickup/6593666,https://news.yahoo.co.jp/articles/1e935f49d6d809e3369174d2abcedb148ba3bace,8/30(日) 20:10
top-picks,FITNESS LOVE,90歳がV ボディビルは私の人生,8/30(日) 19:54,https://news.yahoo.co.jp/pickup/6593665,https://news.yahoo.co.jp/articles/aff782e0b294815b4dfe8e0c556fd16cd1c775b3,8/30(日) 19:54
top-picks,デイリースポーツ,バレー女子銅メダル 主将は悔し涙,8/30(日) 19:53,https://news.yahoo.co.jp/pickup/6593664,https://news.yahoo.co.jp/articles/4742fcdedf14d9ada7475afaebbe5076c38a58d8,8/30(日) 19:53
top-picks,読売新聞オンライン,レゴランド閉じ込め 扉破壊し救助,8/30(日) 19:39,https://news.yahoo.co.jp/pickup/6593662,https://news.yahoo.co.jp/articles/fd385abd614d8b6e24958523e6cccf7a10a06562,8/30(日) 19:39
top-picks,CHANTO WEB,金子恵美氏48歳 不妊治療に葛藤,8/30(日) 19:26,https://news.yahoo.co.jp/pickup/6593660,https://news.yahoo.co.jp/articles/02971d0c09deae400b014788edaf3d08b4bc3157,8/30(日) 19:26
top-picks,Yahoo!リアルタイム検索,24時間テレビ マラソンなどX反応,8/30(日) 19:19,https://news.yahoo.co.jp/pickup/6593659,https://news.yahoo.co.jp/articles/2e4d73d6695b5cfb922e1a1038d6128a4a318ac2,8/30(日) 19:19
top-picks,tenki.jp,福井大雨 土砂災害に厳重警戒を,8/30(日) 19:18,https://news.yahoo.co.jp/pickup/6593658,https://news.yahoo.co.jp/articles/aa0cf9dffbabb353f3b2763e04e964469e35e368,8/30(日) 19:18
top-picks,共同通信,月の時間決める動き 地球から独立,8/30(日) 18:59,https://news.yahoo.co.jp/pickup/6593656,https://news.yahoo.co.jp/articles/ef37352d11c31b19a8a89eb11eb1c905faf0286d,8/30(日) 18:59
top-picks,TBS NEWS DIG Powered by JNN,TDL飲食店で客の荷物から煙 避難,8/30(日) 18:49,https://news.yahoo.co.jp/pickup/6593655,https://news.yahoo.co.jp/articles/24879ff44f84b1f2f7174bc33032900477790122,8/30(日) 18:49
top-picks,RBC琉球放送,ダムで水難 子どもと男性意識不明,8/30(日) 18:43,https://news.yahoo.co.jp/pickup/6593652,https://news.yahoo.co.jp/articles/21f6567342f8947830c8872d706857979c06f1ce,8/30(日) 18:43
top-picks,Yahoo!ニュース オリジナル 特集オリジナル,こたけ正義感 冤罪をネタにした訳,8/30(日) 18:35,https://news.yahoo.co.jp/pickup/6593654,https://news.yahoo.co.jp/articles/0fdd538040753d945a6e67e551940caf718ee6c4,8/30(日) 18:35
top-picks,朝日新聞,ソニー生命に立ち入り検査へ,8/30(日) 18:28,https://news.yahoo.co.jp/pickup/6593651,https://news.yahoo.co.jp/articles/62bd765ac2a5283e2f088dd3172531ee65e33dde,8/30(日) 18:28
top-picks,CHANTO WEB,金子恵美氏 不妊治療やめどき葛藤,8/30(日) 18:24,https://news.yahoo.co.jp/pickup/6593650,https://news.yahoo.co.jp/articles/02971d0c09deae400b014788edaf3d08b4bc3157,8/30(日) 18:24
top-picks,スポニチアネックス,大谷の状態「腕も膝も良くない」,8/30(日) 18:10,https://news.yahoo.co.jp/pickup/6593649,https://news.yahoo.co.jp/articles/fa26a1095628b7dc71c08221434bb555f964e501,8/30(日) 18:10
top-picks,TBS NEWS DIG Powered by JNN,バレー女子が銅 W杯の出場権獲得,8/30(日) 18:02,https://news.yahoo.co.jp/pickup/6593648,https://news.yahoo.co.jp/articles/557bc341bca7c2fbfac7038de35e2d85b74720f0,8/30(日) 18:02
top-picks,東洋経済オンライン,各地に存在「廃墟モール」の盛衰,8/30(日) 17:49,https://news.yahoo.co.jp/pickup/6593646,https://news.yahoo.co.jp/articles/bc9199c7ebee13417de99aa1a5a3e697d458886d,8/30(日) 17:49
top-picks,読売新聞オンライン,仕事向けのハーフパンツ 各社が力,8/30(日) 17:49,https://news.yahoo.co.jp/pickup/6593645,https://news.yahoo.co.jp/articles/50cc47e048742e3e5747e43d1d91e6b1450f5531,8/30(日) 17:49
top-picks,MBSニュース,カイロス3号機失敗 静電気要因か,8/30(日) 17:40,https://news.yahoo.co.jp/pickup/6593644,https://news.yahoo.co.jp/articles/88ab31fc7f882ea77f45e6e4687e81ab060efce3,8/30(日) 17:40
top-picks,朝日新聞,サンマ内に「赤い糸」識者に聞く,8/30(日) 17:28,https://news.yahoo.co.jp/pickup/6593643,https://news.yahoo.co.jp/articles/d8a4bde5f083eedf35b0403951eb78882cf6e01b,8/30(日) 17:28
top-picks,毎日新聞,福井大雨「目覚めると周囲が水」,8/30(日) 17:13,https://news.yahoo.co.jp/pickup/6593642,https://news.yahoo.co.jp/articles/661f479a95a97f127fe1ad2ebe3fb4a66598f255,8/30(日) 17:13
top-picks,ITmedia ビジネスオンライン,「ヤミ民泊一掃」Airbnbの勝算,8/30(日) 17:09,https://news.yahoo.co.jp/pickup/6593637,https://news.yahoo.co.jp/articles/5558e759c9e13aa30664f626e91e38d425e35ead,8/30(日) 17:09
top-picks,テレビ朝日系（ANN）,レゴランド 客の11人一時閉じ込め,8/30(日) 17:06,https://news.yahoo.co.jp/pickup/6593640,https://news.yahoo.co.jp/articles/e5711f9e4505caf4870803514303d82c4308ecb6,8/30(日) 17:06
top-picks,産経新聞,「アメリカ湖」に改称 反対が続出,8/30(日) 17:03,https://news.yahoo.co.jp/pickup/6593638,https://news.yahoo.co.jp/articles/713566f3835dd50cbaee073d66f9b90129341b2d,8/30(日) 17:03
top-picks,Yahoo!ニュース オリジナル 特集オリジナル,こたけ正義感に聞く SNS上の正義,8/30(日) 16:59,https://news.yahoo.co.jp/pickup/6593636,https://news.yahoo.co.jp/articles/0fdd538040753d945a6e67e551940caf718ee6c4,8/30(日) 16:59
top-picks,毎日新聞,「議連補助金」予算化 福岡県だけ,8/30(日) 16:30,https://news.yahoo.co.jp/pickup/6593633,https://news.yahoo.co.jp/articles/f85d3bc0967a2519387558f20584c28791808b38,8/30(日) 16:30
top-picks,日刊スポーツ,SB柳田悠岐の所有馬 新馬戦でV,8/30(日) 16:23,https://news.yahoo.co.jp/pickup/6593632,https://news.yahoo.co.jp/articles/9bf8cbbe0677f05500c4c72e48e273d6e80a79e4,8/30(日) 16:23
top-picks,読売新聞オンライン,小売り事業の税優遇要望へ 経産省,8/30(日) 16:23,https://news.yahoo.co.jp/pickup/6593631,https://news.yahoo.co.jp/articles/50777fb6a43a6e49e22824e1f2d4a4e918a6172a,8/30(日) 16:23
top-picks,介護ポストセブン,レギュラーの2人「介護芸人」の今,8/30(日) 16:06,https://news.yahoo.co.jp/pickup/6593629,https://news.yahoo.co.jp/articles/07e55a30a2bac4c77cac9597faab283d7b22dca3,8/30(日) 16:06
top-picks,日テレNEWS NNN,外国人が駆け込むクリニック 密着,8/30(日) 16:05,https://news.yahoo.co.jp/pickup/6593628,https://news.yahoo.co.jp/articles/3d89f7738a21a32c7ea27963b0c47a6585684ca2,8/30(日) 16:05
top-picks,日刊スポーツ,西村太一騎手が電撃引退 通算66勝,8/30(日) 15:33,https://news.yahoo.co.jp/pickup/6593626,https://news.yahoo.co.jp/articles/7a530850eed3568acc90331dfc25f762fc3105cc,8/30(日) 15:33
top-picks,読売新聞オンライン,鈴木蘭々 母が入所し最後の片付け,8/30(日) 15:30,https://news.yahoo.co.jp/pickup/6593625,https://news.yahoo.co.jp/articles/53d077413edd6f9e2ae1d75992915f1cb3baaac5,8/30(日) 15:30
top-picks,Media info not found,皇居ランに賛否 SNSで議論が拡大,　SNSで「皇居ラン、禁止でいいのでは」という投稿が話題になるなど、東京・千代田区の皇居周辺を走る「皇居ラン」をめぐる議論が熱くなっている。皇居周辺はランナーの〝メッカ〟として知られ、1日に延べ1万人が走ることもあるという。同時に、国内外から多くの観光客が訪れ、歩行者も多い。ランナーとの接触に恐怖を感じるという声がある一方で、皇居ランに肯定的な意見もあり、SNSでは賛否が分かれている。ランナーと歩行者が共存するためには、何が必要なのだろうか。,https://news.yahoo.co.jp/pickup/6593624,https://news.yahoo.co.jp/articles/667c2d9d7f9a21c14e58a2a4d8cd00ee299eaf93,8/30(日) 15:29
top-picks,朝日新聞,福井県 住宅浸水など被害相次ぐ,8/30(日) 14:52,https://news.yahoo.co.jp/pickup/6593623,https://news.yahoo.co.jp/articles/c5b5a8a29b81175bec75c92e9d530cb4e7e90fe2,8/30(日) 14:52
top-picks,デイリースポーツ,吉田響 独走状態から失速し9位,8/30(日) 14:34,https://news.yahoo.co.jp/pickup/6593622,https://news.yahoo.co.jp/articles/8ae91fc537eac02dbfb7efec3e0a48aa197d8119,8/30(日) 14:34
top-picks,テレビ朝日系（ANN）,山肌埋め尽くすシカ 南アルプス,8/30(日) 14:32,https://news.yahoo.co.jp/pickup/6593620,https://news.yahoo.co.jp/articles/3027f3a5944cbeaa928e69c599d320c31805bb5c,8/30(日) 14:32
top-picks,デイリースポーツ,吉田響は9位 ゴール後に倒れ込む,8/30(日) 14:08,https://news.yahoo.co.jp/pickup/6593618,https://news.yahoo.co.jp/articles/43e0d89ad7bb4e28eb7f63cd410235179e411c5e,8/30(日) 14:08
top-picks,tenki.jp,福井県 土砂災害などに厳重警戒,8/30(日) 14:06,https://news.yahoo.co.jp/pickup/6593619,https://news.yahoo.co.jp/articles/53a9ad532479a682f56c9718259eeb1e47ff081c,8/30(日) 14:06
top-picks,ＫＹＴ鹿児島読売テレビ,海で死亡の中高生3人 死因は水死,8/30(日) 13:44,https://news.yahoo.co.jp/pickup/6593617,https://news.yahoo.co.jp/articles/11ed64a3713c9002f77fe1733de8aa427b1641d6,8/30(日) 13:44
top-picks,TBS NEWS DIG Powered by JNN,ネパール土石流 氷河崩落が原因,8/30(日) 13:38,https://news.yahoo.co.jp/pickup/6593616,https://news.yahoo.co.jp/articles/6e645454e1576661c89e009452fa4dde3955186d,8/30(日) 13:38
top-picks,毎日新聞,福井4市 観測史上最多の降水量,8/30(日) 13:20,https://news.yahoo.co.jp/pickup/6593615,https://news.yahoo.co.jp/articles/7753f4e40646314810b44cd3570de7b7c3eb8dc4,8/30(日) 13:20
top-picks,MBSニュース,不登校に悩み ハッとした子の言葉,8/30(日) 13:01,https://news.yahoo.co.jp/pickup/6593613,https://news.yahoo.co.jp/articles/5a42bee9a17459f287057583cb2a8cfa53a53520,8/30(日) 13:01
top-picks,ベースボールチャンネル,今季のプロ野球は死球多い? 検証,8/30(日) 12:03,https://news.yahoo.co.jp/pickup/6593608,https://news.yahoo.co.jp/articles/8a8f965f325f32f2b37eb5261445d0fece2bb5f3,8/30(日) 12:03
top-picks,FNNプライムオンライン（フジテレビ系）,福井3市 大雨危険警報に引き下げ,8/30(日) 11:54,https://news.yahoo.co.jp/pickup/6593611,https://news.yahoo.co.jp/articles/3b0b7353f390c4c634ccb8d79c211865434ea025,8/30(日) 11:54
top-picks,福井新聞ＯＮＬＩＮＥ,福井大雨 3市全域に緊急安全確保,8/30(日) 11:28,https://news.yahoo.co.jp/pickup/6593607,https://news.yahoo.co.jp/articles/7623e4f1c37d3c5ff3b406b27e6e802d8076cf93,8/30(日) 11:28
top-picks,テレビ朝日系（ANN）,ネパール 衛星が捉えたせき止め湖,8/30(日) 10:42,https://news.yahoo.co.jp/pickup/6593605,https://news.yahoo.co.jp/articles/f9603ce96eda3f042762588c9f1d70101f5f0ef1,8/30(日) 10:42
top-picks,朝日新聞,福井県大雨 車立ち往生と複数通報,8/30(日) 10:41,https://news.yahoo.co.jp/pickup/6593604,https://news.yahoo.co.jp/articles/0674817761b2416aa47f20e429f25e52f686c224,8/30(日) 10:41
top-picks,Full-Count,栗山巧が異例引退会見 ファン同席,8/30(日) 10:19,https://news.yahoo.co.jp/pickup/6593603,https://news.yahoo.co.jp/articles/c5e762cda69c9e9ab3017dd06199ff1bfff79c77,8/30(日) 10:19
top-picks,FBC 福井放送,福井県で大雨 冠水など各地被害,8/30(日) 10:08,https://news.yahoo.co.jp/pickup/6593602,https://news.yahoo.co.jp/articles/5654a43aabe0c41107e1a74c5d17ece8d479bde6,8/30(日) 10:08
top-picks,Full-Count,栗山巧が引退会見 ファン異例同席,8/30(日) 10:04,https://news.yahoo.co.jp/pickup/6593600,https://news.yahoo.co.jp/articles/c5e762cda69c9e9ab3017dd06199ff1bfff79c77,8/30(日) 10:04
top-picks,時事通信,中道 結党7カ月で瓦解の危機,8/30(日) 9:56,https://news.yahoo.co.jp/pickup/6593599,https://news.yahoo.co.jp/articles/3bfbd7b73a679545e6bf6d16b8c9eb79b98e7991,8/30(日) 9:56
top-picks,共同通信,ネパール土石流 行方不明3000人超,8/30(日) 9:25,https://news.yahoo.co.jp/pickup/6593597,https://news.yahoo.co.jp/articles/30ca5439a8e2743631b5fd60d2b17471aca8dc4b,8/30(日) 9:25
top-picks,TBS NEWS DIG Powered by JNN,中国の白菜問題巡り 3人刑事拘留,8/30(日) 8:57,https://news.yahoo.co.jp/pickup/6593596,https://news.yahoo.co.jp/articles/29d99331c7b87ba7a3fc9e3948d9ca12a55e2d75,8/30(日) 8:57
top-picks,産経新聞,福井県 24万人に緊急安全確保,8/30(日) 8:37,https://news.yahoo.co.jp/pickup/6593595,,8/30(日) 8:37
top-picks,tennis365.net,大坂なおみ「私の本業は母親」,8/30(日) 8:09,https://news.yahoo.co.jp/pickup/6593594,https://news.yahoo.co.jp/articles/da5ec632790ab003b852bb9d2d7063aac1179680,8/30(日) 8:09
top-picks,サンケイスポーツ,Number_i 9/2ド軍戦で始球式,8/30(日) 8:04,https://news.yahoo.co.jp/pickup/6593593,https://news.yahoo.co.jp/articles/cf995e6fbaf4b974defa012086642fd69802a39e,8/30(日) 8:04
top-picks,毎日新聞,福岡県 県議の任意団体に補助金,8/30(日) 7:53,https://news.yahoo.co.jp/pickup/6593592,https://news.yahoo.co.jp/articles/1e16b45d490b61ea629a54a62525f3b17d02abaa,8/30(日) 7:53
top-picks,南日本新聞,海で中高生3人死亡 家族ら悲痛,8/30(日) 7:35,https://news.yahoo.co.jp/pickup/6593590,https://news.yahoo.co.jp/articles/ed8800af9ec3936161a19e0b999dfa1ac0a1cea3,8/30(日) 7:35
top-picks,Full-Count,大谷の投手復帰が白紙に 監督説明,8/30(日) 7:28,https://news.yahoo.co.jp/pickup/6593589,https://news.yahoo.co.jp/articles/a5e2595fddbdc0a1a708e024d2c309a5457c8f93,8/30(日) 7:28
top-picks,TBS NEWS DIG Powered by JNN,福井県に大雨特別警報 最大級警戒,8/30(日) 7:08,https://news.yahoo.co.jp/pickup/6593588,,8/30(日) 7:08
top-picks,日テレNEWS NNN,福井・龍ヶ鼻ダム 緊急放流の恐れ,8/30(日) 6:47,https://news.yahoo.co.jp/pickup/6593585,https://news.yahoo.co.jp/articles/6d621edaccc96a17244910c8b151061db9936150,8/30(日) 6:47
top-picks,最高気温25℃,福井県に大雨特別警報 最新情報,【大雨情報】北陸地方で最大120ミリ予想　きょう3日（木）夜にかけ土砂災害に厳重警戒、記録的大雨の影響で少ない雨量でも危険【降水と風の動きシミュレーション】,https://news.yahoo.co.jp/pickup/6593581,https://news.yahoo.co.jp/articles/5d586595a046b221acc07bdb189a8466e59670ba,8/30(日) 6:23
top-picks,TBS NEWS DIG Powered by JNN,大雨で浸水リスク 車移動は危険,8/30(日) 6:14,https://news.yahoo.co.jp/pickup/6593582,https://news.yahoo.co.jp/articles/db4125a8733bd8aba0a9d47ab6cee8d50dda0cbd,8/30(日) 6:14
top-picks,Yahoo!リアルタイム検索,福井県で大雨 現地のSNS投稿,8/30(日) 6:10,https://news.yahoo.co.jp/pickup/6593583,,8/30(日) 6:10
top-picks,Yahoo!リアルタイム検索,福井県に特別警報 現地のSNS投稿,8/30(日) 6:03,https://news.yahoo.co.jp/pickup/6593580,,8/30(日) 6:03
top-picks,最高気温25℃,中継・気象庁会見 福井に特別警報,【大雨情報】北陸地方で最大120ミリ予想　きょう3日（木）夜にかけ土砂災害に厳重警戒、記録的大雨の影響で少ない雨量でも危険【降水と風の動きシミュレーション】,https://news.yahoo.co.jp/pickup/6593579,https://news.yahoo.co.jp/articles/5d586595a046b221acc07bdb189a8466e59670ba,8/30(日) 5:34
top-picks,,福井県に大雨特別警報 最新情報,8/30(日) 5:17,https://news.yahoo.co.jp/pickup/6593578,,8/30(日) 5:17
top-picks,,安全確保を 大雨のときのNG行動,8/30(日) 4:59,https://news.yahoo.co.jp/pickup/6593206,,8/30(日) 4:59
top-picks,tenki.jp,命守って 福井県に大雨特別警報,8/30(日) 4:58,https://news.yahoo.co.jp/pickup/6593577,,8/30(日) 4:58
top-picks,TBS NEWS DIG Powered by JNN,茨城県で最大震度4 津波心配なし,8/30(日) 0:23,https://news.yahoo.co.jp/pickup/6593574,https://news.yahoo.co.jp/articles/1a8ca82c17fe2b07503cd45381196c880fefba60,8/30(日) 0:23
top-picks,,地震情報,8/30(日) 0:19,https://news.yahoo.co.jp/pickup/6591434,,8/30(日) 0:19
top-picks,サンケイスポーツ,自責点0で黒星 SB大津に監督謝罪,8/30(日) 0:14,https://news.yahoo.co.jp/pickup/6593573,https://news.yahoo.co.jp/articles/42d70e5a070fb206d09ada258522c6fefd43627f,8/30(日) 0:14
top-picks,日刊スポーツ,甲子園 両軍ファン乱闘騒ぎ複数件,8/29(土) 23:50,https://news.yahoo.co.jp/pickup/6593572,https://news.yahoo.co.jp/articles/fa4c04b34f38cec5d60cd4c132b95895e454ad2f,8/29(土) 23:50
top-picks,スポーツ報知,バレー女子敗北 木村沙織さん涙声,8/29(土) 23:35,https://news.yahoo.co.jp/pickup/6593571,https://news.yahoo.co.jp/articles/5a2b8b53fb093dbefaac46f1ec8b95562a85fe62,8/29(土) 23:35
top-picks,オリコン,24時間TVにブラックビスケッツ,8/29(土) 23:22,https://news.yahoo.co.jp/pickup/6593570,https://news.yahoo.co.jp/articles/ea1dfeb3a3fdb84051bd11c928f3e132cd323800,8/29(土) 23:22
top-picks,スポーツ報知,虎・森下に死球 両軍のファン衝突,8/29(土) 23:14,https://news.yahoo.co.jp/pickup/6593567,https://news.yahoo.co.jp/articles/a6717a971d0e275a81011be3d19499ffcce974d9,8/29(土) 23:14
top-picks,毎日新聞,娘が不登校になった精神科医 訴え,8/29(土) 23:14,https://news.yahoo.co.jp/pickup/6593568,https://news.yahoo.co.jp/articles/adec8d92fa9ca0e9ef6c115b885fff38e23ba547,8/29(土) 23:14
top-picks,毎日新聞,娘が不登校に 仕事と両立は可能か,8/29(土) 22:59,https://news.yahoo.co.jp/pickup/6593565,https://news.yahoo.co.jp/articles/adec8d92fa9ca0e9ef6c115b885fff38e23ba547,8/29(土) 22:59
top-picks,スポーツ報知,森下に死球 虎監督ベンチ飛び出す,8/29(土) 22:57,https://news.yahoo.co.jp/pickup/6593564,https://news.yahoo.co.jp/articles/a6717a971d0e275a81011be3d19499ffcce974d9,8/29(土) 22:57
top-picks,東洋経済オンライン,映画ちいかわ「X直送型」ヒット,8/29(土) 22:50,https://news.yahoo.co.jp/pickup/6593563,https://news.yahoo.co.jp/articles/acfb1cf8301482d405799dcc9137df85565dac2d,8/29(土) 22:50
top-picks,東洋経済オンライン,24hマラソンの走る理由変化 背景,8/29(土) 22:47,https://news.yahoo.co.jp/pickup/6593566,https://news.yahoo.co.jp/articles/de23ef15f93feff2957a1e596523fb13d97ae475,8/29(土) 22:47
top-picks,東洋経済オンライン,24hマラソン誕生の裏にあった危機,8/29(土) 22:31,https://news.yahoo.co.jp/pickup/6593560,https://news.yahoo.co.jp/articles/de23ef15f93feff2957a1e596523fb13d97ae475,8/29(土) 22:31
top-picks,CHANTO WEB,金子恵美氏 子が10年前の騒動知る,8/29(土) 22:29,https://news.yahoo.co.jp/pickup/6593561,https://news.yahoo.co.jp/articles/7e44fd241bd33ba3d7a654b7a256c1b5ed4bd43b,8/29(土) 22:29
top-picks,TBS NEWS DIG Powered by JNN,熊本地震 被災者それぞれの1カ月,8/29(土) 21:44,https://news.yahoo.co.jp/pickup/6593558,https://news.yahoo.co.jp/articles/3283dbce01cce85db2ec53b233d08bba4fc2f53a,8/29(土) 21:44
top-picks,スポーツ報知,阪神マジック23点灯 巨人戦6連勝,8/29(土) 21:43,https://news.yahoo.co.jp/pickup/6593559,https://news.yahoo.co.jp/articles/257c7450d225e26fc1761cfd5e19149e890547d5,8/29(土) 21:43
top-picks,読売新聞オンライン,独右派AfD ナチス想起させる公約,8/29(土) 21:41,https://news.yahoo.co.jp/pickup/6593557,https://news.yahoo.co.jp/articles/c8ea7dbc249e06954f3e4905c02f81fb9eb69661,8/29(土) 21:41
top-picks,Full-Count,阪神・森下が死球交代 甲子園怒号,8/29(土) 21:20,https://news.yahoo.co.jp/pickup/6593555,https://news.yahoo.co.jp/articles/58cafd0f34c1209c0913a4d066fc99d1367517f9,8/29(土) 21:20
top-picks,毎日新聞,牛が線路に迷い込む 列車80分停止,8/29(土) 21:19,https://news.yahoo.co.jp/pickup/6593556,,8/29(土) 21:19
top-picks,デイリースポーツ,バレー女子が完敗 選手は5秒絶句,8/29(土) 21:12,https://news.yahoo.co.jp/pickup/6593551,https://news.yahoo.co.jp/articles/4969b0bbbeb565db842ee8e61a7aa99cfbacbf4e,8/29(土) 21:12
top-picks,毎日新聞,海で3人死亡 14歳は救助図ったか,8/29(土) 21:11,https://news.yahoo.co.jp/pickup/6593554,https://news.yahoo.co.jp/articles/0004777b85ea792b0f8b1cb0d30a46002ce992bb,8/29(土) 21:11
top-picks,読売新聞オンライン,ウ 露に1日1000機の無人機投入へ,8/29(土) 21:09,https://news.yahoo.co.jp/pickup/6593553,https://news.yahoo.co.jp/articles/26b9bbbf87e3b83b86363a1b9779fe18bfb7507d,8/29(土) 21:09
top-picks,サンケイスポーツ,G松本 珍しいプレーでバント失敗,8/29(土) 20:49,https://news.yahoo.co.jp/pickup/6593550,https://news.yahoo.co.jp/articles/719e0f1dcfc49b241189134cd4d5955a4bc97e6e,8/29(土) 20:49
top-picks,FITNESS LOVE,プロ野球引退後ボディビル 舞台裏,8/29(土) 20:48,https://news.yahoo.co.jp/pickup/6593552,https://news.yahoo.co.jp/articles/0bac2d4631e7fe7d5dc9b3a7d5dc986451f36588,8/29(土) 20:48
top-picks,FITNESS LOVE,元楽天選手 壮絶減量でボディビル,8/29(土) 20:33,https://news.yahoo.co.jp/pickup/6593548,https://news.yahoo.co.jp/articles/0bac2d4631e7fe7d5dc9b3a7d5dc986451f36588,8/29(土) 20:33
top-picks,ｔｙｓテレビ山口,なぜ娘殺された わからぬまま20年,8/29(土) 20:30,https://news.yahoo.co.jp/pickup/6593549,https://news.yahoo.co.jp/articles/b3122a934906954102ca01cdf89e3114577b73f9,8/29(土) 20:30
top-picks,文春オンライン,52歳でアイドルに 看護師から転身,8/29(土) 19:49,https://news.yahoo.co.jp/pickup/6593547,https://news.yahoo.co.jp/articles/bd15554f6eaee6bab44cb9ec72682632f767040e,8/29(土) 19:49
top-picks,スポニチアネックス,横浜織田に大学生の洗礼 2回6失点,8/29(土) 19:37,https://news.yahoo.co.jp/pickup/6593546,https://news.yahoo.co.jp/articles/937e94a5a9dd6197b96f2662b50dba92478ff10c,8/29(土) 19:37
top-picks,朝日新聞,千葉豪雨 半壊判定が大幅増見通し,8/29(土) 19:25,https://news.yahoo.co.jp/pickup/6593545,,8/29(土) 19:25
top-picks,FNNプライムオンライン（フジテレビ系）,時計窃盗 被害品とは別の2本発見,8/29(土) 19:16,https://news.yahoo.co.jp/pickup/6593544,https://news.yahoo.co.jp/articles/40f6fe98bbffb03ce2ca111e398642b2f1a6b3f3,8/29(土) 19:16
top-picks,毎日新聞,徳川慶喜家5代目 目指す家じまい,8/29(土) 19:03,https://news.yahoo.co.jp/pickup/6593539,https://news.yahoo.co.jp/articles/0890f6ff4d4c5f2e0cff5de0f44c4ed2b6aef501,8/29(土) 19:03
top-picks,読売新聞オンライン,観光客らバイク通行 吊り橋が危機,8/29(土) 18:56,https://news.yahoo.co.jp/pickup/6593543,https://news.yahoo.co.jp/articles/7223cbdf96bf81a40cc08014df91b7579971d219,8/29(土) 18:56
top-picks,Media info not found,津波想定34m 変化する町民の行動,34.4メートル。ビルの10階に届く高さの津波に襲われると想定されている町がある。高知県南西部、太平洋に面した黒潮町。2011年の東日本大震災の翌年、内閣府が公表した南海トラフ巨大地震の被害想定で、この町に示された数字は全国で最大だった。その4年後、神戸から一組の夫婦が移り住んでくる。夫の塩崎草太さん（41）は10歳のとき、阪神・淡路大震災を経験している。「なぜ地震があった町から、地震が来ると言われている町に引っ越さなきゃいけないの」。同じく神戸出身の妻・紗織さん（41）は、泣いて反対した。それでも一家は、0歳の娘を連れてこの町へ来た。100～150年の周期で繰り返されてきた南海トラフ地震。直近の昭和南海地震からはすでに80年が経ち、国は「切迫性が高まっている」としている。日本でいちばん厳しい数字を、この町はどう受け止めてきたのか。震災を経験した移住者は、なぜここで子育てをしているのか。,https://news.yahoo.co.jp/pickup/6593542,https://news.yahoo.co.jp/search?p=%23%E7%81%BD%E5%AE%B3%E3%81%AB%E5%82%99%E3%81%88%E3%82%8B&source=article-body,8/29(土) 18:49
top-picks,読売新聞オンライン,バイク通行 谷瀬の吊り橋が危機,8/29(土) 18:45,https://news.yahoo.co.jp/pickup/6593536,https://news.yahoo.co.jp/articles/7223cbdf96bf81a40cc08014df91b7579971d219,8/29(土) 18:45
top-picks,鹿児島ニュースＫＴＳ,海で流され不明の中高生3人 死亡,8/29(土) 18:34,https://news.yahoo.co.jp/pickup/6593541,,8/29(土) 18:34
top-picks,スポニチアネックス,伊達みきお休養 芸能界からエール,8/29(土) 18:08,https://news.yahoo.co.jp/pickup/6593535,https://news.yahoo.co.jp/articles/b1ed54eac61a7e5b25fab1176314546bee9dda9f,8/29(土) 18:08
top-picks,NBC長崎放送,緑色の丸 長崎にある「謎の標識」,8/29(土) 18:07,https://news.yahoo.co.jp/pickup/6593534,https://news.yahoo.co.jp/articles/09d6b187b73f35ea2db91102acc24ab6acbf8e45,8/29(土) 18:07
top-picks,共同通信,東武事故 中継見張り員は移動中か,8/29(土) 18:02,https://news.yahoo.co.jp/pickup/6593533,https://news.yahoo.co.jp/articles/c3b482e0b4c5b6c3c01d929d063fe5aa510c9f4e,8/29(土) 18:02
top-picks,Media info not found,揺れたら逃げる 津波想定34mの町,34.4メートル。ビルの10階に届く高さの津波に襲われると想定されている町がある。高知県南西部、太平洋に面した黒潮町。2011年の東日本大震災の翌年、内閣府が公表した南海トラフ巨大地震の被害想定で、この町に示された数字は全国で最大だった。その4年後、神戸から一組の夫婦が移り住んでくる。夫の塩崎草太さん（41）は10歳のとき、阪神・淡路大震災を経験している。「なぜ地震があった町から、地震が来ると言われている町に引っ越さなきゃいけないの」。同じく神戸出身の妻・紗織さん（41）は、泣いて反対した。それでも一家は、0歳の娘を連れてこの町へ来た。100～150年の周期で繰り返されてきた南海トラフ地震。直近の昭和南海地震からはすでに80年が経ち、国は「切迫性が高まっている」としている。日本でいちばん厳しい数字を、この町はどう受け止めてきたのか。震災を経験した移住者は、なぜここで子育てをしているのか。,https://news.yahoo.co.jp/pickup/6593524,https://news.yahoo.co.jp/search?p=%23%E7%81%BD%E5%AE%B3%E3%81%AB%E5%82%99%E3%81%88%E3%82%8B&source=article-body,8/29(土) 17:58
top-picks,CHANTO WEB,プロ入り後に脊髄損傷 数日後結婚,8/29(土) 17:55,https://news.yahoo.co.jp/pickup/6593531,https://news.yahoo.co.jp/articles/18f688a1a4cb2db3522b136dfde1897599e26108,8/29(土) 17:55
top-picks,スポニチアネックス,サンド伊達休養 芸能界からエール,8/29(土) 17:52,https://news.yahoo.co.jp/pickup/6593532,https://news.yahoo.co.jp/articles/b1ed54eac61a7e5b25fab1176314546bee9dda9f,8/29(土) 17:52
top-picks,日テレNEWS NNN,鹿児島の海岸 新たに1人死亡確認,8/29(土) 17:37,https://news.yahoo.co.jp/pickup/6593530,https://news.yahoo.co.jp/articles/c8cfe0453a7532b8650fc8622b457344aba0f646,8/29(土) 17:37
top-picks,BBC News,大規模土石流の映像 中国で流れず,8/29(土) 17:20,https://news.yahoo.co.jp/pickup/6593529,https://news.yahoo.co.jp/articles/4a43ae85c92463b9241f5dea2a76f038a48e26f5,8/29(土) 17:20
top-picks,読売新聞オンライン,母弟介護で片道8h 77歳「きつい」,8/29(土) 16:53,https://news.yahoo.co.jp/pickup/6593525,https://news.yahoo.co.jp/articles/ce2de9ca6f41c75b352dc02d2df3f9ab56f36c8d,8/29(土) 16:53
top-picks,スポーツ報知,麒麟・田村 久々に横に川島で緊張,8/29(土) 16:37,https://news.yahoo.co.jp/pickup/6593521,https://news.yahoo.co.jp/articles/388f1cd6ec4badd641d80eaf02fbb17e80aeed56,8/29(土) 16:37
top-picks,スポーツ報知,カラオケ女王 歌手・城南海が結婚,8/29(土) 16:32,https://news.yahoo.co.jp/pickup/6593523,https://news.yahoo.co.jp/articles/b472e79006dbeaf11d99bef56cefc5a364aa577f,8/29(土) 16:32
top-picks,TBS NEWS DIG Powered by JNN,睡眠導入剤を乱用 青い舌の少女,8/29(土) 16:22,https://news.yahoo.co.jp/pickup/6593522,https://news.yahoo.co.jp/articles/ee8b65b1e9ff273a22131e9c82242b1f512a289b,8/29(土) 16:22
top-picks,毎日新聞,南極海でアザラシ大量死の恐れ,8/29(土) 16:16,https://news.yahoo.co.jp/pickup/6593520,https://news.yahoo.co.jp/articles/b1787d546e30eb6b2b095a771451a0377b6c21ba,8/29(土) 16:16
top-picks,産経新聞,栗山引退グッズ転売 西武「残念」,8/29(土) 15:52,https://news.yahoo.co.jp/pickup/6593519,https://news.yahoo.co.jp/articles/3f2a35339200d51055040022dc03a88c8a624b68,8/29(土) 15:52
top-picks,読売新聞オンライン,四国内のツキノワグマ 繁殖裏付け,8/29(土) 15:41,https://news.yahoo.co.jp/pickup/6593514,,8/29(土) 15:41
top-picks,ふくしまNEWS　-KFBデジタル-,妹を遺棄疑い 死亡関与ほのめかす,8/29(土) 15:34,https://news.yahoo.co.jp/pickup/6593517,https://news.yahoo.co.jp/articles/827a941fa19621511ccb09102bf934603df41dce,8/29(土) 15:34
top-picks,tenki.jp,北陸29-31日も大雨恐れ 厳重警戒,8/29(土) 15:34,https://news.yahoo.co.jp/pickup/6593516,https://news.yahoo.co.jp/articles/ae9ae5313acbf65b481d6941e346f21ae0765d19,8/29(土) 15:34
top-picks,BBC News,スペインの飛び地 移民危機続く,8/29(土) 15:33,https://news.yahoo.co.jp/pickup/6593515,https://news.yahoo.co.jp/articles/97ea1bca4a54064115265dc84d764cbe3602614a,8/29(土) 15:33
top-picks,ENCOUNT,青木マッチョ 劇場で解散告げられ,8/29(土) 15:28,https://news.yahoo.co.jp/pickup/6593512,https://news.yahoo.co.jp/articles/00c65c7b63720563791b86603094e9fc5c9dbb37,8/29(土) 15:28
top-picks,読売新聞オンライン,避難3日目迎え疲労の色 石川富山,8/29(土) 15:15,https://news.yahoo.co.jp/pickup/6593510,https://news.yahoo.co.jp/articles/29d930bb22f4802ec553cdd4c657f6b651997440,8/29(土) 15:15
top-picks,ABEMA TIMES,病気と気づかず 社交不安症とは,8/29(土) 15:01,https://news.yahoo.co.jp/pickup/6593509,https://news.yahoo.co.jp/articles/3dfdfbd231e2fbf78ca9bde410127d034804c438,8/29(土) 15:01
top-picks,MBC南日本放送,海で流された中高生 2人が死亡,8/29(土) 14:53,https://news.yahoo.co.jp/pickup/6593511,https://news.yahoo.co.jp/articles/b4beff2dd4047a81eedd7e5695855e53b4d39e74,8/29(土) 14:53
top-picks,大分合同新聞,大河ドラマ巡り2市がNHKに文書,8/29(土) 14:10,https://news.yahoo.co.jp/pickup/6593506,https://news.yahoo.co.jp/articles/d587cd0c420eda343c32c67d5a81f0e44d44f32e,8/29(土) 14:10
top-picks,読売新聞オンライン,海で不明の中高生か 2人死亡確認,8/29(土) 13:58,https://news.yahoo.co.jp/pickup/6593507,https://news.yahoo.co.jp/articles/92744dad2d6ebeba770115edae09f9584724a151,8/29(土) 13:58
top-picks,デイリースポーツ,サンド伊達 ラジオにメッセージ,8/29(土) 13:50,https://news.yahoo.co.jp/pickup/6593508,https://news.yahoo.co.jp/articles/b4e52a1263b75f3d0c3a5274c87e20b12152b8b0,8/29(土) 13:50
top-picks,デイリースポーツ,サンド伊達 ラジオにメッセージ,8/29(土) 13:50,https://news.yahoo.co.jp/pickup/6593508,https://news.yahoo.co.jp/articles/b4e52a1263b75f3d0c3a5274c87e20b12152b8b0,8/29(土) 13:50
top-picks,読売新聞オンライン,高市首相が安野氏からAI指南 狙い,8/29(土) 13:49,https://news.yahoo.co.jp/pickup/6593503,https://news.yahoo.co.jp/articles/410554a3a9b58133dc9b208c1513488b44611e27,8/29(土) 13:49
top-picks,読売新聞オンライン,ネパール土石流 婚約者が不明で涙,8/29(土) 13:31,https://news.yahoo.co.jp/pickup/6593504,https://news.yahoo.co.jp/articles/b84549609c6ff355d151215eae7c9f0f1334a96d,8/29(土) 13:31
top-picks,日刊スポーツ,錦織圭を破った20歳 坂本怜とは,8/29(土) 13:13,https://news.yahoo.co.jp/pickup/6593501,https://news.yahoo.co.jp/articles/cfe960b8db90f71b61573c9a8f394d8f4e01e3df,8/29(土) 13:13
top-picks,共同通信,円が下落 介入効果4週間で陰り,8/29(土) 12:59,https://news.yahoo.co.jp/pickup/6593500,https://news.yahoo.co.jp/articles/7f305a57e83a1c57ca06911407c97cfda69f47a4,8/29(土) 12:59
top-picks,集英社オンライン,「皇居ラン」に苦情 区の担当者は,8/29(土) 12:37,https://news.yahoo.co.jp/pickup/6593494,https://news.yahoo.co.jp/articles/667c2d9d7f9a21c14e58a2a4d8cd00ee299eaf93,8/29(土) 12:37
top-picks,ＫＹＴ鹿児島読売テレビ,海で不明の中高生か 2人心肺停止,8/29(土) 12:31,https://news.yahoo.co.jp/pickup/6593499,https://news.yahoo.co.jp/articles/25bf190252781a7802386196343ec4afd9916006,8/29(土) 12:31
top-picks,ウェザーマップ,北陸など警報級大雨恐れ 災害警戒,8/29(土) 12:11,https://news.yahoo.co.jp/pickup/6593495,https://news.yahoo.co.jp/articles/faba7fb9e501bba15f2438fac6ee5bb7ad1e73e1,8/29(土) 12:11
top-picks,NEWSポストセブン,ビッグダディが離婚 結婚から54日,8/29(土) 12:05,https://news.yahoo.co.jp/pickup/6593496,https://news.yahoo.co.jp/articles/c4559ea51940478bf7824a8520815aa7190de619,8/29(土) 12:05
top-picks,TBS NEWS DIG Powered by JNN,長女が重体 傷害の疑いで両親逮捕,8/29(土) 12:05,https://news.yahoo.co.jp/pickup/6593493,https://news.yahoo.co.jp/articles/5b5aafcfcedefc045f2a1ade6d986d4f4cf13813,8/29(土) 12:05
top-picks,ITmedia ビジネスオンライン,プロテインの値上げ続く 需要拡大,8/29(土) 12:01,https://news.yahoo.co.jp/pickup/6593489,https://news.yahoo.co.jp/articles/c4aa188f00c70671035e2e42a033b4661503dc8f,8/29(土) 12:01
top-picks,NEWSポストセブン,ビッグダディ わずか54日で離婚,8/29(土) 11:56,https://news.yahoo.co.jp/pickup/6593491,https://news.yahoo.co.jp/articles/c4559ea51940478bf7824a8520815aa7190de619,8/29(土) 11:56
top-picks,読売新聞オンライン,中道改革連合 分裂の公算大きく,8/29(土) 11:54,https://news.yahoo.co.jp/pickup/6593492,https://news.yahoo.co.jp/articles/6dec694946309fb1a5d8fb9eab19ecc624f8c751,8/29(土) 11:54
top-picks,共同通信,邦人大学生の露派遣を再開 外務省,8/29(土) 11:35,https://news.yahoo.co.jp/pickup/6593488,https://news.yahoo.co.jp/articles/58674fc3489bd379498eccd5df97d3cbbbaa0dd8,8/29(土) 11:35
top-picks,朝日新聞,日野市立病院 半ば自転車操業続く,8/29(土) 11:32,https://news.yahoo.co.jp/pickup/6593490,https://news.yahoo.co.jp/articles/2b31528145ada16112d73d2ec1f9fc53b6e475d1,8/29(土) 11:32
top-picks,東洋経済オンライン,17年で社長が7人 百貨店消滅の街,8/29(土) 10:47,https://news.yahoo.co.jp/pickup/6593483,https://news.yahoo.co.jp/articles/5024773c6a20a2fce2fa76b6cac375ad93680eb5,8/29(土) 10:47
top-picks,スポーツ報知,星野真里 手術に挑んだ娘の言葉,8/29(土) 10:41,https://news.yahoo.co.jp/pickup/6593486,https://news.yahoo.co.jp/articles/5922bcf43f0397790db0b6bb4a21dfd7004b5341,8/29(土) 10:41
top-picks,Full-Count,岡本27号 球団新人記録また伸ばす,8/29(土) 10:33,https://news.yahoo.co.jp/pickup/6593487,https://news.yahoo.co.jp/articles/06e14a004a1d1f750c6f3ae9208abbb0b32fd688,8/29(土) 10:33
top-picks,Bloomberg,ネパール土石流 山に走った生存者,8/29(土) 10:27,https://news.yahoo.co.jp/pickup/6593485,https://news.yahoo.co.jp/articles/2bb390d3c932dd1aaaaaa499946d673cba2b0c8f,8/29(土) 10:27
top-picks,時事通信,イオン爆発 立件には高いハードル,8/29(土) 10:25,https://news.yahoo.co.jp/pickup/6593481,https://news.yahoo.co.jp/articles/225eeca6713d18c8488255468e1a3b787077755b,8/29(土) 10:25
top-picks,Full-Count,岡本和真が豪快弾 7試合ぶり27号,8/29(土) 10:21,https://news.yahoo.co.jp/pickup/6593482,https://news.yahoo.co.jp/articles/06e14a004a1d1f750c6f3ae9208abbb0b32fd688,8/29(土) 10:21
top-picks,ロイター,米 エジプト大手銀UAE支店に制裁,8/29(土) 9:57,https://news.yahoo.co.jp/pickup/6593480,https://news.yahoo.co.jp/articles/88772bc8323b174380d8296738e001628666d4f9,8/29(土) 9:57
top-picks,Bloomberg,ネパール土石流 生死を分けた15秒,8/29(土) 9:48,https://news.yahoo.co.jp/pickup/6593479,https://news.yahoo.co.jp/articles/2bb390d3c932dd1aaaaaa499946d673cba2b0c8f,8/29(土) 9:48
top-picks,朝日新聞,日野市立病院 市が1億円追加支援,8/29(土) 9:48,https://news.yahoo.co.jp/pickup/6593478,https://news.yahoo.co.jp/articles/2b31528145ada16112d73d2ec1f9fc53b6e475d1,8/29(土) 9:48
top-picks,TNCテレビ西日本,福岡県議に公認出せない 首相意向,8/29(土) 9:30,https://news.yahoo.co.jp/pickup/6593477,https://news.yahoo.co.jp/articles/1a1c209c6875eb1f722460eed89a9713d8da20c3,8/29(土) 9:30
top-picks,読売テレビ,従業員死亡 容疑者は支配的立場か,8/29(土) 9:11,https://news.yahoo.co.jp/pickup/6593476,https://news.yahoo.co.jp/articles/764b029f479537dd54029b36d6a29c109f2a25fa,8/29(土) 9:11
top-picks,tennis365.net,錦織圭 最後の四大大会で予選敗退,8/29(土) 9:09,https://news.yahoo.co.jp/pickup/6593475,https://news.yahoo.co.jp/articles/5724276f14bef953f75025efa648c12e26037724,8/29(土) 9:09
top-picks,オリコン,ポケモン新作アニメ 2027年配信,8/29(土) 8:57,https://news.yahoo.co.jp/pickup/6593474,https://news.yahoo.co.jp/articles/9abbadd3cebaf22f7d0d0ff2ce3c9a1bfcd7c59f,8/29(土) 8:57
top-picks,ＫＫＴ熊本県民テレビ,避難所行かない被災者 各々の事情,8/29(土) 8:39,https://news.yahoo.co.jp/pickup/6593473,https://news.yahoo.co.jp/articles/0b242041eb76c698d9bfb2b47121f2cc9f489222,8/29(土) 8:39
top-picks,スポーツ報知,読テレ・中谷しのぶアナ 妊娠報告,8/29(土) 8:29,https://news.yahoo.co.jp/pickup/6593472,https://news.yahoo.co.jp/articles/a0aca37ea3b4565bc7cb6d4835895537542cbdd0,8/29(土) 8:29
top-picks,サンケイスポーツ,G監督代行「異例」継投策を説明,8/29(土) 8:12,https://news.yahoo.co.jp/pickup/6593470,https://news.yahoo.co.jp/articles/e303b4c993728572230420f4f97913cc2b477a4e,8/29(土) 8:12
top-picks,FNNプライムオンライン（フジテレビ系）,石川・富山で大雨長引く恐れ 警戒,8/29(土) 8:07,https://news.yahoo.co.jp/pickup/6593469,https://news.yahoo.co.jp/articles/c539f20717fde0aad364d8cfc81c439f8aab46dc,8/29(土) 8:07
top-picks,読売新聞オンライン,ネパール土石流 行方不明2500人,8/29(土) 7:54,https://news.yahoo.co.jp/pickup/6593467,https://news.yahoo.co.jp/articles/332306cea4c1e3af549b806d62ccf45b9ec0da81,8/29(土) 7:54
top-picks,MBSニュース,近畿で30年以内にM6.8超 50～60%,8/29(土) 7:43,https://news.yahoo.co.jp/pickup/6593466,https://news.yahoo.co.jp/articles/1c7aa240a863fc0854279abf8810dc4b66ba7a2c,8/29(土) 7:43
top-picks,テレビ朝日系（ANN）,中高生3人流され不明 捜索続く,8/29(土) 7:40,https://news.yahoo.co.jp/pickup/6593468,https://news.yahoo.co.jp/articles/26321de98e326b5c9b94c26cfd5d32b475e0a4bd,8/29(土) 7:40
top-picks,スポニチアネックス,伊達みきお 過去に膀胱がん闘病,8/29(土) 7:29,https://news.yahoo.co.jp/pickup/6593465,https://news.yahoo.co.jp/articles/ea26b8eb6eda91ebb541292c67768121d903331b,8/29(土) 7:29
top-picks,TBS NEWS DIG Powered by JNN,赤ちゃんの遺体を遺棄疑い 女逮捕,8/29(土) 7:25,https://news.yahoo.co.jp/pickup/6593464,https://news.yahoo.co.jp/articles/b1a6ea8bf24916c5644fd8a2c3fbd2ae54caeeff,8/29(土) 7:25
top-picks,読売新聞オンライン,一時1ドル160円台 介入以降で初,8/29(土) 7:16,https://news.yahoo.co.jp/pickup/6593461,https://news.yahoo.co.jp/articles/02351a17d3e8aacc4692bd7bd0e65307183ae152,8/29(土) 7:16
top-picks,スポーツ報知,TBS・山形純菜アナ 結婚を発表,8/29(土) 7:16,https://news.yahoo.co.jp/pickup/6593462,https://news.yahoo.co.jp/articles/c64a8c05a7967c2662570afdfc60717419f8b056,8/29(土) 7:16
top-picks,ロイター,FRBによる9月利上げ観測高まる,8/29(土) 0:05,https://news.yahoo.co.jp/pickup/6593460,https://news.yahoo.co.jp/articles/b67d1d03763a430c6cb7ec857976b7b7d38be51c,8/29(土) 0:05
top-picks,日刊スポーツ,富澤たけし 伊達みきおの現状説明,8/28(金) 23:24,https://news.yahoo.co.jp/pickup/6593459,https://news.yahoo.co.jp/articles/ab8ca63c72a81938cbae7f549da19c47a25c4437,8/28(金) 23:24
top-picks,朝日新聞,ネパールで不明の邦人 小学生も,8/28(金) 22:59,https://news.yahoo.co.jp/pickup/6593457,https://news.yahoo.co.jp/articles/5e9f13345116ecc245cbdbcf9d13bbb950b40575,8/28(金) 22:59
top-picks,デイリースポーツ,日ハム・レイエス 異例の残留訴え,8/28(金) 22:52,https://news.yahoo.co.jp/pickup/6593458,https://news.yahoo.co.jp/articles/59a392523360034a1a25b22d745e33490e3e8dcb,8/28(金) 22:52
top-picks,PHILE WEB,ガンホーとSME 資本業務提携,8/28(金) 22:50,https://news.yahoo.co.jp/pickup/6593456,https://news.yahoo.co.jp/articles/a8b1ea1249e7f2dd61e759cf183e5131db6c5ff8,8/28(金) 22:50
top-picks,リアルサウンド,KingGnu井口 連ドラでレギュラー,8/28(金) 22:44,https://news.yahoo.co.jp/pickup/6593455,https://news.yahoo.co.jp/articles/4f071260ddc4f357a7bc0b6648df31f3eb660a76,8/28(金) 22:44
top-picks,スポニチアネックス,サンド伊達休養 各局対応追われる,8/28(金) 22:29,https://news.yahoo.co.jp/pickup/6593451,https://news.yahoo.co.jp/articles/bd9093fe3f08e0595f500b5ac01b7243f0dbef87,8/28(金) 22:29
top-picks,ロイター,姿見せないモジタバ師 深まる疑念,8/28(金) 22:27,https://news.yahoo.co.jp/pickup/6593454,https://news.yahoo.co.jp/articles/9e272d92d82aa802ea88ba34ffcef6dabedf2a91,8/28(金) 22:27
top-picks,FNNプライムオンライン（フジテレビ系）,飲酒事故で2児失う 耳残る泣き声,8/28(金) 22:17,https://news.yahoo.co.jp/pickup/6593450,https://news.yahoo.co.jp/articles/1599be39674be1ab25bca0aadc2e2d31b9cb0645,8/28(金) 22:17
top-picks,Media info not found,復帰の八村29点 日本バスケに融合,FIBAワールドカップアジア予選Window 4、日本は敵地でのサウジアラビア戦を106対78で快勝した。パリ五輪以来となるFIBA公式戦に復帰した八村塁は、豪快なワンハンドダンクや3本の3P成功を含む29点でチームを牽引。河村勇輝も9アシスト、0ターンオーバーと、ゲームメイクで勝利に大きく貢献した。ディフェンスには改善すべき部分を残した一方、八村という圧倒的な「個」の力を、日本が積み上げてきたチームバスケットの中にどう融合させるのか。その答えの一端は、106対78の快勝で見えたのではないか。,https://news.yahoo.co.jp/pickup/6593421,https://news.yahoo.co.jp/articles/7a5da39a09e1c20a6abd4102ca03e9fabfd79130,8/28(金) 22:17
top-picks,毎日新聞,熊本県 地震による水道の断水解消,8/28(金) 22:14,https://news.yahoo.co.jp/pickup/6593449,https://news.yahoo.co.jp/articles/3ea3822141484ab3f3b61d4266281ba154083281,8/28(金) 22:14
top-picks,デイリースポーツ,柔道元代表・増山 モンゴル国籍に,8/28(金) 22:07,https://news.yahoo.co.jp/pickup/6593452,https://news.yahoo.co.jp/articles/599d4fa417f09e43e057d9b19a6c59b33b1457dd,8/28(金) 22:07
top-picks,Media info not found,中国のヒト型ロボ 本当の脅威は,　寝転がったロボットが、反動をつけて跳ね起きる。中国のヒト型ロボット新興企業「宇樹科技（ユニツリー・ロボティクス）」が2025年3月に公開した「G1」の映像に、世界は驚いた。だが、起き上がったのはロボットだけではない。中国の製造業が、ヒューマノイドという次の市場で早くも立ち上がったのである。見るべきは跳躍の高さでも、走る速さでもない。本当の恐ろしさは、未完成品を即座に市場へ放ち、膨大な失敗から爆速で改良を重ねる開発姿勢だ。完成度を重んじる従来の常識を覆そうとしている。,https://news.yahoo.co.jp/pickup/6593448,https://news.web.nhk/newsweb/na/nd-20260827de46581,8/28(金) 21:48
top-picks,デイリースポーツ,柔道・増山香補 モンゴル国籍取得,8/28(金) 21:42,https://news.yahoo.co.jp/pickup/6593446,https://news.yahoo.co.jp/articles/599d4fa417f09e43e057d9b19a6c59b33b1457dd,8/28(金) 21:42
top-picks,スポーツ報知,楽天 パ優勝の可能性が完全に消滅,8/28(金) 21:39,https://news.yahoo.co.jp/pickup/6593447,https://news.yahoo.co.jp/articles/c9122b1ff83514228d0c09232065a8875f37af02,8/28(金) 21:39
top-picks,スポーツ報知,サンドウィッチマン伊達 活動休止,8/28(金) 21:28,https://news.yahoo.co.jp/pickup/6593445,https://news.yahoo.co.jp/articles/dd437c26cd696f1af574084320f9e1361b250c09,8/28(金) 21:28
top-picks,スポーツ報知,サンド伊達みきお 活動休止を発表,8/28(金) 21:17,https://news.yahoo.co.jp/pickup/6593443,https://news.yahoo.co.jp/articles/dd437c26cd696f1af574084320f9e1361b250c09,8/28(金) 21:17
top-picks,スポーツ報知,中日・高橋宏 8回にノーノー逃す,8/28(金) 20:59,https://news.yahoo.co.jp/pickup/6593442,https://news.yahoo.co.jp/articles/1671425c30a756798ca62fa8c503b654f6afb4dc,8/28(金) 20:59
top-picks,スポニチアネックス,福田沙紀と結婚 時任勇気とは,8/28(金) 20:46,https://news.yahoo.co.jp/pickup/6593441,https://news.yahoo.co.jp/articles/c04e8d1d0964220b6f715da782e96426b5df0ddd,8/28(金) 20:46
top-picks,TBS NEWS DIG Powered by JNN,1カ月の為替介入15兆円超 財務省,8/28(金) 20:42,https://news.yahoo.co.jp/pickup/6593438,https://news.yahoo.co.jp/articles/c6752bbb1db3ff7f8fdb1204200d427fa8dc6ada,8/28(金) 20:42
top-picks,ENCOUNT,原田龍二 謝罪会見した会場でイベ,8/28(金) 20:30,https://news.yahoo.co.jp/pickup/6593439,https://news.yahoo.co.jp/articles/ffc45e0d0a5afdcdade34e91eb889d69de1b9951,8/28(金) 20:30
top-picks,スポニチアネックス,福田沙紀と結婚 時任勇気父は三郎,8/28(金) 20:16,https://news.yahoo.co.jp/pickup/6593437,https://news.yahoo.co.jp/articles/c04e8d1d0964220b6f715da782e96426b5df0ddd,8/28(金) 20:16
top-picks,スポーツ報知,成島出監督が死去 役所広司が追悼,8/28(金) 19:47,https://news.yahoo.co.jp/pickup/6593436,https://news.yahoo.co.jp/articles/e3acb4a0eca65b9b8d44751d8d947a6c29d78686,8/28(金) 19:47
top-picks,ABCニュース,社員死亡 数年前から給与未払いか,8/28(金) 19:43,https://news.yahoo.co.jp/pickup/6593434,https://news.yahoo.co.jp/articles/8e2314ec0ac35351cf09548c2890a75d293b4d47,8/28(金) 19:43
top-picks,TBS NEWS DIG Powered by JNN,9月の電気ガス 全地域で値上がり,8/28(金) 19:35,https://news.yahoo.co.jp/pickup/6593433,https://news.yahoo.co.jp/articles/40b8d1e80f4c5e95ee815bd7b0c0e295fde0d301,8/28(金) 19:35
top-picks,デイリースポーツ,竹内智香さん エイブルの社外取に,8/28(金) 19:31,https://news.yahoo.co.jp/pickup/6593432,https://news.yahoo.co.jp/articles/e2a3921934987c3ef8df9fcd4f2d2984f29fedd1,8/28(金) 19:31
top-picks,関西テレビ,大阪知事 USJ拡張意向聞いていた,8/28(金) 18:59,https://news.yahoo.co.jp/pickup/6593431,https://news.yahoo.co.jp/articles/c0f8d3c7a409ef82ddb1bcbe3f5ed2c2fc20719b,8/28(金) 18:59
top-picks,産経新聞,ラヴ上等コラボが中止 法相が言及,8/28(金) 18:52,https://news.yahoo.co.jp/pickup/6593430,https://news.yahoo.co.jp/articles/14bbcd11bbd52000d1ab28a337639670acdc9d2f,8/28(金) 18:52
top-picks,MBC南日本放送,中高生流され3人行方不明 鹿児島,8/28(金) 18:25,https://news.yahoo.co.jp/pickup/6593429,https://news.yahoo.co.jp/articles/9bf285a27901cc7d2ca22f6405c795b0331cdf3e,8/28(金) 18:25
top-picks,オリコン,俳優の福田沙紀 結婚を発表,8/28(金) 18:24,https://news.yahoo.co.jp/pickup/6593427,https://news.yahoo.co.jp/articles/a8f319be728c00d24f131928b8ac3cfc46f8622f,8/28(金) 18:24
top-picks,関西テレビ,小学校でひき逃げか 児童の父憤り,8/28(金) 18:18,https://news.yahoo.co.jp/pickup/6593426,https://news.yahoo.co.jp/articles/7d9fd42e1d77022b422693c3f05af0a24191a2e2,8/28(金) 18:18
top-picks,tenki.jp,北陸や東北で警報級大雨恐れ 警戒,8/28(金) 18:17,https://news.yahoo.co.jp/pickup/6593425,https://news.yahoo.co.jp/articles/a4d9165a0e02fab841e283f8de2389233bbb370e,8/28(金) 18:17
top-picks,朝日新聞,社員逮捕 竹中工務店の副社長謝罪,8/28(金) 18:09,https://news.yahoo.co.jp/pickup/6593423,https://news.yahoo.co.jp/articles/0ffacd517ae681241b24800ce28a364bb201c557,8/28(金) 18:09
top-picks,TBS NEWS DIG Powered by JNN,イエローハット180万人分漏えいか,8/28(金) 18:08,https://news.yahoo.co.jp/pickup/6593422,https://news.yahoo.co.jp/articles/c8a31d9acab095ae13742534cafdc693072359c9,8/28(金) 18:08
top-picks,TBS NEWS DIG Powered by JNN,祭りで集団食中毒か 76人体調不良,8/28(金) 17:54,https://news.yahoo.co.jp/pickup/6593419,https://news.yahoo.co.jp/articles/a4a5f7aceebeca9fe18a6520e13d234adb9d5ed3,8/28(金) 17:54
top-picks,日刊スポーツ,井澤健さん死去 ドリフの元マネ,8/28(金) 17:50,https://news.yahoo.co.jp/pickup/6593417,https://news.yahoo.co.jp/articles/7eb16bec93ad38b9ac4f7c3c702e228e20fb3bb4,8/28(金) 17:50
top-picks,時事通信,今年の上半期出生数 11年ぶり増,8/28(金) 17:39,https://news.yahoo.co.jp/pickup/6593414,https://news.yahoo.co.jp/articles/63e5e265d6f3374e6c4fc6b5e403ca1e8634fb59,8/28(金) 17:39
top-picks,共同通信,Anthropic 機器とAI接続規格開発,8/28(金) 17:39,https://news.yahoo.co.jp/pickup/6593415,https://news.yahoo.co.jp/articles/04807df85975846361a9d4bc1662c0b617c30dd4,8/28(金) 17:39
top-picks,共同通信,警官の装着カメラ 全国で導入方針,8/28(金) 17:37,https://news.yahoo.co.jp/pickup/6593412,https://news.yahoo.co.jp/articles/4d7f7ca47c3b84290efe916931c1d5cc8530ee01,8/28(金) 17:37
top-picks,サンケイスポーツ,「八日目の蝉」成島出監督が死去,8/28(金) 17:30,https://news.yahoo.co.jp/pickup/6593418,https://news.yahoo.co.jp/articles/2093b6391fddb3e7db8f468c74524e49f3c27a05,8/28(金) 17:30
top-picks,読売新聞オンライン,市岡元気 家庭苦しくても夢諦めず,8/28(金) 17:27,https://news.yahoo.co.jp/pickup/6593416,https://news.yahoo.co.jp/articles/e6f6ba03c3f32277f6514b3df7379d5fbfc221a3,8/28(金) 17:27
top-picks,FNNプライムオンライン（フジテレビ系）,横浜市長が辞職表明 市政混乱陳謝,8/28(金) 16:57,https://news.yahoo.co.jp/pickup/6593410,https://news.yahoo.co.jp/articles/08650a09772f316f0d45b30cb0a502a5cd7c24f0,8/28(金) 16:57
top-picks,サンケイスポーツ,亀田和毅の世界戦 ラスベガス開催,8/28(金) 16:51,https://news.yahoo.co.jp/pickup/6593411,https://news.yahoo.co.jp/articles/d8470ab1adfa76a741e120b07cfc514618c2a471,8/28(金) 16:51
top-picks,Yahoo!ニュース オリジナル 特集オリジナル,交通費で200万円 実家じまいの今,8/28(金) 16:47,https://news.yahoo.co.jp/pickup/6593403,https://news.yahoo.co.jp/articles/8d09dd5b88b1936c82c6968bf9ff5b0ffb9088f4,8/28(金) 16:47
top-picks,読売新聞オンライン,67台絡んだ事故 26人を書類送検,8/28(金) 16:44,https://news.yahoo.co.jp/pickup/6593408,https://news.yahoo.co.jp/articles/4e4aa3af5f1908e62911b9b380a7eab72cbd90a8,8/28(金) 16:44
top-picks,サンケイスポーツ,亀田和毅 ラスベガスで世界戦,8/28(金) 16:35,https://news.yahoo.co.jp/pickup/6593407,https://news.yahoo.co.jp/articles/d8470ab1adfa76a741e120b07cfc514618c2a471,8/28(金) 16:35
top-picks,朝日新聞,核燃料貯蔵施設 福井県知事が了解,8/28(金) 16:32,https://news.yahoo.co.jp/pickup/6593406,https://news.yahoo.co.jp/articles/76cd6664d037829588c4d8e18ca0ed2dc5649044,8/28(金) 16:32
top-picks,ＡＦＰ＝時事,ノルウェー国王 ハラルド5世死去,8/28(金) 16:24,https://news.yahoo.co.jp/pickup/6593405,https://news.yahoo.co.jp/articles/7b5dbf85daf6d318bbc1795887ba9ca1a2b953fa,8/28(金) 16:24
top-picks,ABEMA TIMES,「NISA貧乏」極限の投資生活 実態,8/28(金) 16:22,https://news.yahoo.co.jp/pickup/6593404,https://news.yahoo.co.jp/articles/a93b8aab64df775ee38ee40939609ac0464fa636,8/28(金) 16:22
top-picks,ロイター,壱番屋 7%の深夜料金9月から導入,8/28(金) 15:54,https://news.yahoo.co.jp/pickup/6593401,,8/28(金) 15:54
top-picks,CNN.co.jp,ネパール洪水 国境検問施設が消失,8/28(金) 15:41,https://news.yahoo.co.jp/pickup/6593400,https://news.yahoo.co.jp/articles/672828eefca762cb1d62207bcccb648fb4ea9cfc,8/28(金) 15:41
top-picks,読売新聞オンライン,名誉都民候補にタモリら3人 発表,8/28(金) 15:40,https://news.yahoo.co.jp/pickup/6593402,https://news.yahoo.co.jp/articles/8f53b9fbd9e1f0be20f0feeb5d91bfa8554c2d77,8/28(金) 15:40
top-picks,毎日新聞,モームリ前社長と妻に有罪判決,8/28(金) 14:34,https://news.yahoo.co.jp/pickup/6593398,https://news.yahoo.co.jp/articles/4d94caba3ed12e0112d940a430fc25ba58354b8f,8/28(金) 14:34
top-picks,FNNプライムオンライン（フジテレビ系）,インフルが全国で流行入り 厚労省,8/28(金) 14:27,https://news.yahoo.co.jp/pickup/6593399,https://news.yahoo.co.jp/articles/af1e23dd952d8e55d073e8bf3270c42a11c026f6,8/28(金) 14:27
top-picks,ＡＦＰ＝時事,米大統領 太平洋の名称変更を示唆,8/28(金) 14:06,https://news.yahoo.co.jp/pickup/6593396,https://news.yahoo.co.jp/articles/6c2cc346b98f48095e2640e35b34269890c6a236,8/28(金) 14:06
top-picks,FNNプライムオンライン（フジテレビ系）,イオン爆発の遺族 寂しさや悔しさ,8/28(金) 14:06,https://news.yahoo.co.jp/pickup/6593397,https://news.yahoo.co.jp/articles/4b6523801ad739885aecc83c337e8cfe68519db0,8/28(金) 14:06
top-picks,朝日新聞,警察庁 外事情報部を局に格上げへ,8/28(金) 14:01,https://news.yahoo.co.jp/pickup/6593395,https://news.yahoo.co.jp/articles/acdfd1582b75e61d4fe12004e366e72e8fd3249f,8/28(金) 14:01
top-picks,Media info not found,ダイヤモンド紙版終了へ 戦略は,書店やコンビニ販売される雑誌から定期購読誌に移行していた「週刊ダイヤモンド」が紙版の発行をやめ、デジタル雑誌への完全移行を発表した。,https://news.yahoo.co.jp/pickup/6593384,https://news.yahoo.co.jp/articles/ec1168e995344c436c2bae25d516eaf1382aac5f,8/28(金) 13:44
top-picks,Media info not found,ゲイツ氏のAI巡る提言 実効性は,マイクロソフトの創業者であるビル・ゲイツ氏が、AI・ロボットへの課税や人間専用業務の確保、さらには原子力やオゾン層保護の枠組みをモデルとした国際機関の創設を提言しました。AI含め技術に対して楽観派とされてきた同氏の姿勢の変化は、業界内で危機感が広がっていることを映し出しています。ただし地政学的・経済的な競争が続く限り、一国だけの課税や規制は資本や人材の流出を招くだけに終わる可能性もあり、実効性ある国際協調の枠組みをどう築くかが今後の焦点となります。,https://news.yahoo.co.jp/pickup/6593385,https://www.nikkei.com/article/DGXZQOGN26BW20W6A820C2000000/,8/28(金) 13:43
top-picks,読売新聞オンライン,USJ 大規模に拡張する方向で調整,8/28(金) 13:30,https://news.yahoo.co.jp/pickup/6593393,https://news.yahoo.co.jp/articles/0220dcbcba7ad9cb4370eb4ac414b3a79e7a87c4,8/28(金) 13:30
top-picks,朝日新聞,ラグビーリーグワン 選手側と和解,8/28(金) 13:23,https://news.yahoo.co.jp/pickup/6593392,https://news.yahoo.co.jp/articles/6c78e48046037ade1740141d6b372371adce35e5,8/28(金) 13:23
top-picks,日テレNEWS NNN,横浜市長 辞職の意向を表明,8/28(金) 13:03,https://news.yahoo.co.jp/pickup/6593391,https://news.yahoo.co.jp/articles/8faff08282ede8b7b8df227e6e32bbc841348218,8/28(金) 13:03
top-picks,CNN.co.jp,氷河にバックパック 63年ぶり再会,8/28(金) 12:56,https://news.yahoo.co.jp/pickup/6593390,https://news.yahoo.co.jp/articles/c542dd927ad50f72cafd5cf4df83a940cc5b6a83,8/28(金) 12:56
top-picks,tenki.jp,北陸や北海道 午後も激しい雨恐れ,8/28(金) 12:41,https://news.yahoo.co.jp/pickup/6593389,https://news.yahoo.co.jp/articles/03503b17e9e27f18174a0f6853434c4ef3ff1005,8/28(金) 12:41
top-picks,Media info not found,購入済みゲームの維持 各社対応は,ここ数年、特定のゲームハード向けデジタルストアの閉鎖が相次ぎ、購入済みゲームのライブラリを維持し続ける難しさが浮き彫りとなっています。2023年3月には3DSとWii U向けニンテンドーeショップが終了し、PS3/PS Vita向けPS Storeも来年7月にサービスを終了する予定です。,https://news.yahoo.co.jp/pickup/6593388,https://www.4gamer.net/games/990/G999028/20260827008/?utm_source=perplexity,8/28(金) 12:35
top-picks,FNNプライムオンライン（フジテレビ系）,ネパールで不明日本人ら 名簿公表,8/28(金) 12:19,https://news.yahoo.co.jp/pickup/6593387,https://news.yahoo.co.jp/articles/18d3d64433295bcf1be6656a9e3f42513dd56b68,8/28(金) 12:19
top-picks,共同通信,「東北の麻薬王」に拘禁刑7年6月,8/28(金) 12:14,https://news.yahoo.co.jp/pickup/6593386,https://news.yahoo.co.jp/articles/1a64d67a699d8ac8e2d5bc9cc2fd18520acd20ea,8/28(金) 12:14
top-picks,テレビ朝日系（ANN）,ネパール せき止め湖が決壊の危険,8/28(金) 12:00,https://news.yahoo.co.jp/pickup/6593381,https://news.yahoo.co.jp/articles/028d0d9387659dde8c2914ef89503a2d183af3b0,8/28(金) 12:00
top-picks,TBS NEWS DIG Powered by JNN,全国の待機児童2435人 9年ぶり増,8/28(金) 11:46,https://news.yahoo.co.jp/pickup/6593379,https://news.yahoo.co.jp/articles/892eada53a45cfb5b1da973b531759391df6e36d,8/28(金) 11:46
top-picks,,盟友悲劇きっかけ 蝶野が社会貢献,8/28(金) 11:44,https://news.yahoo.co.jp/pickup/6593378,,8/28(金) 11:44
top-picks,ABCニュース,小学校敷地内でひき逃げ疑い 逮捕,8/28(金) 11:42,https://news.yahoo.co.jp/pickup/6593377,https://news.yahoo.co.jp/articles/043c4181c53cf21ec059a087ff99585df83357a3,8/28(金) 11:42
top-picks,共同通信,うつ病で2年半こもる 回復後の道,8/28(金) 11:42,https://news.yahoo.co.jp/pickup/6593380,https://news.yahoo.co.jp/articles/265fa6f071fb45bfbea6f7e4bf4dd59375f73e44,8/28(金) 11:42
top-picks,共同通信,39歳で突然うつ病 回復後の働く道,8/28(金) 11:27,https://news.yahoo.co.jp/pickup/6593373,https://news.yahoo.co.jp/articles/265fa6f071fb45bfbea6f7e4bf4dd59375f73e44,8/28(金) 11:27
top-picks,朝日新聞,ムラジッチ受刑者が死亡 国連発表,8/28(金) 11:24,https://news.yahoo.co.jp/pickup/6593374,https://news.yahoo.co.jp/articles/8f806abe1c62b2a637f88a227df4a0b1eae188ef,8/28(金) 11:24
top-picks,TBS NEWS DIG Powered by JNN,ド軍3連敗 由伸は初回の1発に泣く,8/28(金) 10:56,https://news.yahoo.co.jp/pickup/6593372,https://news.yahoo.co.jp/articles/0b339af96dac416420e3fe876a7c28846e49e7c0,8/28(金) 10:56
top-picks,スポニチアネックス,VIVANT 異例の毎週「新情報」,8/28(金) 10:17,https://news.yahoo.co.jp/pickup/6593370,https://news.yahoo.co.jp/articles/4d44ccdfd8398dd10bff4b2d55552f0f91b3cfce,8/28(金) 10:17
top-picks,ENCOUNT,寝台特急シャワー券転売 異例警告,8/28(金) 10:16,https://news.yahoo.co.jp/pickup/6593369,https://news.yahoo.co.jp/articles/85d542139ee6d547fe71f6d03e1082885fd6e2a5,8/28(金) 10:16
top-picks,ITmedia ビジネスオンライン,AI使う松浦勝人氏のnote なぜ評価,8/28(金) 9:54,https://news.yahoo.co.jp/pickup/6593363,https://news.yahoo.co.jp/articles/97ac2a09c30446ace4307002f22836a760b2d9e7,8/28(金) 9:54
top-picks,RCC中国放送,小1女児を保護 小6コンビの機転,8/28(金) 9:47,https://news.yahoo.co.jp/pickup/6593366,https://news.yahoo.co.jp/articles/8e0fe57387287b3f1c8212776c050b92f65347ab,8/28(金) 9:47
top-picks,読売新聞オンライン,首相 成長と財政規律の両立目指す,8/28(金) 9:42,https://news.yahoo.co.jp/pickup/6593365,https://news.yahoo.co.jp/articles/c943a3c71949b6b883ae99b40b39a09461a9d437,8/28(金) 9:42
top-picks,ミヤギテレビ,男性2人が車にはねられ1人重体,8/28(金) 9:41,https://news.yahoo.co.jp/pickup/6593367,https://news.yahoo.co.jp/articles/7fc76c6b57718f0046d471ecdbb76e6e72488fc5,8/28(金) 9:41
top-picks,スポーツ報知,由伸 まさかの先頭打者に初球被弾,8/28(金) 9:08,https://news.yahoo.co.jp/pickup/6593359,https://news.yahoo.co.jp/articles/7bf8064a3b690994521f37132893c30d1347ba35,8/28(金) 9:08
top-picks,朝日新聞,ムラジッチ受刑者が死亡 集団殺害,8/28(金) 9:05,https://news.yahoo.co.jp/pickup/6593358,https://news.yahoo.co.jp/articles/8f806abe1c62b2a637f88a227df4a0b1eae188ef,8/28(金) 9:05
top-picks,時事通信,草間彌生さん死去 自身救った芸術,8/28(金) 8:43,https://news.yahoo.co.jp/pickup/6593357,https://news.yahoo.co.jp/articles/9b30d7a06f4d0841dc81a4b09db8e0d96d899684,8/28(金) 8:43
top-picks,関西テレビ,なぜ「定年廃止」 変わる人事制度,8/28(金) 8:37,https://news.yahoo.co.jp/pickup/6593356,https://news.yahoo.co.jp/articles/0b504433e5ba6dcf6e87aa0c5425ec02cc42b472,8/28(金) 8:37
top-picks,毎日新聞,公明も中道への合流見送り視野に,8/28(金) 8:00,https://news.yahoo.co.jp/pickup/6593355,https://news.yahoo.co.jp/articles/85e392378426dacdf894951637e3e7f471ddf953,8/28(金) 8:00
top-picks,FNNプライムオンライン（フジテレビ系）,イラン攻撃半年 収束の道筋見えず,8/28(金) 7:54,https://news.yahoo.co.jp/pickup/6593354,https://news.yahoo.co.jp/articles/f8a7aa3bd2fb933f078a00f38fa6a7f57807c966,8/28(金) 7:54
top-picks,tenki.jp,きょう北海道～東海で大雨警戒,8/28(金) 7:48,https://news.yahoo.co.jp/pickup/6593353,https://news.yahoo.co.jp/articles/c269c3017146dd9aa5f598f522b8297cdc102208,8/28(金) 7:48
top-picks,オリコン,映画まどマギ 3度の延期経て公開,8/28(金) 7:47,https://news.yahoo.co.jp/pickup/6593352,https://news.yahoo.co.jp/articles/3b6ba544a0eae05beb53a0e04f8b869bf81f0dd8,8/28(金) 7:47
top-picks,毎日新聞,熊本地震1カ月 今も約2500人避難,8/28(金) 7:35,https://news.yahoo.co.jp/pickup/6593351,https://news.yahoo.co.jp/articles/e2037660a1772c402d69ab5064d0fe02cd3f651f,8/28(金) 7:35
top-picks,スポニチアネックス,BC埼玉の清田育宏監督 活動自粛,8/28(金) 7:31,https://news.yahoo.co.jp/pickup/6593350,https://news.yahoo.co.jp/articles/405071d9242603e3070945f435f819fae939eb7c,8/28(金) 7:31
top-picks,スポニチアネックス,八村が29得点大暴れ サウジに圧勝,8/28(金) 7:29,https://news.yahoo.co.jp/pickup/6593349,https://news.yahoo.co.jp/articles/773061c8b95363d3f750706619715949f17fef1b,8/28(金) 7:29
top-picks,日刊スポーツ,「相棒」シーズン25が10月開始,8/28(金) 6:40,https://news.yahoo.co.jp/pickup/6593347,https://news.yahoo.co.jp/articles/ebde3f44e571265886b7d475e9cdbf24ad18bfd7,8/28(金) 6:40
top-picks,日テレNEWS NNN,北海道釧路地方で線状降水帯発生,8/28(金) 6:27,https://news.yahoo.co.jp/pickup/6593346,,8/28(金) 6:27
top-picks,MBSニュース,部下に暴行し死なせた疑い 男逮捕,8/28(金) 6:16,https://news.yahoo.co.jp/pickup/6593345,https://news.yahoo.co.jp/articles/b0c4f6836c3dde6f5b08dece831ec86372f806f4,8/28(金) 6:16
top-picks,毎日新聞,パワハラ認定の横浜市長 辞職へ,8/28(金) 6:07,https://news.yahoo.co.jp/pickup/6593344,https://news.yahoo.co.jp/articles/17a5943f60c22a529a24b3033daf91945948ea55,8/28(金) 6:07
